just	302.0
J.	126.3
John	109.8
Journal	68.24
job	62.06
J	59.99
Jesus	49.69
James	46.83
justice	44.86
June	42.19
July	38.73
January	34.49
Jewish	31.80
Japanese	30.95
Japan	30.04
judge	27.99
joint	26.91
judgment	24.55
Jews	23.83
Jack	22.11
Johnson	20.96
Joseph	20.26
joined	19.87
jobs	19.51
join	19.22
journey	18.87
joy	16.78
Jones	16.44
Joe	13.65
Jean	13.22
Jim	12.90
judicial	12.38
Jackson	12.33
jurisdiction	12.06
Jane	11.11
Jerusalem	10.93
Jr.	10.54
judges	10.53
jury	10.50
justified	8.537
Java	7.852
justify	7.804
jump	7.801
Jersey	7.424
Jacob	7.275
justification	7.260
jumped	7.056
Jefferson	6.935
Jordan	6.823
junior	6.588
judgments	6.287
juice	6.269
journals	6.129
Jonathan	6.071
Juan	6.062
Jan	6.047
jacket	5.952
jail	5.945
joining	5.760
judged	5.612
juvenile	5.471
Jimmy	5.354
joints	5.271
jazz	5.254
joke	5.107
Jew	5.027
Jerry	4.997
jet	4.848
Joan	4.829
journalists	4.796
junction	4.764
Judaism	4.740
Jose	4.726
Jake	4.720
Johnny	4.719
Jacques	4.617
Julia	4.526
judgement	4.526
Jason	4.348
Jay	4.135
je	4.047
Jeff	4.035
Jan.	4.030
journalist	3.946
jaw	3.885
journalism	3.798
Joyce	3.662
jungle	3.635
judging	3.584
Julie	3.525
Joshua	3.494
Jo	3.473
Janet	3.469
Jennifer	3.460
Judith	3.425
jumping	3.311
Johns	3.270
jealous	3.253
Jenny	3.246
Julian	3.209
jeans	3.193
jar	3.144
ja	3.135
Jeffrey	3.077
jealousy	3.049
JR	2.948
Johnston	2.935
jointly	2.933
jokes	2.854
judiciary	2.803
Jesse	2.759
Jamaica	2.721
Jeremy	2.700
Joel	2.676
Josh	2.657
jewelry	2.643
Julius	2.638
Jon	2.617
Jupiter	2.599
Jerome	2.562
Jung	2.540
Judy	2.482
Justin	2.455
jurisdictions	2.426
Jackie	2.426
justices	2.368
Jenkins	2.348
Jessica	2.332
Jeremiah	2.246
joins	2.200
Jamie	2.187
Jill	2.166
Judah	2.155
JM	2.090
Jacobs	2.056
jam	2.054
jewels	2.005
Johann	1.982
junk	1.966
journeys	1.940
J.M.	1.837
jurisprudence	1.806
jaws	1.775
justly	1.772
Jensen	1.750
jewel	1.744
jurors	1.741
judgements	1.704
Jesuit	1.704
jerked	1.701
JL	1.656
JC	1.582
Jessie	1.571
jumps	1.567
joys	1.565
joyful	1.525
Johannes	1.521
jars	1.514
Jeanne	1.501
jihad	1.480
JP	1.477
jeep	1.467
Jehovah	1.450
Jesuits	1.448
jolly	1.417
J.A.	1.414
ji	1.412
Jun	1.405
Juliet	1.403
jade	1.401
Jennings	1.397
jerk	1.391
Joey	1.387
JJ	1.383
JavaScript	1.370
Jules	1.363
J.C.	1.354
jelly	1.351
justifying	1.341
joyous	1.332
Johannesburg	1.325
Judas	1.312
Joanna	1.297
jets	1.292
J.D.	1.264
JS	1.261
Josephine	1.259
JD	1.258
Jorge	1.255
joking	1.252
Jasper	1.251
juncture	1.241
jargon	1.234
justifies	1.232
Jonah	1.226
Janice	1.213
Josephus	1.201
jackets	1.190
Jonas	1.182
J.R.	1.182
Jameson	1.169
jest	1.166
juices	1.153
Jiang	1.153
J.L.	1.145
JAMA	1.133
Josef	1.120
juveniles	1.117
Jakarta	1.113
justifiable	1.113
Jude	1.109
Jin	1.085
Janeiro	1.082
jeopardy	1.059
jammed	1.054
Jacqueline	1.020
Josiah	1.018
journalistic	1.013
judicious	1.011
jubilee	1.000
Jess	0.9973
juries	0.9954
JH	0.9938
Jossey	0.9915
Jacobson	0.9911
Jul	0.9893
junctions	0.9862
juxtaposition	0.9821
Jared	0.9790
José	0.9785
jagged	0.9752
jug	0.9722
Joanne	0.9624
jasmine	0.9617
J.P.	0.9350
J.S.	0.9230
JSP	0.9183
J.E.	0.9134
Jain	0.9118
JB	0.9006
J.H.	0.8992
J.B.	0.8962
Jn	0.8948
J.J.	0.8945
J.W.	0.8943
justifications	0.8926
Joachim	0.8892
JF	0.8884
joked	0.8845
jurisdictional	0.8683
JT	0.8576
Jewry	0.8483
JW	0.8470
Jamaican	0.8349
jewellery	0.8287
juridical	0.8213
Jen	0.8085
Josie	0.7846
Jennie	0.7828
jaundice	0.7804
Jonson	0.7783
Jong	0.7527
Jenna	0.7412
jour	0.7403
jurists	0.7324
Julio	0.7280
JG	0.7041
ju	0.6825
jogging	0.6776
JPEG	0.6748
Judd	0.6741
jus	0.6723
jaguar	0.6652
Jarvis	0.6602
juror	0.6576
junta	0.6546
J.F.	0.6482
jeopardize	0.6466
Johan	0.6437
Jericho	0.6387
juicy	0.6357
jugular	0.6333
Jakob	0.6332
Javanese	0.6204
juniper	0.6166
Joaquin	0.6138
Jammu	0.6098
jails	0.6066
jailed	0.6054
jolt	0.6028
J.G.	0.5991
journeyed	0.5984
Judea	0.5980
JFK	0.5951
juxtaposed	0.5892
jockey	0.5879
jock	0.5837
Julien	0.5773
joyfully	0.5720
Jurassic	0.5703
Justinian	0.5679
judgmental	0.5662
Jed	0.5659
Jacksonville	0.5621
jacks	0.5584
J.T.	0.5532
Jena	0.5417
Jove	0.5343
Jamal	0.5323
Jordanian	0.5260
jumper	0.5190
Jaime	0.5184
Johnnie	0.5168
jig	0.5079
jot	0.5073
Jinnah	0.5069
Jai	0.5021
jerking	0.4987
jog	0.4980
Juana	0.4972
JK	0.4931
Jansen	0.4896
Jamestown	0.4880
Janie	0.4837
Jimmie	0.4784
Jody	0.4760
Justine	0.4757
Johanna	0.4747
justifiably	0.4741
Juno	0.4710
jungles	0.4689
jumble	0.4673
Janis	0.4648
Javier	0.4603
Johnstone	0.4548
juggling	0.4499
jumbo	0.4496
Juarez	0.4489
Jer	0.4459
Judeo	0.4417
J2EE	0.4412
jure	0.4389
jurist	0.4377
Juanita	0.4347
jams	0.4321
jitter	0.4316
Joshi	0.4279
JV	0.4256
J.K.	0.4216
jigsaw	0.4211
jarring	0.4197
juniors	0.4150
Janus	0.4146
Jeanette	0.4124
jing	0.4070
Jacobsen	0.4064
Jacobi	0.4061
jokingly	0.4044
Jimenez	0.4040
jolted	0.4024
jovial	0.3997
jutting	0.3989
Jaffe	0.3988
JDBC	0.3974
JIT	0.3915
Jahrhundert	0.3912
judiciously	0.3886
Jana	0.3862
Jahre	0.3858
janitor	0.3843
Jocelyn	0.3816
jute	0.3799
Jawaharlal	0.3792
jerky	0.3785
jamming	0.3784
jerks	0.3737
Jacobite	0.3723
Jiirgen	0.3723
Judson	0.3711
Juliette	0.3700
jetty	0.3687
Joao	0.3645
Jeffery	0.3633
Johansson	0.3599
Juliana	0.3568
Jewishness	0.3559
Jap	0.3438
jealously	0.3423
Jeannie	0.3414
Jeb	0.3406
journeying	0.3400
Jamieson	0.3399
jeopardized	0.3394
Johannine	0.3394
Jaipur	0.3374
jugs	0.3334
Jovanovich	0.3331
jingle	0.3313
jubilant	0.3311
Jamison	0.3309
Jorgensen	0.3277
Jacoby	0.3275
j'ai	0.3255
Jurgen	0.3248
jackal	0.3175
Jahrhunderts	0.3173
Janine	0.3171
Jekyll	0.3169
judicially	0.3167
Jaffa	0.3158
Jillian	0.3151
jogged	0.3129
jumbled	0.3128
joists	0.3116
jaded	0.3114
jealousies	0.3110
Jungian	0.3089
jointed	0.3040
Jayne	0.3036
J.N.	0.3021
Japs	0.3018
Jaina	0.2992
Jos	0.2984
Jem	0.2957
Jaeger	0.2957
Jardine	0.2942
Jahrbuch	0.2912
Jens	0.2908
Janssen	0.2897
jailer	0.2865
Janey	0.2833
jester	0.2830
Junius	0.2820
Jacobin	0.2819
jamais	0.2813
jab	0.2809
jukebox	0.2802
jostling	0.2782
Jeffries	0.2755
joker	0.2747
Jervis	0.2729
Judaic	0.2728
jabbed	0.2715
Johansen	0.2713
jumpers	0.2709
joyously	0.2700
Jolla	0.2687
jeune	0.2668
juris	0.2650
Jacobean	0.2638
jotted	0.2638
Juvenal	0.2634
Jewett	0.2628
jarred	0.2616
Jainism	0.2616
Jaspers	0.2611
Jacinto	0.2602
Jaya	0.2599
Jacobins	0.2592
jellyfish	0.2581
Jarrett	0.2565
Janata	0.2564
jostled	0.2560
Jewell	0.2549
Jezebel	0.2503
Josephson	0.2503
Jpn	0.2501
Jeannette	0.2500
Jacopo	0.2488
Jethro	0.2488
Jesu	0.2485
Jemima	0.2482
Justus	0.2465
jours	0.2463
juggle	0.2455
junctional	0.2454
Jardin	0.2439
Jia	0.2438
Joumal	0.2436
jobless	0.2430
Jimi	0.2417
joule	0.2402
Jenner	0.2397
Jas	0.2396
Jeffreys	0.2373
Jahren	0.2357
Jodi	0.2338
Jagger	0.2317
Jakobson	0.2312
Joni	0.2304
J.-P.	0.2304
Jeffersonian	0.2299
javelin	0.2296
Janos	0.2295
Jiangsu	0.2293
Jacksonian	0.2293
jeopardizing	0.2283
jeeps	0.2281
Jian	0.2272
journeymen	0.2254
Juden	0.2253
journeyman	0.2248
jockeys	0.2238
Judean	0.2235
Jahan	0.2230
jeweler	0.2220
joiner	0.2218
Judaea	0.2199
Jang	0.2197
journaling	0.2195
jays	0.2176
Jun.	0.2171
Jonathon	0.2149
jag	0.2149
jes	0.2146
JVM	0.2137
Jodie	0.2123
Jacobus	0.2118
Joann	0.2115
Joplin	0.2110
Jenks	0.2076
jaunty	0.2073
Jazeera	0.2071
junkie	0.2053
Jeanie	0.2040
Jacobian	0.2035
jutted	0.2033
juxtaposing	0.2011
jackpot	0.2009
jubilation	0.1992
Jul.	0.1986
jib	0.1982
Jerzy	0.1973
Jonsson	0.1968
Joss	0.1957
Jima	0.1956
jeweled	0.1951
jeered	0.1949
jouissance	0.1946
Jessup	0.1929
Jains	0.1923
Juneau	0.1904
Jeez	0.1899
jedoch	0.1892
JCS	0.1873
Jenson	0.1873
Jahn	0.1862
judo	0.1841
junctures	0.1833
jackals	0.1822
Jura	0.1810
Jahr	0.1798
Janelle	0.1797
Jacuzzi	0.1795
jolting	0.1794
Jell	0.1789
Jowett	0.1789
joystick	0.1786
JMS	0.1776
Jubilees	0.1774
jingling	0.1772
japonica	0.1767
jth	0.1763
Jarman	0.1761
jumpy	0.1759
Jost	0.1755
jittery	0.1753
jewelled	0.1744
jettisoned	0.1741
Jutland	0.1729
Jager	0.1726
juggernaut	0.1724
Jud	0.1721
Janson	0.1717
Jessop	0.1707
jesting	0.1694
jests	0.1693
Jencks	0.1685
Jalal	0.1682
Jeffers	0.1672
judicature	0.1671
jamb	0.1657
Jerrold	0.1656
jellies	0.1656
Jeroboam	0.1643
J.-M.	0.1638
jaundiced	0.1628
J.V.	0.1625
Jacobites	0.1624
Jie	0.1611
joinder	0.1608
jeu	0.1608
jejunum	0.1607
JY	0.1602
Jolie	0.1600
JavaBeans	0.1599
Jahangir	0.1597
jeunes	0.1596
jive	0.1596
Jaques	0.1585
Jürgen	0.1583
Jevons	0.1568
Joyner	0.1566
jeering	0.1566
joules	0.1560
jawed	0.1551
juxtaposes	0.1550
Joubert	0.1547
Jha	0.1544
Joab	0.1539
J2	0.1539
J.O.	0.1524
Jackman	0.1523
JPL	0.1497
Jehu	0.1495
jaunt	0.1489
Jorg	0.1487
Jozef	0.1477
JCAHO	0.1474
Johanson	0.1473
jeweller	0.1468
juxtapositions	0.1465
jinn	0.1463
jocks	0.1462
Jolene	0.1457
Jacky	0.1457
Jaffna	0.1456
jackass	0.1455
Jubal	0.1451
juggler	0.1451
jerseys	0.1451
Jamaicans	0.1446
janitors	0.1444
jaguars	0.1441
Jorgenson	0.1441
joie	0.1440
junkies	0.1426
jettison	0.1415
jocular	0.1414
jinx	0.1397
Jenkinson	0.1385
Jer.	0.1385
Jehan	0.1384
jigs	0.1383
judicata	0.1382
juristic	0.1380
Janzen	0.1375
jetzt	0.1373
Jefferies	0.1369
jabbing	0.1369
Jodhpur	0.1367
J.-C.	0.1361
Janeway	0.1359
Jedi	0.1359
judg	0.1355
juste	0.1350
Jiangxi	0.1346
Janes	0.1345
Johnstown	0.1332
jeers	0.1330
Juli	0.1329
juxtapose	0.1325
Jac	0.1321
Jewess	0.1313
J.I.	0.1304
Jalan	0.1297
Jeeves	0.1296
jewelers	0.1296
Jago	0.1289
joist	0.1288
Jalisco	0.1287
jist	0.1286
Jonny	0.1283
Jomo	0.1273
janvier	0.1271
jor	0.1271
Junker	0.1270
justicia	0.1270
Josefina	0.1263
J.-L.	0.1263
jotting	0.1252
Jeter	0.1251
Jarrell	0.1251
jou	0.1248
Jeong	0.1246
jangling	0.1242
jeunesse	0.1239
Judi	0.1238
Joh	0.1238
jurisprudential	0.1230
jabs	0.1229
Jeddah	0.1223
Jabez	0.1216
Jeremias	0.1212
Joffre	0.1206
Jett	0.1203
Josefa	0.1201
Judaica	0.1200
jockeying	0.1198
Joliet	0.1194
jostle	0.1187
Johnsons	0.1184
juin	0.1183
jugglers	0.1183
joyless	0.1183
Jamil	0.1173
Jharkhand	0.1172
Journalof	0.1170
Jansson	0.1170
jailhouse	0.1166
Jaroslav	0.1161
Jamaat	0.1160
Joanie	0.1140
Jiao	0.1140
JDK	0.1139
Juni	0.1139
jibe	0.1138
Jochen	0.1135
Juba	0.1134
Jebel	0.1130
j3	0.1127
Jah	0.1126
junks	0.1124
judgemental	0.1121
jitters	0.1120
Jae	0.1119
jacketed	0.1118
jpg	0.1115
Jolson	0.1115
justificatory	0.1104
jolts	0.1103
Jur	0.1102
Jelinek	0.1102
jumpsuit	0.1096
Jos.	0.1093
jnana	0.1092
Johor	0.1091
Junkers	0.1090
Joaquim	0.1088
Jak	0.1084
Joly	0.1084
junge	0.1080
Justo	0.1079
jeder	0.1079
Joffe	0.1078
jilted	0.1074
jacked	0.1071
jailers	0.1071
javelins	0.1064
Jenn	0.1063
jousting	0.1063
Jataka	0.1059
janissaries	0.1054
Jat	0.1051
Jugend	0.1046
Jami	0.1045
Jagannath	0.1043
Jemmy	0.1040
junkyard	0.1036
jobbers	0.1032
jeopardise	0.1029
Jovian	0.1027
juillet	0.1025
Juilliard	0.1025
J.-F.	0.1023
Jaworski	0.1022
Jebb	0.1020
Joneses	0.1019
Josep	0.1014
Jakes	0.1012
jut	0.1011
Journ	0.1010
Jeanine	0.1007
Jellicoe	0.1006
jinks	0.1005
juifs	0.1000
Jackendoff	0.09963
junto	0.09958
jowls	0.09920
jihadists	0.09879
jangled	0.09869
Jenni	0.09863
Juran	0.09862
joiners	0.09849
jambs	0.09844
jawbone	0.09840
Jephthah	0.09836
juke	0.09822
Judaeo	0.09793
jihadist	0.09773
Jagdish	0.09738
Julianne	0.09735
Janna	0.09671
Jehoshaphat	0.09655
Jordanians	0.09634
jingles	0.09622
joblessness	0.09598
Jacqui	0.09581
Jospin	0.09574
Jeffords	0.09559
justiciable	0.09554
jabbering	0.09523
jiffy	0.09456
Jarry	0.09422
Janette	0.09391
Jada	0.09380
Jarrow	0.09347
Jimbo	0.09313
Jaramillo	0.09306
juggled	0.09246
jusqu'à	0.09195
Joris	0.09150
jeer	0.09130
JBL	0.09085
jiggled	0.09077
justness	0.09073
Jael	0.09068
jowl	0.09038
Jornada	0.09012
javax	0.08998
Jessy	0.08984
jiggling	0.08962
jati	0.08940
Jesús	0.08930
jauntily	0.08921
janitorial	0.08917
Jaynes	0.08913
JSOT	0.08911
Jermyn	0.08868
Jocasta	0.08857
Jilin	0.08854
Jats	0.08850
jejuni	0.08823
Jacinta	0.08783
Jabal	0.08774
jejunal	0.08738
ject	0.08675
JAL	0.08671
jingled	0.08653
Japheth	0.08647
Jacque	0.08637
Joost	0.08636
Jankowski	0.08618
Jafar	0.08608
Joo	0.08597
Johnsen	0.08569
jazzy	0.08515
Jourdan	0.08460
João	0.08438
JRA	0.08416
juts	0.08391
Jukes	0.08354
juster	0.08335
Jourdain	0.08297
Joannes	0.08285
jalapeno	0.08209
Jenkin	0.08200
Jacek	0.08147
JSC	0.08129
Jespersen	0.08103
JNK	0.08079
joggers	0.08074
Janssens	0.08063
Jhansi	0.08047
Janusz	0.08040
joust	0.08007
jetties	0.07959
Jonesboro	0.07957
Jeronimo	0.07941
Jacobo	0.07922
jefe	0.07918
Jorgen	0.07885
Johore	0.07862
Jordi	0.07836
Jeffs	0.07831
Joppa	0.07825
Jonestown	0.07809
Jonge	0.07769
Joinville	0.07760
julienne	0.07760
Jos6	0.07666
jiva	0.07665
jogger	0.07644
Jyoti	0.07617
jottings	0.07616
Jabbar	0.07614
jewellers	0.07609
Judeans	0.07581
juge	0.07556
Jenin	0.07549
jollity	0.07535
jiu	0.07513
Jintao	0.07463
jacking	0.07422
jibes	0.07417
Jezreel	0.07404
Jaap	0.07401
Jasmin	0.07383
Jairus	0.07381
joinery	0.07351
jackknife	0.07308
jeopardizes	0.07307
Jovanovic	0.07285
Jobe	0.07279
Jemez	0.07243
Justina	0.07223
Jarl	0.07204
Jeannine	0.07192
Josette	0.07178
Josephs	0.07171
Jutta	0.07171
Jepson	0.07122
Jabotinsky	0.07118
juridique	0.07087
Jaume	0.07083
jede	0.07079
Jerez	0.07078
jamboree	0.07073
jangle	0.07067
Jiménez	0.07065
Janowitz	0.07064
Jagan	0.07051
Jini	0.07051
Jellinek	0.07013
Junger	0.06970
Juma	0.06918
jointing	0.06906
J.Y.	0.06905
Jina	0.06900
Jeane	0.06898
jetting	0.06895
Jacquet	0.06875
Josey	0.06841
jobbing	0.06839
Juniperus	0.06835
Jalalabad	0.06832
Jaffee	0.06831
jawline	0.06827
Jedediah	0.06817
Jawahar	0.06814
jeux	0.06811
jabber	0.06785
Jacquelyn	0.06767
Jansenist	0.06748
Jemison	0.06736
Jinny	0.06721
Janda	0.06700
J1	0.06700
jiggle	0.06682
Jablonski	0.06677
Jule	0.06652
jerkin	0.06632
Jawa	0.06622
Jere	0.06608
Jupp	0.06559
Josip	0.06552
Jara	0.06540
Janacek	0.06522
Japhet	0.06511
Juda	0.06488
Jolley	0.06468
junipers	0.06461
jovially	0.06458
jailing	0.06454
Jeri	0.06435
Johannsen	0.06422
jacaranda	0.06411
Judentum	0.06391
Joon	0.06386
jettisoning	0.06361
Jozsef	0.06356
Jax	0.06338
Joslin	0.06328
jogs	0.06319
Jernigan	0.06295
Jacobinism	0.06285
Joelle	0.06262
Jastrow	0.06256
Jiro	0.06253
jeremiad	0.06251
Julianna	0.06187
jesters	0.06173
J2ME	0.06171
judgeship	0.06115
jeopardised	0.06111
Joes	0.06107
Jamesian	0.06064
jingoism	0.06055
Ja'far	0.06003
Judaean	0.05986
Jilly	0.05985
Joslyn	0.05972
juntas	0.05933
jokers	0.05919
jobber	0.05917
Jorn	0.05905
jaunts	0.05885
JVC	0.05863
Jaures	0.05855
Jesup	0.05847
JCC	0.05846
JPS	0.05842
Joad	0.05826
Javits	0.05826
Jakobsen	0.05808
java.util	0.05804
Jansenism	0.05802
Jenifer	0.05793
JCP	0.05793
Jabir	0.05776
Jiri	0.05750
Jaswant	0.05727
Josepha	0.05718
jusqu'a	0.05692
JScript	0.05667
Janina	0.05658
Jacquie	0.05641
Jordon	0.05637
Jann	0.05633
Javed	0.05624
Jodl	0.05610
jrom	0.05605
Jani	0.05594
Jaco	0.05593
Jhelum	0.05559
Januar	0.05551
Jaggar	0.05545
Jehangir	0.05539
Joos	0.05537
Jeanneret	0.05536
jhe	0.05517
jubilantly	0.05510
Jansenists	0.05508
Judaizers	0.05504
Jessel	0.05492
JTS	0.05480
Jaye	0.05472
jingoistic	0.05472
Jabalpur	0.05454
JosseyBass	0.05452
J.-J.	0.05428
Jamuna	0.05420
Jayson	0.05393
Janaki	0.05364
J4	0.05360
jerkily	0.05327
Jno	0.05327
Jacko	0.05322
Jerald	0.05321
Jumna	0.05298
juju	0.05285
Janaka	0.05261
Joaquín	0.05249
Jenness	0.05243
JNDI	0.05226
J.-B.	0.05206
Japon	0.05198
Jurgens	0.05183
Jonker	0.05172
jugement	0.05172
jammer	0.05166
joyousness	0.05162
Jantzen	0.05156
JMP	0.05145
jailor	0.05131
Joya	0.05115
Jans	0.05105
Jalandhar	0.05104
Jehoiakim	0.05103
Juanito	0.05094
jested	0.05066
Jobson	0.05049
jeweils	0.05045
J.R.R.	0.05044
Jarvie	0.05035
Jnr	0.05035
jee	0.04973
Jacklin	0.04956
J2SE	0.04954
jungen	0.04949
Jolliffe	0.04914
Jonassen	0.04914
Jamila	0.04902
Jaruzelski	0.04865
Jotham	0.04847
Jacquard	0.04845
Jacksons	0.04843
junket	0.04841
jousts	0.04828
jetsam	0.04828
jural	0.04824
jointure	0.04813
Johnathan	0.04800
Josh.	0.04789
japonicum	0.04773
Jaber	0.04769
Junko	0.04761
jeden	0.04751
JZ	0.04743
Janz	0.04735
Johannis	0.04718
jurymen	0.04710
Jagat	0.04699
juicer	0.04686
Jaz	0.04667
jello	0.04657
Jaccard	0.04653
jene	0.04633
Jauss	0.04614
Janney	0.04603
jusqu'au	0.04599
Jankovic	0.04586
Jette	0.04579
jihadi	0.04578
Jephcott	0.04572
jockeyed	0.04549
Jowell	0.04520
J5	0.04509
jedem	0.04505
jetted	0.04504
Judentums	0.04500
Jessen	0.04493
jackhammer	0.04482
Janin	0.04478
JSPs	0.04475
Juel	0.04470
Jesper	0.04454
justi	0.04452
Juárez	0.04436
Jeroen	0.04423
Jyvaskyla	0.04377
Jeffry	0.04376
jardins	0.04367
joviality	0.04358
jaggery	0.04356
joysticks	0.04351
Jullien	0.04345
Jahoda	0.04308
Jinan	0.04308
Jeon	0.04305
Jiinger	0.04298
journeyings	0.04275
joumey	0.04266
Jacobitism	0.04259
Jeffersonians	0.04257
jects	0.04240
jackrabbit	0.04239
Jaclyn	0.04237
JVP	0.04234
Jörg	0.04203
J0	0.04200
juiced	0.04179
Joash	0.04177
Juha	0.04165
Julliard	0.04153
justiciability	0.04128
JRS	0.04127
jingo	0.04120
Julv	0.04116
jener	0.04107
Jagiellonian	0.04100
Jacksonians	0.04099
juridically	0.04098
Jaycees	0.04093
jocularity	0.04092
Jobling	0.04090
Jermaine	0.04077
Jenne	0.04049
Jayanti	0.04037
Janesville	0.04024
Junie	0.04015
J.R	0.04015
Janik	0.03990
J.C	0.03985
Jerold	0.03979
Jaen	0.03975
jocularly	0.03961
Junot	0.03952
judgeships	0.03944
jukeboxes	0.03939
jetliner	0.03925
Jowitt	0.03924
Joliot	0.03919
Jona	0.03910
jocund	0.03896
Johannessen	0.03895
jedes	0.03891
Jamia	0.03888
Jacobsson	0.03886
Jolivet	0.03863
JetBlue	0.03860
Joycean	0.03857
juxta	0.03856
jigging	0.03842
Johanne	0.03832
Junichiro	0.03814
Junipero	0.03807
Johari	0.03789
JCB	0.03786
Jayaprakash	0.03774
Jojo	0.03773
joyfulness	0.03771
justifiability	0.03766
Juta	0.03762
junked	0.03745
Jussieu	0.03745
jaar	0.03737
Jahnke	0.03728
Juergen	0.03724
jeopardising	0.03723
Jocko	0.03722
jis	0.03719
Jory	0.03715
Japans	0.03708
Judg.	0.03698
Jasanoff	0.03689
Judt	0.03679
judiciaries	0.03677
Jadwiga	0.03661
Jalil	0.03654
jocose	0.03640
Jungfrau	0.03624
Janke	0.03616
Juglans	0.03614
junio	0.03610
JPEGs	0.03596
J.D	0.03571
Juventud	0.03567
jenseits	0.03559
juego	0.03557
Josse	0.03556
jackdaw	0.03556
Jemaah	0.03552
Joensuu	0.03546
Janko	0.03544
Jebusites	0.03544
jumpstart	0.03544
Jutes	0.03540
joue	0.03538
J.-Y.	0.03538
Jakub	0.03508
jouer	0.03503
Johanan	0.03491
Jick	0.03486
joven	0.03485
Jongh	0.03484
jumpsuits	0.03481
juive	0.03473
jokey	0.03462
JudeoChristian	0.03454
jumpin	0.03446
Jarvinen	0.03438
Jaakko	0.03436
Jodo	0.03435
JCPenney	0.03427
J.P	0.03412
Juliane	0.03404
Jaffrey	0.03400
jigger	0.03400
Juhasz	0.03399
Javan	0.03396
Joses	0.03390
Judaizing	0.03382
Jibril	0.03381
Juergensmeyer	0.03377
Jennison	0.03367
Joop	0.03364
Jessor	0.03357
jellied	0.03353
Jefferys	0.03348
Jovan	0.03342
juvenilia	0.03339
jestingly	0.03331
Jurado	0.03330
jx	0.03327
Jala	0.03323
Jarrod	0.03297
j6	0.03296
Juliano	0.03289
Janne	0.03255
jihadis	0.03254
JSS	0.03251
J.Z.	0.03248
Jesuitical	0.03248
Jerri	0.03241
jades	0.03241
Jarvik	0.03228
Jeppesen	0.03223
Jef	0.03218
Jessell	0.03206
jazzed	0.03203
Juniata	0.03203
japonicus	0.03195
J.W	0.03193
Johnsson	0.03173
Jamshedpur	0.03170
JQ	0.03154
Jalapa	0.03153
jejune	0.03120
JavaServer	0.03101
jackrabbits	0.03101
J.L	0.03085
junky	0.03082
J7	0.03082
jabbered	0.03081
jackfruit	0.03075
J.C.B.	0.03069
Jone	0.03069
j'en	0.03068
Jordans	0.03067
Joram	0.03046
juridiques	0.03044
JEOL	0.03017
Jenney	0.03010
Jepsen	0.03002
jalopy	0.02994
Jayawardena	0.02993
j'avais	0.02965
Jany	0.02952
Josias	0.02926
jitterbug	0.02902
Jukka	0.02881
JRC	0.02865
Judit	0.02863
jodhpurs	0.02862
Jamin	0.02852
Japa	0.02849
Jobn	0.02834
junkets	0.02833
Jayasuriya	0.02826
JSR	0.02821
jessamine	0.02821
Jornal	0.02816
j8	0.02815
Jetta	0.02807
jackdaws	0.02806
JEL	0.02800
JICA	0.02799
Jayant	0.02782
jeweiligen	0.02780
juried	0.02773
Jewitt	0.02771
J0rgensen	0.02768
julep	0.02765
Juans	0.02761
Josue	0.02760
Julianus	0.02755
Jawad	0.02751
Johnsonian	0.02738
Jiabao	0.02735
Jovi	0.02719
juicing	0.02710
J.-H.	0.02704
Jacquot	0.02683
Joye	0.02652
Jakobsson	0.02647
Jahres	0.02646
JETP	0.02645
Jacuzzis	0.02645
Januarv	0.02626
Jehuda	0.02610
jammers	0.02608
jalapenos	0.02593
Jedburgh	0.02593
jambalaya	0.02588
jibed	0.02587
JPMorgan	0.02583
Jaan	0.02573
Joschka	0.02565
jobseekers	0.02563
jugglery	0.02558
Jayaraman	0.02536
Janse	0.02502
joyed	0.02497
Jeffersons	0.02495
juggles	0.02494
judice	0.02493
Jehoiachin	0.02491
Joannis	0.02489
Juri	0.02482
Jaarboek	0.02471
Johannesson	0.02469
jeremiads	0.02443
jags	0.02425
Jacquemin	0.02419
Jari	0.02418
Jewkes	0.02418
Jinja	0.02417
Janoff	0.02413
jackasses	0.02397
Jugurtha	0.02379
Jouve	0.02377
java.lang	0.02371
java.io.	0.02366
join'd	0.02347
Joerg	0.02341
Jacq	0.02333
jargons	0.02333
jujitsu	0.02329
Jonsen	0.02311
jawbones	0.02300
juncea	0.02299
JDS	0.02290
Josephy	0.02288
J.-D.	0.02287
Jons	0.02269
Jeni	0.02263
Jungians	0.02258
Jil	0.02258
judgeth	0.02252
Jeng	0.02249
Jull	0.02249
Jobst	0.02236
jaune	0.02233
J.-A.	0.02230
joyride	0.02230
Julieta	0.02225
joshing	0.02213
Jennett	0.02209
jiidischen	0.02207
Janu	0.02199
justitia	0.02188
juiciest	0.02180
Jephson	0.02163
Jolas	0.02152
Jakubowski	0.02148
Jaggers	0.02145
Jamahiriya	0.02128
JavaBean	0.02125
J.Q.	0.02119
J.M	0.02106
Jitendra	0.02105
Jamiat	0.02101
joyriding	0.02095
jokester	0.02084
Jarrah	0.02082
Jewesses	0.02075
Jackel	0.02068
Jehoram	0.02067
Joyeuse	0.02067
Johnnies	0.02065
J.-E.	0.02065
Jørgensen	0.02063
juger	0.02063
Juang	0.02063
Jame	0.02061
jots	0.02060
jarringly	0.02056
juryman	0.02055
juif	0.02052
Jordanova	0.02047
jonquils	0.02044
JeanJacques	0.02042
junkyards	0.02036
Jolo	0.02034
joi	0.02031
Juncus	0.02026
jackboots	0.02022
joindy	0.02016
JST	0.02009
Judkins	0.02008
jetliners	0.02007
Jue	0.02004
jujube	0.02002
juicier	0.02002
jowly	0.02001
J.U.	0.01992
JeanBaptiste	0.01991
Juul	0.01989
Jn.	0.01986
Judaeus	0.01968
Junod	0.01966
jelled	0.01966
jellylike	0.01958
jocosely	0.01952
juleps	0.01947
Jiminy	0.01944
jingji	0.01943
Jeno	0.01938
JMC	0.01936
jected	0.01935
J.-R.	0.01935
Joosten	0.01929
JCA	0.01924
jitney	0.01923
Jaqueline	0.01911
Jeevan	0.01902
Jussi	0.01900
J.E	0.01900
Jayme	0.01899
Jiaotong	0.01896
Jehl	0.01893
jiving	0.01868
Jindal	0.01867
justement	0.01865
Jalaluddin	0.01864
jinxed	0.01864
Jedidiah	0.01851
jellybeans	0.01847
J.T	0.01847
J.-S.	0.01844
jitteriness	0.01839
jawing	0.01834
Jagannathan	0.01834
JRE	0.01825
jailbird	0.01814
Josi	0.01806
jusdy	0.01794
jackhammers	0.01786
Jui	0.01779
judiciaire	0.01768
Jasinski	0.01767
jackknifed	0.01766
Juhani	0.01761
jobrelated	0.01758
Jatakas	0.01755
jumbles	0.01754
JNC	0.01750
joli	0.01746
Jordana	0.01732
jointness	0.01725
JHS	0.01714
jaywalking	0.01714
justifier	0.01708
Jaffray	0.01704
Jeffersonville	0.01701
Jérôme	0.01696
J9	0.01694
Jocelyne	0.01689
Jentsch	0.01681
jittering	0.01677
Josselin	0.01677
jihads	0.01668
Jadavpur	0.01657
Jace	0.01654
JanuaryFebruary	0.01648
jackpots	0.01647
Jiangnan	0.01628
Joana	0.01627
jostles	0.01621
jumbling	0.01620
jailbreak	0.01619
Jaroslaw	0.01618
jousted	0.01608
JeanPierre	0.01587
JIC	0.01585
jobbery	0.01582
Jims	0.01582
J.A.C.	0.01581
Jagadish	0.01581
Jelena	0.01579
Jahrhunderte	0.01576
JeanClaude	0.01569
jigged	0.01537
Jameses	0.01531
jollies	0.01531
justiciary	0.01528
jounced	0.01528
jackanapes	0.01523
Jabberwocky	0.01523
JeanPaul	0.01518
justa	0.01511
jauntiness	0.01508
Junia	0.01505
Jaiswal	0.01505
J.A	0.01503
Jessamyn	0.01500
Jahresbericht	0.01491
Joas	0.01485
Jad	0.01483
jiggles	0.01482
jockstrap	0.01482
Jao	0.01466
Jakobs	0.01461
Jenkyns	0.01446
judiciousness	0.01444
jimmied	0.01436
jouncing	0.01433
jailors	0.01430
Janjaweed	0.01429
judgmentally	0.01428
juicio	0.01415
Jainas	0.01409
japanned	0.01407
J.F	0.01403
jenen	0.01401
Jaisalmer	0.01394
jerkins	0.01392
Janowski	0.01383
Justinus	0.01372
Jaafar	0.01370
journaux	0.01362
jeebies	0.01360
Jahrhunderten	0.01340
jittered	0.01338
Jugendstil	0.01335
Justiz	0.01308
janissary	0.01294
Jascha	0.01286
Jolles	0.01279
jthe	0.01270
Jorma	0.01269
jum	0.01261
Joynt	0.01258
Jahrgang	0.01250
journalistically	0.01250
jemand	0.01250
Jamali	0.01246
Joane	0.01241
Jouy	0.01240
juges	0.01238
jolliest	0.01231
Joakim	0.01227
Jolyon	0.01226
Jeremie	0.01225
Julich	0.01218
judicium	0.01217
jowled	0.01217
jective	0.01203
jitsu	0.01201
Jolm	0.01199
Jaffar	0.01193
jusque	0.01191
jigsaws	0.01182
joyned	0.01181
jilt	0.01180
jammies	0.01175
Jäger	0.01175
JeanFrancois	0.01173
Jiminez	0.01168
Jalali	0.01160
jibs	0.01157
juddering	0.01157
javac	0.01154
juiciness	0.01152
jjj	0.01150
Jeepers	0.01149
joumals	0.01138
Jemal	0.01136
juggernauts	0.01127
jongg	0.01108
Jugoslavia	0.01087
jerkiness	0.01084
Jetsons	0.01081
Juneteenth	0.01079
J.E.B.	0.01078
jnst	0.01075
Juventus	0.01073
juridico	0.01069
jollier	0.01067
Jarrold	0.01066
Jahrbiicher	0.01058
Juxon	0.01051
jurisconsults	0.01045
JMA	0.01040
jnd	0.01035
Jama'at	0.01023
justest	0.01023
Jobin	0.01016
jicama	0.01010
J.-G.	0.009985
J.G	0.009939
jadis	0.009935
jojoba	0.009931
Jahrbucher	0.009921
Jomini	0.009910
Junco	0.009901
Joerges	0.009834
jaggedly	0.009825
juntos	0.009758
Jilani	0.009643
jettisons	0.009621
Jesuitism	0.009551
JSM	0.009544
Junes	0.009529
Jaffer	0.009527
jusqu	0.009522
jeeringly	0.009437
Jonasson	0.009376
Jafari	0.009360
Jaggi	0.009351
Janak	0.009307
Januarius	0.009241
JulyAugust	0.009053
Johar	0.009013
jection	0.009008
Jeems	0.008961
Jools	0.008940
jejunostomy	0.008936
Jarvenpaa	0.008911
Jahrb	0.008873
J.B.S.	0.008826
jalousie	0.008790
Joliffe	0.008768
Jarmusch	0.008766
Jaspar	0.008710
jority	0.008696
jennet	0.008680
Jonn	0.008638
Jebusite	0.008577
jollification	0.008539
JSA	0.008530
juvenility	0.008498
jasmines	0.008393
Jayaram	0.008352
Jornadas	0.008348
jine	0.008343
Jiji	0.008339
jeopardises	0.008278
Jenrette	0.008274
jumpiness	0.008258
j'aime	0.008245
Jos'e	0.008229
Jephtha	0.008178
Jouvet	0.008169
Jésus	0.007995
Junichi	0.007986
jusqu'en	0.007969
jointstock	0.007701
Jadid	0.007701
Josaphat	0.007692
Jicarilla	0.007637
Jaunpur	0.007600
Jurkat	0.007497
jusqu'aux	0.007490
jiggers	0.007488
jubilance	0.007470
Jhally	0.007443
j'y	0.007374
Jabbok	0.007369
JSTOR	0.007349
Jusuf	0.007327
Jaca	0.007307
jedenfalls	0.007253
Jtirgen	0.007142
jaunting	0.007087
juives	0.007084
J.-W.	0.007062
Jacquin	0.007021
jenes	0.006983
J.-K.	0.006972
Jehad	0.006956
Johannesen	0.006954
Jamey	0.006945
J.M.W.	0.006893
Jarratt	0.006860
jetblack	0.006793
Janiculum	0.006790
Jardim	0.006723
JNU	0.006664
JFM	0.006591
jurisconsult	0.006582
Jarret	0.006568
J.X.	0.006536
jidai	0.006530
journée	0.006528
judgmentalism	0.006503
Joughin	0.006503
Jeames	0.006498
J.G.A.	0.006487
jouir	0.006456
jako	0.006435
Jeshurun	0.006368
jailbirds	0.006348
jetway	0.006256
joshed	0.006247
Julián	0.006218
Jorm	0.006206
java.net	0.006195
juddered	0.006162
JapaneseAmerican	0.006121
Jeju	0.006117
Jahrzehnten	0.006013
Julii	0.005996
juxtaglomerular	0.005980
Jupiters	0.005975
Johne	0.005937
Jireh	0.005814
Jerries	0.005802
JCT	0.005798
Jagow	0.005796
jongleurs	0.005729
Johnsbury	0.005681
jungly	0.005652
Jassy	0.005594
Jekyl	0.005583
jedge	0.005524
justifie	0.005522
Jurgensen	0.005455
Jacka	0.005396
jizya	0.005392
jenem	0.005385
Jaish	0.005372
jalousies	0.005362
Jiilich	0.005358
Jubilate	0.005338
Jonesville	0.005313
jilting	0.005262
jobsite	0.005203
judicio	0.005196
joinings	0.005190
Jaffier	0.005163
Jatropha	0.005129
Jafri	0.005114
jaren	0.005109
Jenyns	0.005075
Judische	0.005030
Jesns	0.005003
Jfc	0.004999
jihadism	0.004949
Jair	0.004947
JVs	0.004947
Jerusha	0.004889
J!	0.004882
Jehoiada	0.004873
Jerningham	0.004738
justiciar	0.004721
Janny	0.004720
JewishChristian	0.004703
Jovis	0.004631
Jungmann	0.004628
judischen	0.004620
joyance	0.004610
Jacquerie	0.004595
jambes	0.004489
Jhabvala	0.004481
Joong	0.004472
Jordaens	0.004435
Journees	0.004431
J.G.Austin	0.004397
jokin	0.004352
Jayanta	0.004316
Josselyn	0.004303
JEneas	0.004289
Junagadh	0.004236
jalapeño	0.004200
judicatories	0.004114
Jucker	0.004108
JVMs	0.004105
JCM	0.004081
Jaakkola	0.004050
jiaoyu	0.004045
jalap	0.004038
jaybird	0.004000
Jerom	0.003989
joylessness	0.003904
joggled	0.003852
Julias	0.003820
justifieth	0.003820
Jusserand	0.003814
j'ay	0.003805
jne	0.003805
Japaneseness	0.003802
Johnes	0.003800
Jauregui	0.003744
junr	0.003737
judex	0.003720
julienned	0.003708
jEschylus	0.003684
jiggered	0.003684
journies	0.003652
Jaenisch	0.003639
Janel	0.003637
Jortin	0.003587
JNI	0.003580
joying	0.003546
Jouffroy	0.003513
Josee	0.003509
jóvenes	0.003493
Jumieges	0.003488
Jems	0.003470
jetlag	0.003414
Jehoash	0.003403
jto	0.003324
jast	0.003289
JETRO	0.003266
Jabin	0.003261
journee	0.003217
jacinth	0.003170
Jajodia	0.003169
Jelavich	0.003125
Junin	0.003124
jongleur	0.003077
judgest	0.003068
Jinhua	0.003026
Judie	0.003026
junketing	0.002977
Jayadeva	0.002961
jibbed	0.002950
JEneid	0.002936
Jewes	0.002936
jitterbugging	0.002916
Jamea	0.002914
Janicki	0.002880
Jesum	0.002842
jusques	0.002819
Judases	0.002779
Jamet	0.002763
judicatory	0.002761
Jlr	0.002736
juist	0.002721
jewelery	0.002705
jape	0.002696
JBuilder	0.002692
jibing	0.002669
Judaistic	0.002664
jusqu'ici	0.002664
Jamnia	0.002656
Johannisberg	0.002644
Jirst	0.002631
Jaimes	0.002626
Jaubert	0.002617
justum	0.002601
jonquil	0.002579
Jessamy	0.002543
justif1ed	0.002528
Jugo	0.002527
Jaxartes	0.002525
jinns	0.002505
Jnne	0.002503
Jelle	0.002489
Janofsky	0.002487
jazzing	0.002480
jiidische	0.002480
Jacobinical	0.002478
Jyllands	0.002474
JTC	0.002472
Jupiterimages	0.002463
Jorde	0.002462
jined	0.002454
jacet	0.002449
Judaisms	0.002436
Jerusalemites	0.002424
Jarnac	0.002418
Jopling	0.002413
Jachin	0.002408
jof	0.002346
Jacqueminot	0.002346
jod	0.002344
jowar	0.002334
juat	0.002332
Juliers	0.002316
jobbed	0.002294
Johnstons	0.002285
Johu	0.002278
Jonadab	0.002261
jibboom	0.002260
Judsea	0.002258
Jennette	0.002215
Joux	0.002204
jennies	0.002202
Janizaries	0.002189
Janua	0.002157
journalese	0.002153
jind	0.002121
Jagd	0.002114
joylessly	0.002103
jorum	0.002072
justif1cation	0.002069
jabot	0.002031
joyne	0.002029
Jesuites	0.002014
joyn	0.002014
judices	0.002005
justas	0.002002
Jabesh	0.001944
jangles	0.001928
Jannes	0.001926
joyeux	0.001922
judg'd	0.001913
juring	0.001903
Jesua	0.001888
Jansenius	0.001872
Jiis	0.001867
justitiam	0.001856
Jnly	0.001843
juncos	0.001841
jollying	0.001830
J.-N.	0.001818
Jo'burg	0.001812
Josd	0.001789
j'ou	0.001778
Joans	0.001773
jocosity	0.001762
JSschylus	0.001757
Jamee	0.001748
Jife	0.001720
jeopard	0.001717
jugged	0.001713
jangly	0.001713
jessamines	0.001713
jardiniere	0.001706
Jehoahaz	0.001684
juvie	0.001674
jouent	0.001665
Jambres	0.001654
jingoes	0.001652
junketings	0.001648
Jeru	0.001632
Jorden	0.001623
Jolin	0.001619
Justiceship	0.001616
Joho	0.001612
Julies	0.001610
Jerusalems	0.001609
JEsop	0.001607
journalizing	0.001585
jii	0.001583
Jehosaphat	0.001582
jesses	0.001571
Jiave	0.001569
Jived	0.001533
jollied	0.001524
Jelen	0.001522
jammy	0.001517
judicatures	0.001511
jujubes	0.001499
jear	0.001491
jng	0.001484
juvat	0.001482
Jianguo	0.001472
Jesos	0.001468
journe	0.001459
Jbr	0.001450
Juv	0.001448
Jiad	0.001439
jugful	0.001421
John's	0.001417
J.K.LASSER	0.001392
Jike	0.001378
Joum	0.001372
justioe	0.001372
jibbing	0.001369
Judaical	0.001358
judicii	0.001356
Jives	0.001344
jacketing	0.001340
japes	0.001326
Jezebels	0.001316
jointures	0.001311
jand	0.001307
Jamas	0.001300
juxtapositioning	0.001279
Jarge	0.001279
Jittle	0.001239
jiff	0.001235
joindre	0.001219
jrou	0.001214
jny	0.001208
josded	0.001206
juBt	0.001190
jingoist	0.001187
jears	0.001183
jiggly	0.001181
jubilations	0.001176
judgin	0.001174
judgmentseat	0.001138
Juliets	0.001134
juiceless	0.001127
jfe	0.001122
jerker	0.001122
JMed	0.001115
jollily	0.001111
Jelonek	0.001104
Jesuitry	0.001093
Johh	0.001077
Jas.	0.001071
jections	0.001069
jeoparded	0.001035
j'étais	0.001035
Johk	0.001032
Jacana	0.001024
jumpstarted	0.001006
justiy	0.0009937
jambe	0.0009793
jampacked	0.0009756
jecting	0.0009756
joggle	0.0009702
judicare	0.0009594
jnto	0.0009540
Judaising	0.0009540
jabers	0.0009324
Jly	0.0009215
jndge	0.0009107
joué	0.0009053
Junii	0.0009017
Janta	0.0008999
J.F.K.	0.0008945
Johannem	0.0008837
Jerusalemite	0.0008819
jurat	0.0008422
jubet	0.0008386
Jif	0.0008206
Jow	0.0008061
jurisdic	0.0008025
justes	0.0007917
Joannem	0.0007845
Jehova	0.0007683
jesty	0.0007574
Jerem	0.0007466
Joannou	0.0007412
James's	0.0007358
Jll	0.0007304
Jide	0.0007268
judder	0.0007069
Judaized	0.0006979
J'accuse	0.0006925
Jier	0.0006799
juvenis	0.0006781
joj	0.0006763
JEgean	0.0006673
jimson	0.0006582
JeanMarie	0.0006546
jabbers	0.0006528
JTis	0.0006528
joggling	0.0006492
jawin	0.0006492
jacent	0.0006456
J.J	0.0006420
judical	0.0006312
jio	0.0006294
Jeffer	0.0006276
jackboot	0.0006276
Jle	0.0006258
jussit	0.0006240
J.B	0.0006132
Jbe	0.0005915
junking	0.0005915
Jhat	0.0005861
jusl	0.0005374
jured	0.0005356
JudaeoChristian	0.0005338
Jeft	0.0005338
joinin	0.0005212
jiil	0.0005140
jiot	0.0004617
