good	255.9
get	215.8
God	196.8
great	196.4
go	189.0
general	165.7
government	158.4
given	155.7
group	153.3
going	134.8
give	124.4
got	104.6
groups	85.63
growth	71.69
gave	71.27
greater	64.08
ground	60.76
generally	60.02
G.	49.43
getting	48.71
German	46.58
gone	43.93
global	43.78
green	43.48
George	42.61
girl	42.50
game	39.59
gives	38.87
giving	38.68
g	36.99
growing	35.60
goods	33.07
Germany	32.98
goes	32.89
gender	32.12
girls	31.07
gold	30.77
goal	30.55
gas	30.38
glass	30.34
generation	29.40
gain	28.96
guide	28.22
goals	27.31
greatest	23.85
garden	23.26
Greek	23.06
grow	22.18
grand	21.79
grew	21.22
gene	20.88
grant	20.68
grace	19.32
gets	19.30
governments	19.29
governor	18.18
generated	17.91
genetic	17.86
gift	17.54
games	17.30
guy	17.27
grown	17.26
gray	16.90
granted	16.78
grade	16.42
guess	16.38
guard	16.15
gun	16.14
greatly	15.59
golden	15.24
gradually	15.10
grounds	15.00
guidelines	14.61
gap	13.88
gate	13.86
gained	13.62
glad	13.38
gods	13.28
genes	13.20
gay	13.19
grass	13.03
generate	12.97
gathered	12.76
glory	11.99
gospel	11.89
gross	11.72
guidance	11.65
grain	11.34
grave	11.00
guilty	10.86
generations	10.77
governance	10.76
gaze	10.33
guns	10.30
graduate	10.30
gifts	9.986
gently	9.982
guys	9.795
genuine	9.520
gains	9.449
gathering	9.402
gentleman	9.200
giant	8.939
Georgia	8.909
Germans	8.819
graph	8.807
gentle	8.784
guests	8.775
grey	8.692
glance	8.682
guarantee	8.533
guilt	8.480
gallery	8.456
glanced	8.370
Gulf	8.059
globalization	8.000
grateful	7.929
guest	7.898
guided	7.878
gather	7.800
grief	7.799
Gordon	7.756
Greece	7.738
governing	7.715
gates	7.710
gardens	7.650
grid	7.629
genius	7.487
grandfather	7.382
geography	7.260
gravity	7.227
grandmother	7.204
grammar	7.196
gotten	7.171
GDP	7.095
geographical	7.052
grabbed	7.048
generous	7.020
governmental	7.004
grasp	6.951
guards	6.867
generic	6.807
glucose	6.803
grants	6.787
gentlemen	6.699
ghost	6.681
genre	6.596
glasses	6.545
grows	6.535
gesture	6.381
Graham	6.287
geometry	6.149
generating	6.066
globe	6.035
goodness	6.034
governed	5.989
geographic	5.944
grades	5.923
golf	5.766
graphic	5.744
gang	5.623
guides	5.513
gear	5.491
Genesis	5.472
guardian	5.355
goddess	5.346
Gary	5.308
gradient	5.304
glorious	5.284
graphics	5.233
gaining	5.206
guaranteed	5.192
gradual	5.181
grip	5.141
gratitude	5.118
Gregory	5.058
generalized	4.971
Greeks	4.824
gonna	4.681
Geneva	4.627
grounded	4.565
gases	4.553
grains	4.470
gaps	4.376
Gilbert	4.305
genome	4.169
generates	4.115
govern	4.094
genetics	4.087
guinea	4.059
gel	4.026
Gen.	4.018
greeted	4.015
grove	4.011
gauge	3.920
guiding	3.917
glow	3.913
GA	3.838
graduated	3.795
glimpse	3.778
graves	3.778
gambling	3.774
gestures	3.745
grab	3.717
garage	3.710
Gandhi	3.701
geological	3.678
guarantees	3.633
grinned	3.605
gland	3.517
geometric	3.500
grin	3.498
garlic	3.494
garrison	3.474
granting	3.455
Gabriel	3.447
generator	3.434
gifted	3.434
gloves	3.410
graduates	3.322
guitar	3.285
gut	3.272
gazed	3.264
Gothic	3.250
Gerald	3.211
gateway	3.195
graphs	3.181
gram	3.126
generals	3.123
grouped	3.119
gravel	3.102
governors	3.101
GM	3.094
genuinely	3.035
glands	3.001
grammatical	2.994
Garcia	2.983
guessed	2.951
groundwater	2.923
garbage	2.922
grim	2.918
grouping	2.916
genus	2.910
gossip	2.902
greatness	2.900
gown	2.894
genocide	2.880
graft	2.870
gastric	2.851
goat	2.830
Gibson	2.819
Greg	2.816
generosity	2.806
greeting	2.792
glue	2.781
girlfriend	2.779
gastrointestinal	2.779
ghosts	2.766
grandparents	2.759
Greene	2.739
guarded	2.733
grazing	2.732
genres	2.721
Glasgow	2.718
gasoline	2.656
gamma	2.645
garment	2.636
Grandma	2.627
glowing	2.627
geology	2.626
Grande	2.625
graduation	2.621
goodbye	2.603
grocery	2.591
garments	2.585
greenhouse	2.584
GE	2.581
Gore	2.557
grasped	2.553
gendered	2.540
giants	2.540
granite	2.533
genetically	2.524
graphical	2.517
Gardner	2.512
gazing	2.502
gracious	2.499
Gen	2.472
guru	2.471
ginger	2.462
Geoffrey	2.460
greed	2.439
goodwill	2.432
glossary	2.430
Gazette	2.417
graceful	2.366
grandchildren	2.360
Ghana	2.359
generalization	2.344
grams	2.304
grandson	2.303
Giovanni	2.298
greet	2.290
Gospels	2.267
grapes	2.249
gasped	2.227
GI	2.217
gum	2.204
Gloria	2.184
Guatemala	2.161
Goethe	2.144
grinding	2.133
Gaussian	2.129
globalisation	2.115
GIS	2.099
gigantic	2.093
Goodman	2.081
glancing	2.054
gloomy	2.053
goats	2.052
guild	2.050
gloom	2.045
Griffin	2.045
galleries	2.044
gangs	2.034
gale	2.031
germ	2.028
gorgeous	2.018
Gould	1.991
gym	1.982
goose	1.981
GPS	1.979
ghetto	1.966
galaxy	1.955
greens	1.941
Glen	1.929
Gill	1.926
Greenwood	1.919
gotta	1.912
globally	1.910
groom	1.895
gladly	1.884
Glenn	1.884
gravitational	1.883
glare	1.879
guerrilla	1.849
Georges	1.843
guardians	1.828
grasping	1.815
grievances	1.792
gripped	1.786
genital	1.786
Gentiles	1.773
Garland	1.771
Google	1.761
grasses	1.760
gait	1.759
grape	1.741
garde	1.739
gamble	1.733
grandeur	1.722
GC	1.710
Gerard	1.708
gal	1.688
Galileo	1.683
guise	1.682
grassroots	1.679
Genet	1.679
genealogy	1.679
galaxies	1.676
groove	1.659
grading	1.652
Grandpa	1.647
Goldberg	1.640
geometrical	1.637
grill	1.636
greedy	1.632
GATT	1.630
guideline	1.629
Goldman	1.628
groaned	1.627
Georg	1.626
gallant	1.624
geographically	1.606
GP	1.597
glances	1.593
Gonzalez	1.584
glacier	1.582
groupings	1.576
grease	1.566
grotesque	1.559
grounding	1.557
gentry	1.554
Geschichte	1.549
glove	1.544
gratification	1.540
grinning	1.536
Giles	1.530
gardening	1.525
grabbing	1.515
genera	1.515
Garrett	1.512
glared	1.511
gatherings	1.511
gradients	1.511
generators	1.492
graded	1.487
Griffith	1.486
Greenberg	1.483
generously	1.479
glacial	1.476
gallons	1.472
generalizations	1.463
Gertrude	1.458
geared	1.448
gleaming	1.436
Goldstein	1.435
glittering	1.435
Gentile	1.426
Gibbs	1.422
gardener	1.420
guarding	1.418
Greenwich	1.414
gallon	1.410
gr	1.402
gaming	1.392
groves	1.388
gravely	1.385
growled	1.380
Gupta	1.378
genomic	1.375
governs	1.358
growers	1.356
gin	1.339
goin	1.339
gem	1.325
glaring	1.324
Guilford	1.320
Gorbachev	1.320
Gladstone	1.315
gestation	1.275
Germanic	1.273
gypsy	1.273
GL	1.268
GUI	1.266
Gail	1.259
gorge	1.248
grating	1.245
Gil	1.240
graduating	1.240
greetings	1.237
godly	1.234
GPA	1.232
Greenland	1.221
guessing	1.210
gestured	1.209
Gaza	1.194
genotype	1.187
grained	1.185
gilded	1.185
gloss	1.184
grieving	1.182
generality	1.182
grind	1.181
Gus	1.180
geo	1.176
geese	1.167
graphically	1.156
grossly	1.155
GB	1.154
GS	1.152
gratefully	1.151
Georgetown	1.151
gleam	1.150
Georgian	1.143
Gynecol	1.138
guts	1.133
Galilee	1.131
grievance	1.128
GHz	1.127
gall	1.126
Gina	1.122
gears	1.112
glossy	1.110
Gomez	1.109
Goldsmith	1.108
glazed	1.107
gems	1.106
GAO	1.103
Gujarat	1.102
grilled	1.100
granular	1.100
granddaughter	1.098
grassy	1.095
gage	1.094
Gloucester	1.094
generative	1.092
Gaelic	1.086
Gideon	1.085
Gee	1.081
glimpses	1.074
garner	1.072
gaseous	1.064
Gerry	1.063
groan	1.061
generational	1.058
guerrillas	1.057
goddesses	1.055
Goodwin	1.049
gran	1.049
genealogical	1.048
gracefully	1.047
gays	1.046
grated	1.046
graphite	1.043
glutamate	1.043
glaciers	1.040
GH	1.033
graciously	1.030
groceries	1.025
graces	1.024
glaucoma	1.023
Godfrey	1.023
grips	1.017
grafts	1.013
Gettysburg	1.005
giver	1.000
gasp	0.9998
glowed	0.9975
Gallagher	0.9929
granules	0.9870
ghostly	0.9868
Granny	0.9800
gilt	0.9747
Gustav	0.9741
grieve	0.9741
giggled	0.9726
gripping	0.9712
glued	0.9697
glide	0.9695
gathers	0.9688
ganglia	0.9659
generalize	0.9654
glorified	0.9631
germs	0.9576
gentleness	0.9536
glaze	0.9530
grids	0.9524
graders	0.9457
Gaulle	0.9428
Gavin	0.9373
GNP	0.9365
Griffiths	0.9342
geopolitical	0.9284
greasy	0.9259
Gwen	0.9216
grunted	0.9205
gels	0.9157
graveyard	0.9147
glycogen	0.9127
groundwork	0.9105
ganglion	0.9101
grimly	0.9037
Granada	0.8979
gong	0.8975
germination	0.8964
ghastly	0.8949
goddamn	0.8943
gunpowder	0.8896
glistening	0.8880
Gerhard	0.8871
grassland	0.8845
Grail	0.8825
gypsies	0.8797
garb	0.8786
grafting	0.8783
Giddens	0.8766
gasping	0.8761
Gaul	0.8748
gallop	0.8743
Genoa	0.8657
grooming	0.8633
geophysical	0.8624
GDR	0.8614
gliding	0.8542
geriatric	0.8504
Gardiner	0.8493
gag	0.8493
gaping	0.8492
guilds	0.8484
graffiti	0.8484
glamour	0.8454
Galen	0.8420
galley	0.8378
groin	0.8369
grabs	0.8276
GmbH	0.8266
Gibraltar	0.8258
Getty	0.8258
gaunt	0.8257
Gallup	0.8250
guaranteeing	0.8204
grumbled	0.8200
Grossman	0.8193
gestalt	0.8186
Guthrie	0.8163
geographers	0.8144
Gregg	0.8126
gowns	0.8080
grooves	0.8068
glamorous	0.8046
genomes	0.8017
grantor	0.8011
gleaned	0.7997
Greco	0.7988
grieved	0.7988
geologic	0.7973
Gibbons	0.7963
grit	0.7937
gratifying	0.7929
Galatians	0.7888
Gesellschaft	0.7886
git	0.7873
gratified	0.7861
gestational	0.7858
genotypes	0.7781
grievous	0.7754
gated	0.7743
glories	0.7728
gauze	0.7723
genial	0.7697
Godwin	0.7668
gout	0.7609
grasslands	0.7606
genitals	0.7572
Gabe	0.7530
Giuseppe	0.7518
Gramsci	0.7511
Gibbon	0.7482
gig	0.7433
gunfire	0.7380
gunner	0.7363
Gaston	0.7323
girlfriends	0.7321
girdle	0.7320
Grady	0.7295
gnostic	0.7290
GOP	0.7287
GD	0.7284
gardeners	0.7274
gallbladder	0.7254
Gladys	0.7209
glee	0.7207
gelatin	0.7203
guardianship	0.7191
Gunn	0.7190
gymnasium	0.7174
Guadalupe	0.7144
GaAs	0.7141
glitter	0.7098
glimpsed	0.7097
Geophys	0.7090
gums	0.7085
Gillian	0.7040
Garvey	0.6987
gu	0.6979
gleamed	0.6972
Gillespie	0.6953
Guido	0.6947
gourmet	0.6926
Garfield	0.6914
Gilles	0.6903
GSM	0.6900
grandiose	0.6863
greenish	0.6861
govemment	0.6844
groaning	0.6842
genomics	0.6840
Goddard	0.6835
gruesome	0.6820
GABA	0.6800
Glover	0.6788
gutter	0.6786
galactic	0.6775
genders	0.6763
Ga.	0.6757
Greenfield	0.6734
guerre	0.6730
generalised	0.6722
Geoff	0.6710
gable	0.6708
grate	0.6692
garnish	0.6675
Giorgio	0.6663
glided	0.6655
glycerol	0.6647
gambler	0.6625
geologists	0.6606
glorify	0.6587
glassy	0.6584
guesses	0.6578
Guillaume	0.6555
Gemini	0.6534
Granger	0.6497
Gita	0.6495
Gilman	0.6489
grammars	0.6488
Giroux	0.6471
gallows	0.6468
glycoprotein	0.6461
Gutierrez	0.6452
goodnight	0.6440
Grimm	0.6434
governess	0.6426
GAAP	0.6410
giggling	0.6381
Grange	0.6373
Gruyter	0.6373
Germain	0.6373
Gottingen	0.6368
growl	0.6330
Gestapo	0.6328
grenade	0.6324
genteel	0.6283
gravy	0.6283
GT	0.6282
gravitation	0.6282
guerra	0.6269
grenades	0.6262
Greer	0.6247
gypsum	0.6230
galloping	0.6224
Goa	0.6211
glycol	0.6207
grudge	0.6206
gateways	0.6201
geometries	0.6192
Ginsberg	0.6186
glutathione	0.6184
gist	0.6167
groans	0.6156
gorilla	0.6150
gust	0.6144
gli	0.6133
Goffman	0.6127
Gilmore	0.6120
godfather	0.6119
garnered	0.6091
Gregor	0.6090
glimmer	0.6074
grapple	0.6070
gauges	0.6062
Ganges	0.6036
Gifford	0.6033
giddy	0.5992
gaiety	0.5984
gymnastics	0.5973
genitalia	0.5969
grizzly	0.5954
Gonzales	0.5951
grazed	0.5942
Gogh	0.5917
grunt	0.5912
Gower	0.5902
gamblers	0.5897
grandchild	0.5895
gangster	0.5886
Gunther	0.5865
Gy	0.5854
Godhead	0.5849
G.A.	0.5838
gratuitous	0.5835
grimaced	0.5832
GST	0.5824
gan	0.5823
gully	0.5823
giggle	0.5815
Garth	0.5807
GW	0.5801
gingerly	0.5793
Gauss	0.5789
galloped	0.5771
GIF	0.5758
Guyana	0.5756
glomerular	0.5753
garnet	0.5751
geographies	0.5740
GJ	0.5739
gamut	0.5724
gunners	0.5700
Gadamer	0.5672
grafted	0.5665
groping	0.5655
Grover	0.5653
groomed	0.5622
Granville	0.5594
gunshot	0.5586
Galloway	0.5582
Geertz	0.5575
gesturing	0.5567
Glaser	0.5567
Gastroenterology	0.5558
Gretchen	0.5549
guineas	0.5518
Gallimard	0.5514
Greeley	0.5506
guidebook	0.5502
grandmothers	0.5488
gatherers	0.5484
GAD	0.5476
Genevieve	0.5474
gladness	0.5472
Gottlieb	0.5436
Guam	0.5406
graze	0.5391
globalized	0.5385
grouse	0.5382
glycine	0.5373
gulls	0.5362
goggles	0.5354
Gottfried	0.5339
gratify	0.5315
Grenada	0.5313
Graf	0.5312
Govt	0.5303
gills	0.5284
gluten	0.5280
globular	0.5240
gaily	0.5238
gulped	0.5230
Gaia	0.5218
grumbling	0.5201
Greta	0.5192
gurney	0.5190
goodly	0.5173
guitars	0.5165
graced	0.5155
gazes	0.5144
Guangdong	0.5124
Geraldine	0.5113
Ginny	0.5110
groundbreaking	0.5102
gallantry	0.5098
Ghent	0.5082
ger	0.5071
gurus	0.5050
goings	0.5044
Gabrielle	0.5042
geothermal	0.5012
Girard	0.5011
Galbraith	0.5008
GFP	0.5006
Gilligan	0.4997
Greenspan	0.4995
gulp	0.4985
gras	0.4975
galvanized	0.4969
Guggenheim	0.4962
Grimes	0.4960
grudgingly	0.4941
gyrus	0.4936
goblet	0.4927
Grayson	0.4920
GG	0.4916
gritty	0.4909
Garry	0.4897
Gustave	0.4886
Gaines	0.4870
Golgi	0.4853
Galway	0.4839
gerontology	0.4835
grappling	0.4830
G.M.	0.4829
geologist	0.4828
Galveston	0.4821
gala	0.4816
grub	0.4813
Galicia	0.4804
garrisons	0.4800
glandular	0.4794
Gleason	0.4784
gull	0.4776
guarantor	0.4768
Ghosh	0.4764
Guo	0.4755
G2	0.4753
Gareth	0.4752
GPO	0.4738
gourd	0.4715
garret	0.4710
Gorman	0.4693
gadgets	0.4690
G.R.	0.4679
growling	0.4670
Guattari	0.4668
gnawing	0.4657
gloved	0.4655
galleys	0.4652
genealogies	0.4647
glial	0.4647
glint	0.4637
Grecian	0.4633
Gainesville	0.4629
gables	0.4612
grapefruit	0.4606
Guatemalan	0.4604
Gov.	0.4591
ginseng	0.4572
Grafton	0.4567
Ganga	0.4544
glazing	0.4542
Goebbels	0.4538
Georgie	0.4538
Goliath	0.4516
GF	0.4512
grad	0.4499
gentler	0.4496
genie	0.4494
GRE	0.4492
glucocorticoids	0.4489
Guinness	0.4488
Gracie	0.4480
guitarist	0.4477
grocer	0.4472
gent	0.4464
goto	0.4458
Guerrero	0.4456
gaudy	0.4433
gar	0.4431
gatekeeper	0.4428
gametes	0.4423
Garrick	0.4414
grandparent	0.4413
greyhound	0.4404
grander	0.4404
grotto	0.4398
Geol	0.4397
glorification	0.4396
glittered	0.4395
grower	0.4379
golfer	0.4378
Gallo	0.4378
Gough	0.4358
grimace	0.4355
glucocorticoid	0.4353
gynecology	0.4346
gangsters	0.4336
Gurion	0.4335
genitive	0.4316
generalizing	0.4285
gaol	0.4273
Gambia	0.4252
Gerd	0.4252
Gaius	0.4239
golfers	0.4237
Gunnar	0.4237
gingival	0.4236
Gayle	0.4222
glutamine	0.4215
graphing	0.4204
glistened	0.4186
Goldwater	0.4170
geographer	0.4159
Goths	0.4137
granularity	0.4135
Gott	0.4092
Guzman	0.4088
gorges	0.4087
gruff	0.4087
goody	0.4070
gov	0.4047
Guevara	0.4044
Ginsburg	0.4039
gasps	0.4036
Greenville	0.4032
Guangzhou	0.4032
Greenpeace	0.4026
garlands	0.3998
glycemic	0.3993
Gastroenterol	0.3992
ghettos	0.3991
Galton	0.3986
GnRH	0.3983
Griswold	0.3981
Guillermo	0.3980
grader	0.3976
G.S.	0.3957
GATS	0.3951
Guiana	0.3946
Geiger	0.3938
G.J.	0.3934
grasps	0.3928
gusto	0.3924
godliness	0.3922
Gerber	0.3919
Giacomo	0.3915
Grotius	0.3911
girth	0.3910
globulin	0.3897
gosh	0.3884
grasshopper	0.3877
gushing	0.3872
grinder	0.3868
geniuses	0.3850
gatherer	0.3839
gearing	0.3834
gettin	0.3833
GN	0.3826
G.W.	0.3817
Gregorian	0.3816
Gingrich	0.3807
globalizing	0.3796
geochemical	0.3796
grandes	0.3794
groped	0.3791
Gresham	0.3791
gorillas	0.3789
garter	0.3786
greenery	0.3781
G.E.	0.3765
gonadotropin	0.3759
Gillette	0.3751
grandest	0.3751
guaranty	0.3745
Goring	0.3737
gauntlet	0.3735
grout	0.3734
Grenville	0.3733
grapevine	0.3727
Gallic	0.3726
growths	0.3726
Giuliani	0.3725
generalisation	0.3721
goodies	0.3705
gatekeepers	0.3692
GNU	0.3681
Galerie	0.3680
gens	0.3674
grimy	0.3674
gentlemanly	0.3669
greets	0.3665
gales	0.3652
glosses	0.3651
gritted	0.3646
Gruber	0.3643
gradations	0.3632
gash	0.3631
Godard	0.3627
gusts	0.3615
glider	0.3608
Greensboro	0.3607
Gini	0.3606
geotechnical	0.3605
Gemma	0.3605
giggles	0.3601
Garibaldi	0.3598
Gawain	0.3597
geopolitics	0.3586
γ	0.3583
gushed	0.3571
GTP	0.3554
greased	0.3553
gnarled	0.3548
grunts	0.3544
grandfathers	0.3539
gubernatorial	0.3534
grins	0.3517
gauged	0.3516
gating	0.3513
Gunter	0.3513
godless	0.3502
geometrically	0.3500
genuineness	0.3492
glucagon	0.3485
gegen	0.3479
getaway	0.3479
gleefully	0.3468
Goodrich	0.3466
goldfish	0.3464
granule	0.3452
Garnett	0.3440
guises	0.3439
gush	0.3436
givers	0.3433
Gulliver	0.3432
germinate	0.3430
greener	0.3427
grammatically	0.3427
gloriously	0.3426
germane	0.3422
gia	0.3418
Ghanaian	0.3408
ganz	0.3406
globes	0.3405
gratings	0.3402
germinal	0.3402
garages	0.3397
gonadal	0.3397
Gorky	0.3397
Gnosticism	0.3392
gunboats	0.3364
grasshoppers	0.3355
GK	0.3354
grayscale	0.3349
glycolysis	0.3346
gangrene	0.3340
gutters	0.3339
Gonzalo	0.3330
generically	0.3329
gregarious	0.3327
guerilla	0.3325
granulation	0.3318
Goode	0.3314
Gregorio	0.3295
gaped	0.3295
generis	0.3293
Gros	0.3287
godlike	0.3277
grime	0.3274
glean	0.3265
García	0.3264
GCC	0.3260
glade	0.3247
G.C.	0.3246
giraffe	0.3241
Gauguin	0.3239
Genoese	0.3230
gonorrhea	0.3229
girlish	0.3226
gauging	0.3215
Gautier	0.3214
Gilroy	0.3209
Geary	0.3208
Groningen	0.3207
gradation	0.3207
groundless	0.3204
grueling	0.3202
grisly	0.3194
Geddes	0.3191
grays	0.3190
generale	0.3174
glows	0.3171
governorship	0.3162
grayish	0.3160
Galilean	0.3159
glycoproteins	0.3155
Gustavus	0.3154
gulch	0.3153
guillotine	0.3145
godmother	0.3141
gossiping	0.3136
Graeme	0.3136
G.L.	0.3130
generalist	0.3122
Gazetteer	0.3114
gunman	0.3114
grunting	0.3112
gullible	0.3112
Golding	0.3107
greedily	0.3106
gallantly	0.3103
glossed	0.3093
Giulio	0.3090
girders	0.3087
Grosvenor	0.3082
grandsons	0.3077
Gerson	0.3071
Gantt	0.3060
Guantanamo	0.3053
Gabon	0.3045
Goodyear	0.3045
Giotto	0.3042
grappled	0.3042
G.P.	0.3028
gunned	0.3027
Giordano	0.3027
guile	0.3026
Goff	0.3021
generalities	0.3016
Goya	0.3012
glassware	0.3008
grille	0.3005
Gustavo	0.3000
Geist	0.2999
grooms	0.2986
guanine	0.2985
Gaskell	0.2984
Graz	0.2978
geophysics	0.2974
girder	0.2965
Gilpin	0.2964
Gutenberg	0.2963
grands	0.2951
girlhood	0.2946
Gino	0.2943
goblin	0.2940
gastroesophageal	0.2940
grantee	0.2935
Gautama	0.2934
Geronimo	0.2934
Glencoe	0.2927
gasket	0.2926
G8	0.2921
Goldie	0.2919
genocidal	0.2919
grudging	0.2916
Galapagos	0.2915
greening	0.2914
Gloucestershire	0.2908
gingerbread	0.2907
granulomatous	0.2905
Grenoble	0.2892
Gide	0.2889
gutted	0.2888
goddamned	0.2883
gastritis	0.2880
gunning	0.2878
gloomily	0.2877
G.H.	0.2872
gravis	0.2872
Guadalajara	0.2860
gnawed	0.2856
graver	0.2853
goo	0.2853
glimmering	0.2842
guttural	0.2840
G.B.	0.2838
Gauls	0.2836
gurgling	0.2826
Gianni	0.2819
goofy	0.2818
generalizability	0.2814
guidebooks	0.2814
gazelle	0.2807
gagged	0.2806
geochemistry	0.2803
gigs	0.2775
Gogol	0.2773
grumble	0.2770
Gauthier	0.2769
G.D.	0.2762
Gershwin	0.2762
galactose	0.2761
grooved	0.2761
gravitate	0.2761
Grice	0.2752
Gila	0.2750
Glastonbury	0.2749
gadget	0.2745
GED	0.2744
Gatsby	0.2743
granuloma	0.2742
GPRS	0.2742
graying	0.2739
glomerulonephritis	0.2738
Groot	0.2735
Georgina	0.2730
Golan	0.2728
gnosis	0.2725
gunmen	0.2721
gendering	0.2721
Guadalcanal	0.2720
gallstones	0.2715
glides	0.2710
grandly	0.2710
glaciation	0.2710
Germaine	0.2708
givens	0.2705
grumpy	0.2701
geneticists	0.2693
Goodall	0.2691
GeV	0.2691
Gama	0.2687
gon	0.2687
Gartner	0.2684
grits	0.2679
gynecologic	0.2678
Gandhiji	0.2664
Gopal	0.2663
grupo	0.2663
ginkgo	0.2661
gopher	0.2660
Gallipoli	0.2655
Garber	0.2654
Gabriella	0.2647
gam	0.2642
gleams	0.2635
geomorphology	0.2634
grist	0.2634
gunnery	0.2633
gullies	0.2630
galvanic	0.2628
Gaspar	0.2628
Guardia	0.2623
Georgiana	0.2621
glut	0.2620
granulated	0.2618
gentility	0.2616
grievously	0.2609
ghee	0.2603
GMAT	0.2598
Gwendolyn	0.2594
Garza	0.2590
geriatrics	0.2590
gory	0.2586
groupe	0.2583
Gabor	0.2580
Greenblatt	0.2580
Gluck	0.2580
Gnostics	0.2566
genitourinary	0.2550
gadolinium	0.2545
grilling	0.2543
Greenleaf	0.2541
Gallatin	0.2541
Griggs	0.2536
Glenda	0.2534
Goetz	0.2530
gravest	0.2528
Grosse	0.2527
Guan	0.2522
Gellner	0.2521
globus	0.2503
Grierson	0.2502
glinting	0.2501
gilding	0.2488
G.I.	0.2487
Genghis	0.2481
Gorgias	0.2479
gondola	0.2474
gastroenteritis	0.2473
goblins	0.2466
Gilchrist	0.2461
Goss	0.2458
granary	0.2450
guardsmen	0.2448
Garfinkel	0.2444
globin	0.2441
glycosylation	0.2440
GFR	0.2439
Gilgamesh	0.2439
garish	0.2438
Genovese	0.2435
gonads	0.2431
gallium	0.2431
gestural	0.2428
Gomes	0.2420
guesswork	0.2414
Gandhian	0.2413
Gujarati	0.2411
gnome	0.2410
gente	0.2408
gladiators	0.2407
G1	0.2403
Guernsey	0.2402
Guha	0.2401
gangway	0.2398
gladiator	0.2391
granulocyte	0.2386
greenhouses	0.2385
gruffly	0.2381
Geller	0.2380
gramophone	0.2378
Genji	0.2376
Godel	0.2373
Galleria	0.2372
gravelly	0.2371
Gayatri	0.2371
germplasm	0.2371
Gillis	0.2367
gunboat	0.2367
Gonzaga	0.2365
goad	0.2361
Graeco	0.2359
galling	0.2357
giveth	0.2355
gambled	0.2355
gentamicin	0.2354
generalisations	0.2349
garbled	0.2340
Gilson	0.2335
GMT	0.2331
garnished	0.2329
germanium	0.2325
Gabriele	0.2320
Giuliano	0.2319
gluttony	0.2316
Glazer	0.2314
geek	0.2312
geranium	0.2307
Guadeloupe	0.2306
gravitated	0.2305
goldsmiths	0.2298
glenoid	0.2291
gendeman	0.2290
gentrification	0.2282
griefs	0.2281
Gustafson	0.2275
galena	0.2267
Goth	0.2264
Grosz	0.2262
Ghraib	0.2254
gobierno	0.2248
glorifying	0.2245
goers	0.2244
gibt	0.2237
gendarmes	0.2235
grizzled	0.2233
Grundy	0.2232
G7	0.2231
grainy	0.2224
goaded	0.2223
governmentality	0.2222
geodetic	0.2221
goiter	0.2208
gouge	0.2203
graven	0.2202
Gans	0.2197
Grainger	0.2193
grenadier	0.2189
Gethsemane	0.2185
Glendale	0.2184
glinted	0.2183
Gutman	0.2181
Glick	0.2180
globalism	0.2176
Greaves	0.2175
Girolamo	0.2158
Guildford	0.2157
guesthouse	0.2156
globules	0.2154
Gert	0.2151
golfing	0.2151
Grammy	0.2149
glioma	0.2148
gazeta	0.2142
Gerda	0.2142
Galician	0.2141
GMP	0.2137
goodbyes	0.2135
Goleman	0.2135
Gian	0.2133
geomagnetic	0.2128
gulag	0.2127
Graff	0.2121
Gibb	0.2119
Georgians	0.2117
gals	0.2109
grubby	0.2104
GHG	0.2102
giftedness	0.2097
grammarians	0.2095
grocers	0.2094
gambit	0.2092
GSH	0.2090
gamete	0.2086
gatehouse	0.2081
germline	0.2078
gab	0.2077
Gigabit	0.2074
Glynn	0.2063
Grote	0.2048
gunshots	0.2038
Gorham	0.2035
Gaylord	0.2030
gipsy	0.2019
grenadiers	0.2017
GCSE	0.2016
glib	0.2015
generalizable	0.2015
Gesammelte	0.2014
Gergen	0.2009
Guerin	0.2005
glazes	0.1999
Gagnon	0.1992
geniculate	0.1991
gibberish	0.1987
Greenwald	0.1986
Griff	0.1983
Gutmann	0.1983
gratia	0.1981
gruel	0.1980
Grinnell	0.1977
grimacing	0.1975
Gabby	0.1975
glyph	0.1974
gainful	0.1972
geyser	0.1969
groggy	0.1969
geisha	0.1962
Grossberg	0.1959
Goering	0.1956
GSA	0.1951
guano	0.1938
glutamic	0.1935
Gomorrah	0.1931
gauche	0.1921
González	0.1921
gossips	0.1921
gargantuan	0.1921
Ginzburg	0.1918
grotesquely	0.1915
gavel	0.1911
Garbo	0.1906
gluing	0.1905
Goldin	0.1904
galore	0.1902
guanxi	0.1901
Glyn	0.1900
gms	0.1899
Goldwyn	0.1896
guilders	0.1893
G.K.	0.1892
glum	0.1891
gimme	0.1890
G.F.	0.1889
grills	0.1886
gelding	0.1885
Gilead	0.1884
gynecological	0.1884
Greville	0.1880
grope	0.1876
groupthink	0.1876
Gwyn	0.1873
gready	0.1871
GEF	0.1870
Ghulam	0.1870
GMOs	0.1869
garrisoned	0.1867
grudges	0.1866
granddad	0.1865
gliomas	0.1858
granulomas	0.1857
greyish	0.1856
gravestone	0.1855
grog	0.1853
glowered	0.1852
greats	0.1846
Giza	0.1844
Grimshaw	0.1843
Groucho	0.1839
G.G.	0.1833
Gegenwart	0.1826
gazebo	0.1824
Gehrig	0.1824
Gesta	0.1822
Glasser	0.1821
Gerrit	0.1821
Garvin	0.1820
Ganesh	0.1819
groupware	0.1816
Guildhall	0.1811
Gael	0.1807
goeth	0.1804
Giardia	0.1804
Grantham	0.1800
geodesic	0.1788
gelatinous	0.1788
godsend	0.1784
gourds	0.1784
genotypic	0.1784
goblets	0.1781
gratuitously	0.1780
growls	0.1778
generics	0.1778
granaries	0.1774
Gunderson	0.1767
gingiva	0.1766
gulping	0.1764
geraniums	0.1764
Gass	0.1760
Gilliam	0.1758
generalizes	0.1754
gratuity	0.1752
Grier	0.1752
Galahad	0.1749
Gollancz	0.1749
galactosidase	0.1745
genotyping	0.1743
Germania	0.1740
Grimaldi	0.1738
gouvernement	0.1737
grieves	0.1736
gentlewoman	0.1734
glans	0.1734
grosser	0.1732
gringo	0.1731
Goldschmidt	0.1728
Gare	0.1727
Granth	0.1726
gelatine	0.1725
grantees	0.1724
golem	0.1723
gneiss	0.1723
Geyer	0.1722
Gly	0.1718
GAC	0.1716
gendarmerie	0.1715
Gannon	0.1715
galvanometer	0.1714
G3	0.1714
gingivitis	0.1712
gossamer	0.1711
Giddings	0.1708
gratis	0.1707
Galilei	0.1707
Gerlach	0.1702
gerontological	0.1700
gymnastic	0.1697
gris	0.1695
GSP	0.1694
graciousness	0.1694
girt	0.1693
gastrocnemius	0.1692
glades	0.1692
grubs	0.1692
gagging	0.1691
Gelman	0.1688
Grubb	0.1685
gynecologist	0.1684
gynecologists	0.1683
Gainsborough	0.1683
gape	0.1682
Gerhardt	0.1681
gridlock	0.1677
gander	0.1676
Ganymede	0.1670
gluteal	0.1668
Grumman	0.1667
Gilda	0.1665
globalised	0.1663
Gertie	0.1663
gearbox	0.1663
granitic	0.1661
Gordy	0.1661
Göttingen	0.1660
Gdansk	0.1660
glia	0.1656
Geriatr	0.1655
Guelph	0.1653
Gotham	0.1650
Gothenburg	0.1650
gratifications	0.1650
Georgi	0.1650
guiltily	0.1645
Gropius	0.1642
gnaw	0.1642
Giselle	0.1637
GMC	0.1637
glasnost	0.1636
groundnut	0.1636
gravels	0.1634
glycerin	0.1634
galleon	0.1630
Gaby	0.1627
glycosides	0.1626
Gaetano	0.1625
gouged	0.1622
Gissing	0.1622
gulps	0.1621
GSS	0.1621
Gard	0.1619
Gompers	0.1617
gobbled	0.1617
Gretel	0.1616
Guinevere	0.1614
Gilmour	0.1613
Guillain	0.1611
Grattan	0.1609
gunpoint	0.1607
Ghazali	0.1604
Glu	0.1603
gastro	0.1601
Gabriela	0.1597
gluconeogenesis	0.1596
gravestones	0.1593
Glock	0.1593
Gaddis	0.1592
Goldenberg	0.1591
Gudrun	0.1590
goatee	0.1590
Goteborg	0.1587
Gisela	0.1584
Grosso	0.1583
Grundlagen	0.1580
gluteus	0.1578
Goh	0.1577
Gottman	0.1577
glottal	0.1576
gator	0.1574
Gaya	0.1569
Giulia	0.1567
giraffes	0.1567
Gurr	0.1566
gleeful	0.1565
granulocytes	0.1565
generalise	0.1563
Gershon	0.1562
Gaithersburg	0.1560
glyphs	0.1560
Gynaecol	0.1559
général	0.1557
gnats	0.1556
Gosse	0.1556
Gottschalk	0.1553
Golgotha	0.1553
gimmick	0.1552
ghats	0.1551
gents	0.1551
gentium	0.1551
Gillies	0.1548
Germantown	0.1546
Gracia	0.1546
generalists	0.1546
Gerrard	0.1545
guidewire	0.1544
gantry	0.1542
germinated	0.1541
Gerontologist	0.1541
gesticulating	0.1540
Ghali	0.1539
gasification	0.1539
geht	0.1538
getter	0.1537
G.T.	0.1537
guid	0.1532
Guangxi	0.1531
giveaway	0.1531
Gitlin	0.1530
gassed	0.1528
GBS	0.1527
Gell	0.1525
grinds	0.1523
gur	0.1522
gloating	0.1520
greys	0.1520
guava	0.1519
g/cm3	0.1519
Guizot	0.1512
glumly	0.1512
generalship	0.1511
Goshen	0.1510
girded	0.1509
garrulous	0.1509
Gemeinschaft	0.1508
Gramm	0.1507
Gigi	0.1506
gustatory	0.1505
Gal.	0.1505
glens	0.1505
gladden	0.1504
Gottes	0.1501
Gamaliel	0.1501
Gassendi	0.1499
gemstones	0.1498
Grahame	0.1497
grandstand	0.1496
gliders	0.1495
glitch	0.1494
Gooch	0.1493
guiltless	0.1490
gabapentin	0.1489
Gilberto	0.1489
geneticist	0.1486
Griselda	0.1485
Goodenough	0.1485
Galvin	0.1485
gentlest	0.1484
Gaillard	0.1484
Goran	0.1483
garnering	0.1482
Gallus	0.1480
Grenfell	0.1477
GDI	0.1476
Gilder	0.1476
gumbo	0.1473
gorse	0.1472
Gwendolen	0.1472
Gaye	0.1471
GV	0.1468
GHQ	0.1467
gnat	0.1466
geospatial	0.1463
Giovanna	0.1460
Gucci	0.1460
Gerardo	0.1459
granddaughters	0.1459
Guglielmo	0.1457
guileless	0.1454
gende	0.1453
graphed	0.1453
geeks	0.1450
Grameen	0.1449
Genesee	0.1448
Grogan	0.1447
gung	0.1447
Galli	0.1446
gracilis	0.1446
GCM	0.1445
gat	0.1444
germinating	0.1442
graveyards	0.1442
gastrin	0.1442
Gamal	0.1440
Gombrich	0.1439
Gwynn	0.1430
Garda	0.1429
goalie	0.1428
Gosling	0.1427
gendemen	0.1426
Gabler	0.1425
gridiron	0.1420
granola	0.1418
Gregoire	0.1414
glitches	0.1413
Gershom	0.1410
GCS	0.1408
Godolphin	0.1406
geomorphological	0.1405
Gascoigne	0.1404
glimmered	0.1401
granites	0.1399
générale	0.1396
Gannett	0.1396
Guin	0.1395
Gow	0.1393
grammarian	0.1391
Godot	0.1388
Gouverneur	0.1388
generativity	0.1386
gynaecology	0.1385
Grimke	0.1385
gestion	0.1384
Gerais	0.1383
gastrostomy	0.1379
Gemara	0.1379
Glamorgan	0.1375
Gotha	0.1375
glares	0.1374
Gault	0.1374
goons	0.1374
Ginn	0.1373
gags	0.1372
Goldstone	0.1372
garnishment	0.1370
Grund	0.1369
Genl	0.1369
geologically	0.1367
Golda	0.1364
glottis	0.1363
Giinter	0.1363
guerillas	0.1363
Grieg	0.1355
Glas	0.1354
gracias	0.1353
gabled	0.1353
groat	0.1350
grates	0.1349
Georgette	0.1347
galls	0.1347
GABAergic	0.1347
gayly	0.1344
gunwale	0.1342
Gaspard	0.1340
Guyon	0.1339
glowering	0.1331
glycosylated	0.1329
Greenaway	0.1329
Geffen	0.1328
Greenstein	0.1328
Gómez	0.1323
Germanicus	0.1322
goddam	0.1322
gobble	0.1322
gangsta	0.1321
gotcha	0.1320
ges	0.1317
Gelb	0.1317
Gansu	0.1317
guarantors	0.1315
Gorgon	0.1314
gaskets	0.1313
gouache	0.1312
Gog	0.1311
givenness	0.1310
Gaon	0.1310
Gilly	0.1306
glycerine	0.1304
Gorton	0.1303
gnashing	0.1303
gerund	0.1303
Guizhou	0.1301
Genova	0.1299
Gobind	0.1298
gurgled	0.1297
Gelder	0.1296
gloried	0.1293
gaggle	0.1292
gyms	0.1288
GLA	0.1286
grossest	0.1285
gangplank	0.1285
G4	0.1285
Gwynne	0.1285
GMD	0.1284
granddaddy	0.1284
geomorphic	0.1284
Grau	0.1284
Giinther	0.1284
Granovetter	0.1282
generalissimo	0.1281
gai	0.1280
Guillen	0.1279
gnomes	0.1279
Goldfarb	0.1277
grouting	0.1276
griddle	0.1276
Guenther	0.1275
granulosa	0.1274
gurgle	0.1274
grimaces	0.1272
gonorrhoeae	0.1270
golly	0.1269
Guernica	0.1268
GPC	0.1267
GMO	0.1265
GABAA	0.1264
gecko	0.1263
Getz	0.1263
gayety	0.1263
Grazia	0.1262
Greenway	0.1262
Gadsden	0.1262
Garnier	0.1261
Gottfredson	0.1258
Galvez	0.1257
glues	0.1257
gooey	0.1256
gendy	0.1256
gouging	0.1255
G.N.	0.1253
geysers	0.1252
gamers	0.1252
Guttman	0.1251
goalkeeper	0.1250
gongs	0.1248
Guayaquil	0.1247
greenstone	0.1245
grandees	0.1239
gooseberry	0.1239
gages	0.1239
Groton	0.1237
Gant	0.1237
Genette	0.1237
Gordo	0.1236
Gaynor	0.1235
glomeruli	0.1235
Gish	0.1234
Greve	0.1233
Greiner	0.1232
glibly	0.1230
giddiness	0.1227
glazier	0.1226
Garrard	0.1226
Gobi	0.1225
Gratian	0.1225
goon	0.1224
Goldberger	0.1224
granulomatosis	0.1224
genii	0.1223
grinders	0.1221
gradualism	0.1217
gripe	0.1216
gunny	0.1215
glucosamine	0.1212
glorifies	0.1210
Glickman	0.1209
glisten	0.1209
Guanajuato	0.1205
goe	0.1204
Gallaudet	0.1202
gaff	0.1202
Goswami	0.1201
Gesetz	0.1197
Grasse	0.1196
godparents	0.1195
gloat	0.1195
grandi	0.1194
ghat	0.1194
Gallen	0.1189
glycolytic	0.1188
Gora	0.1187
glutton	0.1185
Gordian	0.1182
Graber	0.1181
goldfields	0.1180
glenohumeral	0.1178
Gwalior	0.1178
garbed	0.1176
gird	0.1175
Gurdjieff	0.1175
Gleeson	0.1174
Glanville	0.1172
Grasso	0.1172
Gehry	0.1171
greenbacks	0.1167
glaringly	0.1166
Gilmer	0.1165
Gul	0.1165
Gruppe	0.1163
gorged	0.1163
Guyer	0.1161
gravimetric	0.1159
gimmicks	0.1157
ganciclovir	0.1156
guardsman	0.1155
Gussie	0.1153
Greig	0.1150
Gustafsson	0.1150
GenBank	0.1146
Galatea	0.1144
glomerulus	0.1143
grandkids	0.1142
Geneve	0.1142
geocentric	0.1142
Garuda	0.1142
gullet	0.1141
Gruen	0.1141
GTPase	0.1140
grossed	0.1140
gladiatorial	0.1139
Greenhill	0.1138
Giraud	0.1137
Geburtstag	0.1136
Gazprom	0.1136
gelation	0.1136
gymnast	0.1135
galvanize	0.1135
gild	0.1135
Gunnison	0.1135
Garhwal	0.1133
Geer	0.1133
grayed	0.1131
Gokhale	0.1131
Gerhart	0.1127
Gaffney	0.1126
glutaraldehyde	0.1123
Guderian	0.1122
Gro	0.1122
Giscard	0.1119
galleons	0.1118
grandiosity	0.1117
gendarme	0.1116
Gagne	0.1116
GOI	0.1115
Giorgione	0.1115
Gbps	0.1115
gyration	0.1113
Govinda	0.1113
grouchy	0.1112
gluconate	0.1110
Giap	0.1109
Gammon	0.1109
gyro	0.1107
Ghoshal	0.1106
Galle	0.1106
Gielgud	0.1105
Godin	0.1103
Glassman	0.1103
girdles	0.1102
gossiped	0.1102
grownups	0.1102
Ghazi	0.1102
Grissom	0.1101
greyhounds	0.1099
Gridley	0.1099
Gustaf	0.1098
Gyorgy	0.1098
Gervais	0.1096
Gramps	0.1096
Grendel	0.1096
gastronomic	0.1094
GTE	0.1093
gauzy	0.1091
Gump	0.1090
glossopharyngeal	0.1088
glebe	0.1088
gamer	0.1087
Goldmann	0.1087
gigabytes	0.1087
gatekeeping	0.1085
Godzilla	0.1084
gazelles	0.1083
Gelfand	0.1083
Galatia	0.1083
geostationary	0.1081
Gamier	0.1080
Greenbaum	0.1080
Gambetta	0.1079
gymnasts	0.1074
Guarani	0.1071
Gramma	0.1069
Gotti	0.1069
Glaucon	0.1068
Gracchus	0.1067
Glaxo	0.1066
gentian	0.1065
glossing	0.1065
guardhouse	0.1065
Gagarin	0.1065
Giacometti	0.1065
guitarists	0.1064
Geert	0.1063
Gervase	0.1062
gawking	0.1061
geste	0.1060
Guba	0.1059
Galt	0.1059
gyn	0.1059
Gertz	0.1057
Goldhagen	0.1057
Geez	0.1056
Gaz	0.1056
GRP	0.1055
grete	0.1052
Gastrointest	0.1051
graveside	0.1051
Golub	0.1051
gritting	0.1051
Gaullist	0.1051
Gillett	0.1051
greenness	0.1050
grizzlies	0.1050
gra	0.1049
Greenough	0.1049
gynaecological	0.1048
gutta	0.1047
Garson	0.1047
Grenier	0.1046
Gooding	0.1046
gummy	0.1045
gingham	0.1045
godson	0.1043
groovy	0.1042
gleaning	0.1041
gladdened	0.1041
GAA	0.1040
girlie	0.1040
Garamond	0.1040
Gann	0.1040
Guinean	0.1039
Giambattista	0.1038
galled	0.1038
Grenzen	0.1038
gyroscope	0.1038
Gromyko	0.1036
Gertrud	0.1034
generall	0.1034
Gelles	0.1033
Govind	0.1033
gonad	0.1032
Garcilaso	0.1031
Guomindang	0.1028
gouty	0.1028
gib	0.1027
Gluckman	0.1025
Gratz	0.1021
gamelan	0.1020
governesses	0.1018
gerade	0.1016
GPI	0.1015
greatcoat	0.1015
Goulding	0.1014
Glantz	0.1014
Gondwana	0.1014
Grossmann	0.1012
Guibert	0.1012
GMM	0.1011
guar	0.1010
Gascon	0.1010
gravesite	0.1009
gonadotropins	0.1009
GPL	0.1009
gaslight	0.1006
Goodson	0.1006
grouper	0.1006
Geoscience	0.1005
Goldblatt	0.1005
Gallegos	0.1005
Grosseteste	0.1004
gwine	0.1004
Groth	0.1003
Gravesend	0.1002
GLM	0.1002
grandad	0.1002
garters	0.1002
gibbet	0.1001
gusty	0.1001
Gumperz	0.1001
guanosine	0.09998
Geri	0.09995
grammes	0.09988
Gaborone	0.09987
Gerth	0.09974
Gwyneth	0.09965
groundswell	0.09960
Grigg	0.09936
gassing	0.09918
Gandhara	0.09913
gangly	0.09909
galvanizing	0.09890
gpm	0.09881
Grandison	0.09875
geschiedenis	0.09864
ghoulish	0.09856
Geordie	0.09845
Glenview	0.09842
gulfs	0.09829
gainfully	0.09821
Gephardt	0.09815
Godavari	0.09809
Grassi	0.09797
Gillingham	0.09776
grazers	0.09770
Goebel	0.09764
Guang	0.09749
Gallia	0.09734
Geisler	0.09727
Gerstner	0.09719
gorgeously	0.09718
gullibility	0.09701
Gulick	0.09694
grata	0.09691
Giri	0.09678
Gamson	0.09666
griechischen	0.09662
Gregson	0.09662
gerrymandering	0.09658
glioblastoma	0.09654
Gol	0.09651
Ghanaians	0.09645
gifting	0.09643
globalising	0.09643
Grose	0.09629
Grabowski	0.09623
gringos	0.09618
glossaries	0.09617
gargoyles	0.09588
gloated	0.09577
Guth	0.09538
grapevines	0.09536
GSI	0.09531
grindstone	0.09519
gynecomastia	0.09504
G.V.	0.09484
Gaudi	0.09479
gambles	0.09474
Gautam	0.09470
Gakkai	0.09466
groundhog	0.09466
gratuities	0.09462
Giancarlo	0.09461
Gullah	0.09452
Graaf	0.09441
Ganesha	0.09421
Gaucher	0.09419
globule	0.09418
Guyanese	0.09417
gobbling	0.09402
GID	0.09380
gasses	0.09374
Goodale	0.09373
garnets	0.09358
gonococcal	0.09354
Giessen	0.09350
guideposts	0.09339
ghazal	0.09328
G0	0.09322
Godoy	0.09315
Goodin	0.09313
galvanised	0.09312
Gurley	0.09306
Gedanken	0.09302
grads	0.09293
Gotama	0.09280
Gennaro	0.09274
Goodfellow	0.09259
Galina	0.09248
glassed	0.09248
Guwahati	0.09233
gondii	0.09228
graduations	0.09205
glitters	0.09205
gastropods	0.09191
Gillen	0.09180
Gangetic	0.09177
Granta	0.09177
Goldilocks	0.09174
Gesell	0.09161
Gascony	0.09144
Grune	0.09142
Gilgit	0.09137
gunships	0.09135
gleanings	0.09134
gardenia	0.09134
Greenhalgh	0.09124
Gomer	0.09114
GPU	0.09096
gargoyle	0.09081
Gauri	0.09074
Gowan	0.09069
geben	0.09067
Garg	0.09063
gamekeeper	0.09039
Gottlob	0.09033
greenbelt	0.09026
Grozny	0.09020
glutinous	0.09017
Gordimer	0.09016
goodlooking	0.09015
genially	0.09015
GUIs	0.09014
Grenadines	0.09005
Gubar	0.09004
Ghose	0.09001
gouges	0.09000
Garrow	0.08998
Galindo	0.08995
Genentech	0.08989
gossipy	0.08959
glob	0.08954
Glenwood	0.08954
gashes	0.08951
grayling	0.08943
gewesen	0.08942
goading	0.08941
Goodchild	0.08939
Geographie	0.08930
Gleick	0.08918
guage	0.08916
GQ	0.08908
gentes	0.08904
gushes	0.08890
Grammatik	0.08875
Gounod	0.08868
Gehenna	0.08850
Garrod	0.08837
GNI	0.08834
GCA	0.08834
Gurkha	0.08820
gaucho	0.08807
graceless	0.08807
gainsay	0.08805
grado	0.08803
Gottesman	0.08789
Gatewood	0.08776
Grampa	0.08775
gophers	0.08775
gamely	0.08754
Goel	0.08749
gyrations	0.08747
Gillman	0.08743
godforsaken	0.08729
gos	0.08728
Grisham	0.08718
Geraldo	0.08712
Gurkhas	0.08707
Gladwell	0.08692
Gertler	0.08682
Gwynedd	0.08647
Geoffroy	0.08645
glace	0.08627
gaoler	0.08625
Gramscian	0.08624
ging	0.08618
gana	0.08615
Gilliland	0.08612
Gere	0.08586
gawk	0.08571
gutsy	0.08566
gravitating	0.08566
Grewal	0.08557
grownup	0.08555
Glueck	0.08552
goddammit	0.08551
Graziano	0.08549
Glendon	0.08549
Gazzaniga	0.08547
Gulati	0.08547
Gouda	0.08531
guardedly	0.08528
Graciela	0.08525
gainst	0.08523
Galland	0.08523
Galba	0.08513
GMA	0.08503
graben	0.08496
Gemeinde	0.08484
Garrido	0.08472
grubbing	0.08464
Garten	0.08458
Gildas	0.08458
Gatti	0.08444
grep	0.08439
Gouldner	0.08438
Gerontol	0.08435
Gandy	0.08430
gainer	0.08420
grumbles	0.08417
glaube	0.08413
Grandin	0.08411
Godiva	0.08406
Gioia	0.08397
Gabel	0.08387
Geosciences	0.08383
grama	0.08381
guppy	0.08376
Grosset	0.08373
GLP	0.08366
GTO	0.08363
Gobineau	0.08340
grossness	0.08336
gunas	0.08333
gripper	0.08328
gins	0.08319
groundnuts	0.08306
Gaeta	0.08294
G5	0.08293
geodesy	0.08282
Granby	0.08275
guzzling	0.08269
Gutiérrez	0.08263
Glo	0.08257
Graceland	0.08250
glimmers	0.08241
gemacht	0.08233
Gatorade	0.08226
Gaertner	0.08220
grossing	0.08216
ghoul	0.08211
gastrulation	0.08211
Guarino	0.08208
Gio	0.08208
Grube	0.08200
Gallie	0.08200
Garrity	0.08192
ganze	0.08185
givin	0.08184
Graydon	0.08180
Galsworthy	0.08165
Greif	0.08162
Guatemalans	0.08162
Giorgi	0.08158
gyri	0.08157
glyphosate	0.08154
Greely	0.08147
gleich	0.08144
Gasset	0.08135
Garton	0.08109
Gaulish	0.08108
Gateshead	0.08107
gradualist	0.08100
gemstone	0.08099
gruelling	0.08099
gridlines	0.08092
Ginnie	0.08091
Galanter	0.08088
golds	0.08080
Glenna	0.08079
Geelong	0.08075
gulden	0.08065
guacamole	0.08058
gardes	0.08056
governorgeneral	0.08050
goldenrod	0.08030
Greider	0.08027
Graetz	0.08027
Gebhard	0.08021
goodnatured	0.08018
Gérard	0.08015
Gambino	0.08013
gyrating	0.08010
guna	0.08004
gob	0.07995
Grasset	0.07986
Goodhart	0.07979
Gasser	0.07972
Ginzberg	0.07958
Gewalt	0.07956
glucan	0.07955
gaiters	0.07946
GVHD	0.07941
gentlewomen	0.07935
ghouls	0.07914
Garin	0.07910
Georgy	0.07906
Galois	0.07902
Giannini	0.07894
Guicciardini	0.07888
Gilley	0.07888
glaciated	0.07887
grilles	0.07887
GLBT	0.07881
gastrectomy	0.07864
gest	0.07864
GDS	0.07859
Georgics	0.07854
Gauteng	0.07852
Geza	0.07844
gegenüber	0.07841
Grunwald	0.07838
gloire	0.07831
Genevan	0.07831
gipsies	0.07810
genere	0.07810
Gennep	0.07808
geniality	0.07805
Gebhardt	0.07805
Gua	0.07794
GLC	0.07793
Gamboa	0.07788
grandis	0.07783
gayest	0.07780
gooseberries	0.07777
Goneril	0.07775
Gabbard	0.07774
Guttmann	0.07762
glitzy	0.07758
Goldsworthy	0.07755
gunfight	0.07753
Ganguly	0.07749
gravitas	0.07743
Geach	0.07734
Gramercy	0.07729
Gratton	0.07722
grovelling	0.07720
geld	0.07692
genocides	0.07692
Gath	0.07690
gonorrhoea	0.07689
Gabi	0.07687
gluons	0.07680
Gianfranco	0.07680
gluttonous	0.07678
Greenock	0.07676
glittery	0.07675
Gleaner	0.07672
gallstone	0.07660
Galerkin	0.07658
gutting	0.07657
Grimms	0.07655
giorno	0.07654
Garo	0.07644
Guyton	0.07638
Gyatso	0.07635
guardrail	0.07629
gondolas	0.07622
gallops	0.07616
Glendinning	0.07605
Gallego	0.07602
Gombe	0.07597
grapples	0.07579
griping	0.07575
Gero	0.07571
groundwaters	0.07565
Grundlage	0.07556
grunge	0.07554
grammaticalization	0.07551
gorging	0.07550
Gallican	0.07548
Gau	0.07545
girly	0.07544
gazetted	0.07539
Gamow	0.07529
gyre	0.07516
Grigsby	0.07502
Gorda	0.07493
Gena	0.07491
grottoes	0.07470
Guyot	0.07466
Galla	0.07455
Godley	0.07454
Gaither	0.07444
goitre	0.07442
gazetteers	0.07435
guffawed	0.07430
grazie	0.07430
gracefulness	0.07394
greying	0.07389
gizmo	0.07388
grovel	0.07387
genealogists	0.07386
glauben	0.07386
genotoxic	0.07384
gravid	0.07373
goof	0.07362
GTZ	0.07359
gunfighter	0.07354
Graal	0.07334
Goncourt	0.07322
garlanded	0.07319
groupies	0.07312
GlaxoSmithKline	0.07303
gehen	0.07300
Grigory	0.07289
glasshouse	0.07285
groupes	0.07283
GEC	0.07278
greasing	0.07269
greenback	0.07266
Ghazni	0.07264
guffaw	0.07258
Giglio	0.07258
Gandalf	0.07256
Geeta	0.07246
Grammatology	0.07239
glutamatergic	0.07230
gato	0.07227
ganzen	0.07226
Gintis	0.07221
gumption	0.07218
Gove	0.07204
gamba	0.07200
Gumbel	0.07199
Goma	0.07193
Gopnik	0.07179
groveling	0.07178
gangrenous	0.07177
ganglionic	0.07176
Gotz	0.07173
Gormley	0.07169
Gerstein	0.07166
Grimsby	0.07163
groused	0.07150
grebe	0.07144
Gruner	0.07143
glycosidic	0.07138
GRI	0.07132
Goulet	0.07123
gaits	0.07111
Ghiberti	0.07105
gies	0.07090
Goldthorpe	0.07073
Grillo	0.07068
gittin	0.07060
gizzard	0.07056
gridded	0.07054
gaffer	0.07053
Gaudium	0.07043
Gibran	0.07024
goest	0.07011
greases	0.07001
Gotland	0.06996
Galtung	0.06995
gits	0.06995
Gaitskell	0.06989
gether	0.06984
gadfly	0.06975
gelling	0.06974
guten	0.06968
Garonne	0.06967
griffins	0.06965
generalising	0.06964
gie	0.06962
goer	0.06959
gneisses	0.06955
Gretna	0.06954
giveaways	0.06941
girdled	0.06934
Goncalves	0.06930
gener	0.06926
glitz	0.06925
Gavan	0.06921
Galston	0.06918
grater	0.06918
glutted	0.06917
gored	0.06917
gallants	0.06906
Gledhill	0.06902
genu	0.06900
Gambier	0.06895
greediness	0.06881
glucuronide	0.06881
Goodell	0.06867
GBP	0.06864
GCE	0.06855
Geochim	0.06855
Glaeser	0.06854
GLS	0.06844
glints	0.06839
Gellius	0.06838
Galeazzo	0.06831
GHB	0.06822
genistein	0.06811
geostrategic	0.06808
getters	0.06805
Guinier	0.06801
ganja	0.06800
grandmaster	0.06794
Gorcum	0.06785
genetical	0.06784
gerbil	0.06783
großen	0.06774
ghettoes	0.06768
Govan	0.06749
Gossett	0.06744
Gosselin	0.06735
gowned	0.06732
Goren	0.06729
Godunov	0.06729
Gegenstand	0.06718
globulins	0.06718
Gawd	0.06718
Grillet	0.06718
Gilbreth	0.06716
Gatwick	0.06716
gawked	0.06716
gerbils	0.06716
Guttmacher	0.06712
Girondins	0.06696
grabber	0.06692
Gehlen	0.06683
gainers	0.06682
Ghalib	0.06667
gliosis	0.06655
grayness	0.06648
governo	0.06642
Geis	0.06634
GTC	0.06632
gute	0.06629
Goodnow	0.06629
Greenlee	0.06600
Goodhue	0.06595
gracing	0.06588
GTPases	0.06588
gunwales	0.06580
Glengarry	0.06576
Gellhorn	0.06571
glabrous	0.06569
Gargantua	0.06562
Gyula	0.06530
Gallardo	0.06517
gude	0.06517
Gorski	0.06517
giro	0.06511
Gowon	0.06511
Garbarino	0.06492
genealogist	0.06487
Galvani	0.06482
GPR	0.06480
Geng	0.06468
Ghani	0.06465
gilts	0.06462
Ganesa	0.06457
Goldfinger	0.06456
gawky	0.06448
Goltz	0.06443
gegeben	0.06443
Guida	0.06432
Gwin	0.06421
G.O.	0.06414
GAF	0.06402
Giese	0.06396
Guidi	0.06391
groggily	0.06389
Guilbert	0.06381
gelled	0.06380
Golconda	0.06379
Goodlad	0.06376
Greenham	0.06364
grimmer	0.06358
goatskin	0.06357
Goldfield	0.06348
grossen	0.06345
glycosaminoglycans	0.06343
Goyal	0.06343
gers	0.06343
gusting	0.06343
Galan	0.06337
Gade	0.06336
Gees	0.06335
Gauleiter	0.06328
Gov't	0.06324
gymnosperms	0.06318
grimness	0.06318
glam	0.06307
Griffen	0.06298
Grundrisse	0.06295
GBM	0.06294
gashed	0.06294
Gast	0.06280
Goldoni	0.06276
Giemsa	0.06275
Grahamstown	0.06268
GOC	0.06267
Gordie	0.06261
Ganapati	0.06241
große	0.06233
greate	0.06231
gastronomy	0.06229
gaffe	0.06223
grammaticality	0.06222
gymnasiums	0.06215
Gunton	0.06213
Griliches	0.06209
Gaskin	0.06203
guillotined	0.06200
Girton	0.06196
gunship	0.06196
geworden	0.06193
Gigerenzer	0.06189
Grandy	0.06177
Gebel	0.06172
Günter	0.06170
Gaudens	0.06164
Goble	0.06163
govemments	0.06158
Geraghty	0.06154
Galinsky	0.06151
griot	0.06133
geezer	0.06132
gonadotrophin	0.06131
graveled	0.06126
Galenic	0.06124
Garofalo	0.06118
Groote	0.06116
Giedion	0.06110
gratefulness	0.06103
Gor	0.06102
gargle	0.06101
guesthouses	0.06099
Gretzky	0.06098
Gren	0.06095
Germano	0.06092
GIFs	0.06083
Gyan	0.06079
Gadgil	0.06074
Grasmere	0.06070
greatgrandfather	0.06069
gayer	0.06065
gripes	0.06064
Gascoyne	0.06058
Geistes	0.06054
Gunkel	0.06042
Globo	0.06041
grandee	0.06028
grandiloquent	0.06027
Gourevitch	0.06023
Galileans	0.06017
Gabrieli	0.06012
gabbro	0.06011
Gilmartin	0.06011
gesso	0.06010
Gisele	0.06009
Gryphon	0.06007
Gunung	0.05994
glycoside	0.05982
Gruppo	0.05977
Gentner	0.05976
Gnutella	0.05976
Guimaraes	0.05976
Gundry	0.05968
guttering	0.05964
Gottwald	0.05964
gobs	0.05957
Geissler	0.05954
Gosden	0.05948
gigabyte	0.05947
Gatling	0.05946
Guarini	0.05945
Gebiet	0.05935
goner	0.05926
gauntlets	0.05920
Gladwin	0.05919
glorying	0.05918
Garman	0.05914
Gerbner	0.05914
grecs	0.05913
ginning	0.05912
Gribble	0.05911
Glanz	0.05911
groins	0.05900
Geigy	0.05899
gristle	0.05888
Grob	0.05879
Gonda	0.05874
Gambian	0.05868
grandmamma	0.05866
Gordons	0.05864
Ganj	0.05858
gayness	0.05855
GSR	0.05847
Greimas	0.05847
Goossens	0.05843
Gort	0.05841
grâce	0.05840
Gellert	0.05838
gearshift	0.05832
gress	0.05832
Gisborne	0.05822
goldfinch	0.05804
Greenberger	0.05799
Ganda	0.05798
Gowing	0.05793
glimpsing	0.05790
glycolic	0.05777
Gulfstream	0.05774
Gomulka	0.05773
gestations	0.05764
gunk	0.05761
gators	0.05758
Gironde	0.05757
godfathers	0.05753
grec	0.05747
gentil	0.05737
Granados	0.05721
Gillet	0.05720
Grundmann	0.05711
Gehring	0.05710
Grandmama	0.05702
gramnegative	0.05699
geckos	0.05697
Goodstein	0.05694
gunslinger	0.05690
Glinka	0.05688
Goodwood	0.05686
Gaur	0.05682
Garfunkel	0.05678
Griffon	0.05673
Goan	0.05669
Giffard	0.05658
Glauber	0.05658
Geschwind	0.05651
Gorsuch	0.05650
grassed	0.05648
gerunds	0.05646
Gestaltung	0.05643
ganged	0.05637
Garwood	0.05633
Giovan	0.05631
Goulart	0.05626
Grene	0.05619
Gori	0.05613
Gruppen	0.05613
Grunewald	0.05610
grantors	0.05603
glauca	0.05599
Gorakhpur	0.05598
griechische	0.05587
Garay	0.05585
guffaws	0.05582
Geisel	0.05580
guestrooms	0.05569
Gloster	0.05563
gilds	0.05554
gapped	0.05552
gesticulations	0.05552
Gillon	0.05550
Grolier	0.05541
Grabbe	0.05537
Goold	0.05537
Gongora	0.05537
Gillam	0.05525
Grosjean	0.05522
Geoghegan	0.05521
grooving	0.05518
globality	0.05517
gizmos	0.05514
Garnsey	0.05508
gummed	0.05505
Gibeon	0.05504
Gaels	0.05498
Goree	0.05496
Governour	0.05492
Galante	0.05491
Guildenstern	0.05487
glycation	0.05483
grecque	0.05482
gadgetry	0.05482
Günther	0.05482
Gracey	0.05478
grotesques	0.05475
Godey	0.05474
gainsaid	0.05467
Gilboa	0.05465
Godkin	0.05465
greengrocer	0.05464
grapheme	0.05463
Gellman	0.05463
goniometer	0.05452
G6PD	0.05448
Geraint	0.05434
Ginevra	0.05432
Guillory	0.05426
Garratt	0.05419
grammaire	0.05415
gesehen	0.05413
Gaussians	0.05413
Godden	0.05412
germinates	0.05411
genau	0.05408
Graaff	0.05405
grandiflora	0.05404
g/m2	0.05400
gnaws	0.05398
Gessner	0.05396
gulley	0.05395
Guyatt	0.05393
geen	0.05384
Goliad	0.05381
Greenlanders	0.05376
Gyp	0.05371
Graefe	0.05353
gloaming	0.05352
geosynchronous	0.05349
goy	0.05345
Graeca	0.05338
glyceraldehyde	0.05337
Gulab	0.05335
galas	0.05330
Gesner	0.05329
Girona	0.05329
Glidden	0.05325
Gelber	0.05314
guarda	0.05310
glaciations	0.05302
Gregorius	0.05300
glycolipids	0.05296
grupos	0.05284
goofing	0.05281
geomancy	0.05278
glucosidase	0.05277
Greenfeld	0.05275
Gingerich	0.05274
greenest	0.05266
greenhorn	0.05259
Grece	0.05256
gastropod	0.05254
GIC	0.05253
Gaumont	0.05234
Galeria	0.05225
Gilgal	0.05220
grazes	0.05216
Gearhart	0.05215
Gwinnett	0.05214
Gunder	0.05209
Grubbs	0.05199
Georgios	0.05189
glycogenolysis	0.05187
Goodspeed	0.05177
Garver	0.05173
Gulbenkian	0.05172
goda	0.05165
gastroduodenal	0.05162
Gedichte	0.05155
groupie	0.05155
glabra	0.05146
glamor	0.05145
Goldsboro	0.05141
Genese	0.05141
grudged	0.05123
Godspeed	0.05120
griped	0.05114
gesticulation	0.05112
gravitationally	0.05109
gameplay	0.05103
gauchos	0.05101
grandfathered	0.05099
Grabar	0.05089
Gosport	0.05087
glower	0.05084
goggle	0.05066
Gianna	0.05061
gazettes	0.05059
Girardin	0.05057
GPAs	0.05054
glowingly	0.05054
Golomb	0.05053
Gericault	0.05053
Gesamtausgabe	0.05047
gigas	0.05040
Goethals	0.05040
gentrified	0.05032
Grutter	0.05027
Gaudet	0.05007
globalist	0.05004
Galeano	0.05000
Ginza	0.04984
gane	0.04983
gooders	0.04970
Goldwin	0.04968
Gewirtz	0.04965
Garnham	0.04964
greyness	0.04963
gari	0.04963
Gurevich	0.04960
Gunga	0.04959
grandpapa	0.04959
Ghandi	0.04957
geometer	0.04956
Girardeau	0.04956
Grieco	0.04949
Gowen	0.04947
gunsmith	0.04947
goads	0.04945
gibbering	0.04940
gnomic	0.04938
GGT	0.04937
giardiasis	0.04927
Glennon	0.04922
gravedigger	0.04922
Guntur	0.04919
gaols	0.04916
gravitates	0.04914
guaranties	0.04911
Guion	0.04910
Guillot	0.04897
grouted	0.04895
galoshes	0.04892
gleichen	0.04891
grayer	0.04889
Glissant	0.04886
Grigori	0.04885
ghettoization	0.04877
gigolo	0.04876
Gowda	0.04873
Golde	0.04864
Gali	0.04861
Graziani	0.04861
ghostlike	0.04857
Grable	0.04855
gangland	0.04848
gibe	0.04844
Gaultier	0.04842
Garside	0.04841
goosebumps	0.04841
Giron	0.04837
Goldhammer	0.04831
Giusti	0.04830
glacis	0.04830
Giffen	0.04827
Germanus	0.04823
Gimbel	0.04813
gymnasia	0.04811
gristmill	0.04796
grandsire	0.04787
Glaucus	0.04783
Gloriana	0.04782
Gotthard	0.04779
gnomon	0.04772
Georgii	0.04770
gastroenterologist	0.04765
Groen	0.04760
guerres	0.04759
Gertrudis	0.04748
GTS	0.04734
Gilbertson	0.04733
gimlet	0.04732
GX	0.04720
garners	0.04717
glistens	0.04717
gravities	0.04716
gibes	0.04715
Gotthold	0.04712
Gooden	0.04708
grav	0.04708
Girouard	0.04703
Gatto	0.04701
Greenhaven	0.04701
Gonsalves	0.04694
Gimenez	0.04690
Ghassan	0.04687
Gurevitch	0.04680
glossolalia	0.04680
Guadalquivir	0.04678
generales	0.04671
gropes	0.04667
Gorgonzola	0.04667
gnocchi	0.04658
Giornale	0.04648
Gricean	0.04645
Gerdes	0.04645
Gillmore	0.04639
gamesmanship	0.04638
glucoside	0.04634
Gibney	0.04631
groats	0.04628
Goulder	0.04624
GSK	0.04619
guppies	0.04614
Gegensatz	0.04613
Goodpasture	0.04611
graphitic	0.04609
Gennady	0.04607
Griffey	0.04607
gramme	0.04596
Gudykunst	0.04596
granulocytic	0.04582
girding	0.04579
grosses	0.04562
Gara	0.04554
Gerizim	0.04553
Gentili	0.04551
gesticulated	0.04551
Goertz	0.04550
Gynt	0.04543
Golder	0.04541
Gurgaon	0.04540
Gaebler	0.04539
gyroscopes	0.04531
Gillick	0.04525
gigantism	0.04521
GAOR	0.04514
Glos	0.04506
Goldmark	0.04497
gardenias	0.04496
gondolier	0.04494
Grimsley	0.04492
Geografia	0.04488
Gani	0.04487
Gheorghe	0.04486
graphemes	0.04479
Gallimore	0.04471
Grecians	0.04462
Goulburn	0.04460
Guralnick	0.04454
Gaster	0.04448
gnashed	0.04448
G6mez	0.04440
Giller	0.04439
Greenbrier	0.04432
Gilford	0.04432
Gorgas	0.04431
Gadd	0.04430
Grigor	0.04430
gooks	0.04429
Gmelin	0.04428
Galerius	0.04417
greensward	0.04409
Gunsmoke	0.04404
gesamte	0.04402
GTA	0.04402
gavest	0.04396
GCSEs	0.04392
girths	0.04391
Goudie	0.04390
ght	0.04383
Goodwyn	0.04382
Glucksberg	0.04382
gloomier	0.04381
goalposts	0.04381
Gaspe	0.04378
Guptas	0.04375
Gundersen	0.04372
grumpily	0.04371
grandstanding	0.04368
governorships	0.04357
Gilkey	0.04355
Ganong	0.04352
gnarly	0.04349
Gourlay	0.04347
Galison	0.04341
Gatos	0.04335
Gaitan	0.04334
gesagt	0.04332
Gibco	0.04328
guestroom	0.04327
gambols	0.04326
GPCR	0.04325
grungy	0.04324
Gaceta	0.04319
grazer	0.04314
gumming	0.04311
giv	0.04310
Glenny	0.04306
Gerty	0.04299
Greenwell	0.04296
growed	0.04296
Grassley	0.04294
Gopinath	0.04293
goldmine	0.04293
glycosuria	0.04282
Gimpel	0.04279
Gherardi	0.04276
Goldsborough	0.04274
Garces	0.04272
Galatian	0.04272
Grumbach	0.04268
globalize	0.04263
gynaecologist	0.04262
Gesu	0.04261
Giblin	0.04255
globs	0.04252
gigantea	0.04242
Guineans	0.04242
Gubrium	0.04241
Gusfield	0.04239
Galambos	0.04237
Galvan	0.04237
gaffes	0.04235
Gowers	0.04233
Grigson	0.04231
Garey	0.04223
Gibbard	0.04221
gehört	0.04221
Goschen	0.04219
Gerschenkron	0.04216
Goldner	0.04215
glasse	0.04214
gots	0.04213
getup	0.04210
gleichzeitig	0.04208
Grossi	0.04205
Geschlecht	0.04201
Guinee	0.04199
Guiseppe	0.04196
GRU	0.04193
garnishes	0.04193
Guidry	0.04192
Galesburg	0.04189
Gerome	0.04189
Guinan	0.04185
gravelled	0.04183
Giuliana	0.04180
Greenman	0.04180
ganging	0.04178
Goggin	0.04178
Gittings	0.04177
Gompertz	0.04174
Gyges	0.04169
grandstands	0.04167
Globetrotters	0.04166
Glendower	0.04165
Goldring	0.04160
Greystone	0.04159
Gazi	0.04155
Gregersen	0.04148
Ginette	0.04147
Gigante	0.04143
gratin	0.04143
glimmerings	0.04142
Goldhaber	0.04140
graspable	0.04140
Giger	0.04139
Gillan	0.04135
glaucous	0.04134
GCP	0.04133
groupwork	0.04133
Goulden	0.04131
Grandview	0.04131
gurgles	0.04116
gravediggers	0.04114
Geier	0.04112
G6	0.04112
glycans	0.04110
Goll	0.04108
Gerona	0.04103
glucuronic	0.04102
Godman	0.04102
Gulfport	0.04097
groomsmen	0.04093
Givon	0.04091
Guillemin	0.04088
goddamnit	0.04081
Grodno	0.04080
Gerritsen	0.04078
Gurin	0.04066
Genaro	0.04066
guanidine	0.04066
gabble	0.04065
Gracchi	0.04063
Galata	0.04058
Gubbio	0.04057
Gille	0.04054
Groh	0.04047
geeky	0.04045
Gaullists	0.04040
Gebrauch	0.04034
Gerri	0.04032
Gathercole	0.04030
grouch	0.04028
Gries	0.04026
Ghar	0.04026
gion	0.04020
glutamyl	0.04019
Greifswald	0.04018
Gatlin	0.04017
Guinn	0.04015
Gierke	0.04011
Gimbutas	0.04009
Gorin	0.04007
Gigli	0.04007
Gaudin	0.04006
goslings	0.04006
Grammer	0.04002
gratifies	0.04002
Geb	0.04002
Garreau	0.04001
Grandjean	0.04000
Gerbert	0.03998
gyros	0.03997
Goodridge	0.03994
gyroscopic	0.03994
Gregori	0.03993
gooder	0.03993
garrets	0.03988
Ghai	0.03987
Giraldus	0.03986
grapeshot	0.03984
Gipson	0.03981
Grunberg	0.03981
Gioconda	0.03981
graining	0.03979
Garzon	0.03977
goatherd	0.03974
già	0.03969
gious	0.03966
girdling	0.03965
Generalitat	0.03963
Golfo	0.03963
gusted	0.03962
Girish	0.03959
gyres	0.03957
Gimignano	0.03957
Gutteridge	0.03954
gotra	0.03952
Gopalan	0.03942
Grahams	0.03942
geometers	0.03938
Gwent	0.03936
giga	0.03935
Germanness	0.03934
Gaskill	0.03931
Gerechtigkeit	0.03922
Gendreau	0.03921
Grenze	0.03920
Gravenhage	0.03920
godlessness	0.03914
gracile	0.03913
Greenwillow	0.03912
gingko	0.03903
Gorelick	0.03903
Gliick	0.03901
gabardine	0.03901
granulations	0.03900
Gerrish	0.03900
Grecia	0.03896
Gesetze	0.03890
glyceryl	0.03887
Guichard	0.03882
goulash	0.03882
Gersten	0.03881
Gebauer	0.03878
Gleb	0.03877
Gabbay	0.03877
Galligan	0.03874
Germaniae	0.03872
gebracht	0.03872
Goodpaster	0.03871
Groff	0.03871
Garlick	0.03866
genotoxicity	0.03864
Grauer	0.03864
grammatica	0.03861
Gantz	0.03860
Goro	0.03858
Gramineae	0.03857
gaudily	0.03856
Gosta	0.03855
gamester	0.03852
gutless	0.03852
goverment	0.03850
goethite	0.03848
Georgio	0.03847
Gaddi	0.03843
graziers	0.03832
gata	0.03831
Gorz	0.03831
giantess	0.03826
Gipps	0.03826
Gelbart	0.03825
getaways	0.03824
Gaddafi	0.03820
Gaus	0.03813
gle	0.03812
Gaule	0.03810
gainsaying	0.03804
Gerstle	0.03803
grebes	0.03802
Gailey	0.03796
gesamten	0.03791
Grinberg	0.03791
ghosted	0.03788
Geral	0.03786
Gribbin	0.03784
govemmental	0.03783
Guantánamo	0.03782
gores	0.03776
Greil	0.03773
Grana	0.03773
Guia	0.03769
Garcfa	0.03767
guardroom	0.03764
gluttons	0.03761
Gaventa	0.03758
Gorden	0.03754
Galpin	0.03753
garbanzo	0.03750
giggly	0.03745
griots	0.03743
Gradgrind	0.03740
gazer	0.03734
Gujral	0.03731
Grammont	0.03729
Greenacre	0.03727
GRC	0.03724
Georgius	0.03723
GDM	0.03721
ghosting	0.03718
guzzled	0.03716
glamorized	0.03714
grounder	0.03702
gregariousness	0.03696
Gatlinburg	0.03693
genealogically	0.03685
gladsome	0.03681
Gaskins	0.03676
Giovannini	0.03675
grabbers	0.03675
Gortari	0.03674
Gallois	0.03671
Gasparini	0.03670
gefunden	0.03669
GAPDH	0.03669
Gladney	0.03669
Griechen	0.03667
Godefroy	0.03666
Gera	0.03664
Gendron	0.03664
GoLive	0.03661
Geogr	0.03660
Grell	0.03652
Gujrat	0.03642
gangways	0.03642
G.W.F.	0.03642
giddily	0.03641
Gola	0.03641
gesellschaftlichen	0.03640
Graebner	0.03639
Givenchy	0.03628
Grotta	0.03624
Gines	0.03620
greaser	0.03619
Gaspare	0.03612
Gagliardi	0.03611
grncirc@sulmail.stanford.edu	0.03606
Gwinn	0.03604
Gezer	0.03604
Gobel	0.03601
Gmail	0.03600
greeter	0.03593
Gleitman	0.03591
Geiser	0.03589
G10	0.03587
gehalten	0.03586
Gruyere	0.03580
guavas	0.03573
Gneisenau	0.03562
generali	0.03560
graffito	0.03558
Getulio	0.03556
groundcover	0.03554
groundskeeper	0.03552
Gonne	0.03551
guardrails	0.03550
glassworks	0.03545
Grabe	0.03542
genderless	0.03541
geschrieben	0.03540
Gopi	0.03534
Goncharov	0.03533
ganglioside	0.03530
Gurung	0.03526
gode	0.03526
gure	0.03513
Gr.	0.03508
governability	0.03507
graveolens	0.03505
gavage	0.03500
gametogenesis	0.03500
Geiss	0.03500
Glassner	0.03500
groweth	0.03499
Genève	0.03498
Grigorii	0.03491
Gidding	0.03474
Geno	0.03473
Gebiete	0.03473
gapes	0.03471
genies	0.03469
gunmetal	0.03467
Greenslade	0.03463
Georgiou	0.03463
Grilli	0.03463
gusta	0.03457
Glennie	0.03454
goddaughter	0.03453
grandmotherly	0.03453
Grinch	0.03452
Godalming	0.03451
Geest	0.03450
Gifu	0.03449
Gangadhar	0.03445
gigahertz	0.03444
GCMs	0.03444
gamekeepers	0.03436
Garraty	0.03435
Guenter	0.03435
GPP	0.03432
Geburt	0.03429
Grundlegung	0.03428
Gunnarsson	0.03417
Gassner	0.03415
genannt	0.03415
grotesqueness	0.03415
Gelpi	0.03413
Gillispie	0.03410
Garr	0.03402
gzip	0.03402
godhood	0.03401
gooseflesh	0.03398
glycols	0.03397
Gallaher	0.03396
guilder	0.03395
Gihon	0.03393
Graecia	0.03392
Ganesan	0.03392
genommen	0.03391
Gendai	0.03390
Gorki	0.03389
Galliard	0.03388
gallivanting	0.03386
goop	0.03386
Ghirlandaio	0.03385
Gela	0.03384
Griscom	0.03382
grecques	0.03380
generalpurpose	0.03378
Gothard	0.03374
GMAC	0.03373
Greeno	0.03373
Giverny	0.03371
Giardino	0.03371
Gesundheit	0.03370
gestalten	0.03366
Gillberg	0.03363
gence	0.03359
Grumet	0.03358
Gorlin	0.03353
Garon	0.03352
Gillard	0.03347
gambits	0.03346
Gogo	0.03341
Gilberts	0.03339
gover	0.03337
Gosnell	0.03333
Gorn	0.03330
gir	0.03326
genogram	0.03325
garnishing	0.03320
gloomiest	0.03319
GrecoRoman	0.03318
Gabrielli	0.03314
greatgrandmother	0.03313
globale	0.03312
goofed	0.03310
Gehrke	0.03310
Geta	0.03307
gravies	0.03305
gestellt	0.03304
Graw	0.03302
gation	0.03302
gelten	0.03301
GFAP	0.03300
governmentally	0.03299
Godgiven	0.03293
givest	0.03290
Girardi	0.03289
Gollwitzer	0.03288
godmothers	0.03287
Germer	0.03285
groupers	0.03285
giorni	0.03281
Gournay	0.03279
Gambrell	0.03278
goodie	0.03276
Gause	0.03276
Grafman	0.03276
gourmand	0.03275
Grampian	0.03271
GTR	0.03270
Gaea	0.03269
Glatzer	0.03268
Gordan	0.03265
Gairdner	0.03264
Giudice	0.03263
grommet	0.03262
gules	0.03262
Gasper	0.03260
Geochimica	0.03258
godowns	0.03254
gome	0.03253
Griinewald	0.03253
Grundriss	0.03253
garishly	0.03251
Greensburg	0.03246
gloominess	0.03243
gimp	0.03236
Gili	0.03236
Gornick	0.03234
Graybill	0.03233
gangliosides	0.03230
gargling	0.03228
greca	0.03219
gemcitabine	0.03218
Gossen	0.03217
glocalization	0.03216
Germanies	0.03215
Ganguli	0.03215
Gorey	0.03211
Giuffre	0.03210
Gatrell	0.03210
Galea	0.03210
glucuronidase	0.03206
Golay	0.03206
glissando	0.03202
Guillet	0.03200
GDPs	0.03196
Grisso	0.03190
gaieties	0.03189
Garn	0.03187
GCI	0.03185
Giunta	0.03183
grousing	0.03180
gentled	0.03175
Gallico	0.03175
genug	0.03174
grandmas	0.03174
Gyldendal	0.03174
Germanspeaking	0.03171
gekommen	0.03170
groomer	0.03164
gazers	0.03164
Gebhart	0.03164
grottos	0.03161
Gondwanaland	0.03161
groanings	0.03159
gerontologists	0.03158
grommets	0.03155
grannies	0.03153
gynaecologists	0.03153
gested	0.03146
Guzzo	0.03144
Guiche	0.03144
Gefahr	0.03142
gravidarum	0.03138
Germanization	0.03137
Garching	0.03136
gaolers	0.03134
Grunde	0.03133
Glaus	0.03132
Guilin	0.03127
guanylate	0.03123
Gamp	0.03122
guerdon	0.03120
Goudy	0.03119
Giardini	0.03118
godchild	0.03114
Gustavsson	0.03110
gangsterism	0.03105
Giardina	0.03102
Goslin	0.03101
grapefruits	0.03100
Gundlach	0.03099
Goos	0.03099
Galati	0.03097
grumblings	0.03093
gyrated	0.03088
Guay	0.03084
Graef	0.03081
Gioacchino	0.03081
Gord	0.03080
goshawk	0.03080
growin	0.03076
grappa	0.03075
Genlis	0.03072
Gitelman	0.03072
grito	0.03070
Geldof	0.03068
Ghaffar	0.03067
Geus	0.03062
Grigorenko	0.03061
Genetica	0.03060
gz	0.03058
grassroot	0.03058
gooseneck	0.03055
Guptill	0.03055
Gerold	0.03055
ghostwriter	0.03053
Guarnieri	0.03052
gewissen	0.03052
grimmest	0.03049
gnash	0.03048
Giustiniani	0.03048
Goriot	0.03041
Girling	0.03036
gastroparesis	0.03036
Golightly	0.03034
glasshouses	0.03031
Gillham	0.03026
Gopala	0.03023
Godine	0.03015
Geva	0.03012
gapping	0.03006
gusset	0.03006
Goodheart	0.03004
gearboxes	0.03002
gobbledygook	0.02999
Groos	0.02994
Gildea	0.02994
Gesicht	0.02993
Georgescu	0.02990
Giesen	0.02988
Globalisierung	0.02987
giblets	0.02985
Grotte	0.02984
Greenburg	0.02983
Germanism	0.02982
Glanvill	0.02981
gondoliers	0.02979
generalisable	0.02978
Gusev	0.02978
gobbler	0.02977
gladiolus	0.02971
gook	0.02969
Gleneagles	0.02967
Gollum	0.02966
Gibbins	0.02966
Gennes	0.02965
glycaemic	0.02965
Gasperi	0.02961
Galliano	0.02960
Gandharva	0.02960
Gorgons	0.02955
Ghibellines	0.02951
Grahn	0.02951
Godesberg	0.02936
Goucher	0.02934
guv	0.02933
Gesellschaften	0.02933
genic	0.02930
Giitersloh	0.02929
gabbling	0.02928
gling	0.02926
gasworks	0.02923
gret	0.02923
gulches	0.02921
gravesites	0.02918
glassful	0.02916
Goffin	0.02910
ghettoized	0.02910
Gesamtkunstwerk	0.02908
Geber	0.02903
Geschichten	0.02902
Gauhati	0.02899
Godelier	0.02892
Gatz	0.02891
gardened	0.02891
Greenlaw	0.02888
gewisse	0.02888
goed	0.02886
GPCRs	0.02886
Guglielmi	0.02882
Granma	0.02882
gambol	0.02877
gusher	0.02877
Gippsland	0.02876
Glancy	0.02876
Gersh	0.02875
Girod	0.02873
Guerard	0.02869
Goitein	0.02868
gloriam	0.02868
Gattung	0.02865
germicidal	0.02863
Gertner	0.02861
Glisson	0.02859
godparent	0.02855
gannets	0.02848
gawkers	0.02847
greasers	0.02843
gassy	0.02842
Gisbert	0.02841
gesticulate	0.02840
Gunilla	0.02838
gorget	0.02837
gibbous	0.02835
gezeigt	0.02835
Graywolf	0.02834
Granet	0.02832
Gurdon	0.02830
greatcoats	0.02827
goot	0.02826
Goldblum	0.02825
gofer	0.02823
Grunebaum	0.02822
goodby	0.02820
Goldbach	0.02820
gourmets	0.02820
ghrelin	0.02819
gyrate	0.02818
Gastonia	0.02816
grs	0.02814
Greyfriars	0.02814
guzzle	0.02813
Gordis	0.02809
glycosaminoglycan	0.02805
gemeinsam	0.02799
Gillin	0.02795
galant	0.02793
geistigen	0.02791
Gopalakrishnan	0.02790
Gielen	0.02788
Gereffi	0.02782
gewgaws	0.02779
gratiam	0.02778
gouts	0.02775
gentlefolk	0.02774
gestating	0.02771
goyim	0.02770
Grindle	0.02769
gaslights	0.02768
Gnaeus	0.02766
guff	0.02763
Gakuin	0.02761
Gelernter	0.02758
groundlessness	0.02756
gestalts	0.02753
gangling	0.02752
Grof	0.02751
glooms	0.02751
G20	0.02749
geldings	0.02747
Gittleman	0.02745
Gandolfo	0.02743
Guzmán	0.02741
garni	0.02739
greatgreat	0.02739
gadding	0.02737
Göteborg	0.02733
garrisoning	0.02733
Galeries	0.02731
gruesomely	0.02727
Grinstead	0.02724
Goodsell	0.02723
grandfatherly	0.02723
governmentsponsored	0.02721
geistige	0.02720
GSC	0.02718
geezers	0.02712
Goldscheider	0.02712
Gosford	0.02711
goby	0.02711
griseus	0.02707
Gerardus	0.02697
Gubbins	0.02696
Grijalva	0.02689
Gowdy	0.02684
Gager	0.02684
gurdy	0.02681
Gomme	0.02677
G.E.M.	0.02674
glomus	0.02673
guidepost	0.02672
Giraudon	0.02669
Gasparo	0.02668
Gozo	0.02668
glacially	0.02667
globalists	0.02664
Gergely	0.02662
graphology	0.02661
Guaymas	0.02660
Galassi	0.02660
Glasscock	0.02658
genannten	0.02652
geophysicists	0.02651
Gallucci	0.02650
groundings	0.02648
Grignon	0.02645
Gujaratis	0.02641
Gaddy	0.02639
gulags	0.02632
gimmicky	0.02628
greyer	0.02627
Graca	0.02622
gastroenterologists	0.02622
goodnaturedly	0.02621
Gotlib	0.02621
gulled	0.02615
garlicky	0.02611
Georgopoulos	0.02611
Goldwasser	0.02605
Garsington	0.02604
generalisability	0.02599
greeters	0.02597
grandparenting	0.02595
grise	0.02594
greenhorns	0.02594
Grunfeld	0.02594
Gabriola	0.02588
Groenewegen	0.02586
gazpacho	0.02584
gluey	0.02583
Gunnell	0.02581
Grzegorz	0.02579
Gesprach	0.02579
gabbled	0.02574
Giraudoux	0.02567
governable	0.02566
gravamen	0.02562
gremlins	0.02558
Gödel	0.02558
Geneseo	0.02557
genero	0.02553
galvanism	0.02552
goldenseal	0.02549
Guterman	0.02547
gibbets	0.02547
Guignol	0.02547
Geologie	0.02546
Gand	0.02545
grandnephew	0.02545
gunplay	0.02544
grindstones	0.02542
Gleerup	0.02539
Gewirth	0.02539
Girault	0.02538
gudgeon	0.02537
Germani	0.02534
Gedanke	0.02533
Gutersloh	0.02533
gorgeousness	0.02530
gabbing	0.02527
geboren	0.02527
Gallerie	0.02526
gallate	0.02524
Gyanendra	0.02524
Geschichtsschreibung	0.02523
gentlemanlike	0.02523
Germann	0.02522
Germanica	0.02520
Gianluca	0.02515
Gordin	0.02512
goggled	0.02509
geschehen	0.02503
Gruenberg	0.02500
gizzards	0.02498
gemeinsamen	0.02495
Gurman	0.02492
gatepost	0.02489
Gillray	0.02483
gladdens	0.02479
GARCH	0.02476
Geneviève	0.02468
grandeurs	0.02464
Gosset	0.02463
Grundgesetz	0.02457
Groner	0.02452
Gelasius	0.02449
gesetzt	0.02449
Greencastle	0.02441
garrulity	0.02441
gladioli	0.02441
Geir	0.02439
gestae	0.02438
goldfinches	0.02436
glycolipid	0.02434
gazillion	0.02433
Grammys	0.02432
Grod	0.02430
GWP	0.02427
Giang	0.02422
glassmaking	0.02421
GND	0.02418
Griffis	0.02417
glossitis	0.02416
Gudmundsson	0.02414
gesellschaftliche	0.02410
Gessler	0.02398
glibness	0.02393
Gerusalemme	0.02387
Govindarajan	0.02387
Gonville	0.02387
goiters	0.02382
gobbles	0.02381
Ginter	0.02381
Gemmell	0.02379
Gershman	0.02372
Guienne	0.02371
gleichsam	0.02369
Gastropoda	0.02368
Germanys	0.02368
Geistesgeschichte	0.02368
Gibeah	0.02367
Greven	0.02366
galvanise	0.02362
guesser	0.02362
Gedeon	0.02361
Greenstreet	0.02358
graininess	0.02358
glomerulosclerosis	0.02349
geschichtlichen	0.02347
geophysicist	0.02344
Golders	0.02344
Grodin	0.02342
genotyped	0.02342
GGA	0.02340
Gallienus	0.02339
guttered	0.02337
groundlings	0.02327
Grauman	0.02327
Gerin	0.02324
goveming	0.02316
glucans	0.02313
grano	0.02312
genuflect	0.02311
gloriosa	0.02308
Gilfillan	0.02307
Germanv	0.02307
glamorize	0.02307
genuflection	0.02305
garrote	0.02304
generalises	0.02300
Galium	0.02298
Glaubens	0.02298
Gilkes	0.02296
Geraci	0.02295
gah	0.02294
Genest	0.02291
glycan	0.02290
gleiche	0.02289
gunsmiths	0.02282
gelato	0.02281
GSD	0.02278
groundedness	0.02276
Goleta	0.02270
Groome	0.02270
gratifyingly	0.02270
godown	0.02268
gesprochen	0.02264
Gahagan	0.02264
Grantland	0.02262
grillwork	0.02261
Gladstonian	0.02254
Gimblett	0.02253
God's	0.02253
galactorrhea	0.02251
Gourley	0.02248
Goodland	0.02248
Gilovich	0.02245
glaziers	0.02245
goodhearted	0.02245
Gund	0.02243
Guianas	0.02237
Geuthner	0.02234
Gura	0.02234
gunfights	0.02226
G12	0.02225
gardism	0.02224
grubbed	0.02219
gateposts	0.02217
gams	0.02217
gests	0.02215
Graubard	0.02215
garder	0.02214
grimed	0.02212
Gingras	0.02210
Gilad	0.02205
Geog	0.02203
generallv	0.02202
grandiloquence	0.02200
globose	0.02195
Gossypium	0.02195
Gunaratna	0.02192
Glossop	0.02192
Glan	0.02185
gaga	0.02183
Gericht	0.02182
google.com	0.02181
Giovannucci	0.02181
Grenz	0.02180
Gen'l	0.02178
godchildren	0.02177
gropings	0.02174
gern	0.02173
Gambardella	0.02172
Gadara	0.02171
genos	0.02167
Gallager	0.02161
girds	0.02161
género	0.02160
Glinda	0.02155
gehort	0.02153
Giamatti	0.02150
Goderich	0.02149
Gotterdammerung	0.02139
gedacht	0.02138
Goethes	0.02127
Garis	0.02126
grippe	0.02120
Gouveia	0.02119
Gravier	0.02118
GMR	0.02112
Garand	0.02109
Gorlitz	0.02108
guesstimate	0.02106
gunslingers	0.02104
Glaswegian	0.02104
gloats	0.02103
gewinnen	0.02102
Guelphs	0.02102
gaged	0.02099
Gemeinden	0.02097
geschichtliche	0.02094
gargled	0.02093
godawful	0.02083
Gustavson	0.02076
Greenlandic	0.02071
gramophones	0.02070
gallantries	0.02069
Gonthier	0.02065
glycemia	0.02063
griseofulvin	0.02062
Graeber	0.02058
Guimet	0.02056
Gomel	0.02054
gerrymandered	0.02054
gherkins	0.02053
Gardena	0.02051
govemed	0.02049
Garzanti	0.02044
glossies	0.02043
Ghibelline	0.02042
Gruenwald	0.02038
Gatty	0.02038
guffawing	0.02037
Gelderland	0.02037
gruffness	0.02034
golpe	0.02031
grandniece	0.02028
goatskins	0.02025
Gervaise	0.02021
geopolitically	0.02016
gazebos	0.02014
gurneys	0.02010
Gavrilo	0.02007
Geena	0.02004
Girondists	0.02001
Gorter	0.01997
Giuseppina	0.01995
gradus	0.01995
Gaw	0.01994
geometrician	0.01988
Gibeonites	0.01986
Goettingen	0.01981
generalis	0.01977
Ghostbusters	0.01975
glottic	0.01974
greeny	0.01973
gree	0.01970
gunnysack	0.01964
guiltier	0.01957
Gravenstein	0.01956
Geurts	0.01956
gladder	0.01953
Guadaloupe	0.01948
Gaber	0.01948
Ghezzi	0.01944
Gembloux	0.01944
glucosides	0.01942
gae	0.01942
Gumpert	0.01940
Gaughan	0.01938
gestes	0.01938
Godfearing	0.01937
gladdening	0.01928
greengrocers	0.01927
genito	0.01925
gentians	0.01924
gamesters	0.01923
Grijalbo	0.01923
Garfinkle	0.01919
Gery	0.01916
galvanising	0.01915
grippers	0.01914
Glatt	0.01913
Gikuyu	0.01911
grazier	0.01910
Gozzi	0.01910
gegeniiber	0.01905
guileful	0.01904
Guiness	0.01901
greasewood	0.01901
Glazebrook	0.01898
Gorst	0.01897
Gerner	0.01896
Guericke	0.01895
goaldirected	0.01894
gravure	0.01894
Gussow	0.01893
Gramont	0.01892
Geschichtswissenschaft	0.01887
gamed	0.01885
Grundbegriffe	0.01883
Goupil	0.01883
Geometrie	0.01882
Gond	0.01882
goodquality	0.01881
Gruss	0.01881
Greenes	0.01880
goggling	0.01879
Gobain	0.01875
Guralnik	0.01874
guilts	0.01871
genteelly	0.01869
Genootschap	0.01869
genuflected	0.01865
Goffe	0.01864
Girardet	0.01859
Giulietta	0.01859
gremlin	0.01856
gantries	0.01854
Glenelg	0.01849
gemfibrozil	0.01849
grotesquerie	0.01847
greatgrandson	0.01846
Guilherme	0.01846
Gerardi	0.01844
garbs	0.01843
Gerar	0.01840
gleans	0.01837
Goslar	0.01836
girlishly	0.01832
Gatineau	0.01830
gluts	0.01830
Gades	0.01829
grot	0.01828
Grandet	0.01828
Graecorum	0.01825
Gotoh	0.01825
G9	0.01821
Grigio	0.01821
gaffs	0.01821
greasepaint	0.01819
glycosyl	0.01818
grannie	0.01809
gunfighters	0.01807
genderspecific	0.01806
geschaffen	0.01804
gth	0.01802
Gauntlett	0.01801
Gronlund	0.01801
gestate	0.01799
Gool	0.01798
Greuze	0.01797
grandness	0.01797
Giovani	0.01797
governmentowned	0.01797
gastronomical	0.01790
Goliaths	0.01787
Gennari	0.01786
gration	0.01780
GFI	0.01780
glomerata	0.01778
Gottdiener	0.01770
Geographica	0.01763
Ghia	0.01763
Grammaticus	0.01762
Geheimnis	0.01755
gerrymander	0.01754
Gildersleeve	0.01753
glassmakers	0.01753
Grainne	0.01753
gamy	0.01751
Greensleeves	0.01746
Gibert	0.01746
gobetween	0.01745
Giora	0.01745
Glenville	0.01743
groundbased	0.01743
Grotowski	0.01742
genuflecting	0.01740
gushy	0.01739
Gesang	0.01738
gemeinsame	0.01737
guished	0.01737
Giacinto	0.01736
Geographische	0.01735
Graeci	0.01732
Gotlieb	0.01732
groveled	0.01726
gerne	0.01724
guiltiness	0.01721
grackles	0.01720
ghastliness	0.01719
glanders	0.01719
Gallas	0.01714
Gualtieri	0.01713
Glascock	0.01710
glucuronidation	0.01709
Granier	0.01708
guages	0.01707
grandfathering	0.01703
gular	0.01701
Genealogie	0.01699
gou	0.01698
graphy	0.01696
Garmisch	0.01694
Guyenne	0.01694
Glamis	0.01691
gussied	0.01689
genderbased	0.01688
Gedi	0.01687
glassine	0.01687
grisaille	0.01685
Gizeh	0.01685
Gorer	0.01682
grumblers	0.01682
gentles	0.01680
gimmickry	0.01680
Gobbi	0.01679
greatgrandchildren	0.01678
Gratiot	0.01677
gentis	0.01673
Gaidar	0.01671
Galtier	0.01670
gradings	0.01668
geomorphologic	0.01667
gibber	0.01667
ginned	0.01665
Glossa	0.01665
Gesenius	0.01664
glop	0.01662
guter	0.01661
grayhaired	0.01660
Ghanem	0.01658
Gernet	0.01657
gardist	0.01657
Grégoire	0.01648
ganization	0.01645
grampositive	0.01640
grumped	0.01640
gradu	0.01640
Gobelins	0.01636
G.Y.	0.01632
généralement	0.01632
Gernsheim	0.01631
grounders	0.01630
GSE	0.01630
Gravina	0.01627
glocal	0.01626
Godward	0.01624
galactosemia	0.01621
gamey	0.01619
goodsized	0.01616
Gula	0.01613
Galactica	0.01612
gambrel	0.01608
Gallacher	0.01606
Guidotti	0.01605
Gallienne	0.01605
guardedness	0.01604
Gainsville	0.01603
Gesch	0.01603
goosed	0.01598
Giard	0.01597
Gallese	0.01597
Gaetan	0.01596
goodhumoured	0.01595
Galiano	0.01593
Gitanjali	0.01593
gillie	0.01593
groundfloor	0.01590
Germains	0.01589
gamboling	0.01587
groundhogs	0.01586
gawping	0.01583
Giraldi	0.01582
gelesen	0.01579
Goetzmann	0.01572
gehabt	0.01571
generationally	0.01568
gists	0.01567
Guiney	0.01566
gency	0.01564
gentling	0.01564
g/100	0.01561
getName	0.01558
garble	0.01558
gain'd	0.01556
gaoled	0.01551
Gargano	0.01551
Gaurav	0.01550
Grillparzer	0.01549
gutturals	0.01547
groined	0.01543
Guiscard	0.01541
Gibsons	0.01539
Gowrie	0.01538
gerontocracy	0.01538
Geryon	0.01537
groundskeepers	0.01536
Gallman	0.01533
Giraldo	0.01530
giganteus	0.01525
Guttenberg	0.01524
Grinstein	0.01524
gleaners	0.01524
gobbets	0.01523
Graesser	0.01521
Galicians	0.01520
geishas	0.01519
grafters	0.01518
greyscale	0.01513
gasolene	0.01513
GHGs	0.01513
Gharib	0.01512
grandiosely	0.01511
Googled	0.01511
grenadine	0.01509
gumdrops	0.01505
gridlocked	0.01505
gentilhomme	0.01504
Gauvin	0.01501
Gaiman	0.01500
Gaveston	0.01500
garded	0.01499
GU11	0.01499
gangue	0.01499
garniture	0.01498
guzzlers	0.01496
GBR	0.01496
Gredos	0.01493
grittiness	0.01492
G.R	0.01491
gestated	0.01491
grovelled	0.01485
Geltung	0.01480
gamin	0.01480
grogginess	0.01477
goût	0.01472
goaloriented	0.01467
glitterati	0.01464
gannet	0.01463
globalizations	0.01461
Gabbana	0.01460
gadflies	0.01456
guzzler	0.01456
Gange	0.01455
gathereth	0.01452
Goede	0.01450
Geochem	0.01448
gangbusters	0.01448
Glensanda	0.01447
Geisteswissenschaften	0.01446
gargles	0.01443
Geographia	0.01442
getan	0.01442
greatgrandparents	0.01442
ghostwritten	0.01439
gigabits	0.01438
Graecae	0.01437
Gleevec	0.01437
granularities	0.01434
Gln	0.01431
Guss	0.01426
Gaulois	0.01425
Geel	0.01423
girts	0.01421
gelded	0.01419
guesstimates	0.01418
goodwife	0.01418
G.P.O.	0.01416
Goor	0.01415
Grimaud	0.01411
Gookin	0.01409
Girdlestone	0.01408
Gesetzgebung	0.01406
G.W	0.01405
Gedachtnis	0.01405
Gerstenberg	0.01399
GCT	0.01398
genio	0.01394
Glarus	0.01392
Goldthwaite	0.01391
geblieben	0.01387
gigging	0.01387
Grundfragen	0.01384
Galil	0.01383
grampus	0.01380
gressive	0.01377
Grimani	0.01375
guilelessly	0.01374
Gallio	0.01373
Grimley	0.01369
Gassmann	0.01366
gourmands	0.01366
Gend	0.01365
GWOT	0.01363
Garretson	0.01362
grandbaby	0.01361
gambolling	0.01360
gullets	0.01358
Gehalt	0.01357
grumpiness	0.01356
garding	0.01355
Grisons	0.01350
Grunbaum	0.01349
grinded	0.01349
G.O.P.	0.01348
Giordani	0.01347
ganas	0.01346
Googling	0.01345
Geoforum	0.01345
geschieht	0.01344
galvanizes	0.01340
genitives	0.01340
globetrotting	0.01337
Georgiadis	0.01336
Giunti	0.01329
Gubler	0.01329
galleried	0.01327
Gipper	0.01327
glutinosa	0.01326
gentlefolks	0.01321
gulph	0.01320
guilelessness	0.01320
guillemot	0.01319
Galperin	0.01319
grittier	0.01318
Gebieten	0.01316
goatherds	0.01316
gimbal	0.01314
garcon	0.01313
gions	0.01313
Gorg	0.01312
glycocalyx	0.01310
Gitta	0.01310
Gallin	0.01306
gonzo	0.01304
gratulation	0.01303
ghasdy	0.01299
Gotter	0.01299
GTT	0.01299
Ganjam	0.01298
Gamel	0.01297
Goizueta	0.01292
Gorizia	0.01292
Griechenland	0.01291
gracelessly	0.01290
goosey	0.01289
GermanAmerican	0.01289
Gowans	0.01288
Goodison	0.01287
greened	0.01284
GraecoRoman	0.01284
Glasson	0.01283
greaseproof	0.01282
glistering	0.01281
guanidinium	0.01280
Gallica	0.01276
grapnel	0.01274
greedier	0.01273
Gibbes	0.01272
Gascons	0.01272
Guillou	0.01267
gangbangers	0.01258
Godet	0.01256
Granholm	0.01256
Gramlich	0.01253
genomewide	0.01253
Gerasimov	0.01252
Grohmann	0.01252
grizzle	0.01249
gemmed	0.01249
Gennesaret	0.01248
Germanistik	0.01247
Greengrass	0.01247
glycerides	0.01246
Galenson	0.01246
glamorously	0.01245
Gründung	0.01244
Gardners	0.01238
großer	0.01238
giustizia	0.01237
growler	0.01236
Gadsby	0.01232
grncirc@stanford.edu	0.01230
generaux	0.01227
gristly	0.01226
Goulds	0.01222
Gaviria	0.01221
glamorizing	0.01221
GIP	0.01220
Godzich	0.01207
gossipers	0.01207
Guedes	0.01206
Gadi	0.01205
glorie	0.01203
gled	0.01201
goofs	0.01201
granulocytopenia	0.01201
genuflections	0.01200
granduncle	0.01197
Geikie	0.01197
Giaour	0.01194
giovane	0.01193
greencirc@stanford.edu	0.01193
Guston	0.01192
Gerrards	0.01192
grotesqueries	0.01191
Grisi	0.01191
gmail.com	0.01189
Gansevoort	0.01187
Gomery	0.01184
grandiloquently	0.01183
Golfe	0.01183
glasslike	0.01183
Genzyme	0.01182
gratuitousness	0.01182
goalpost	0.01177
Groce	0.01171
Ghaziabad	0.01171
greatiy	0.01170
Glatz	0.01170
Germanized	0.01164
grosgrain	0.01163
gravi	0.01160
Grundziige	0.01160
gical	0.01159
gridding	0.01157
gabions	0.01152
Graner	0.01151
gentamycin	0.01150
gefilte	0.01150
graved	0.01149
Gentz	0.01146
Gelegenheit	0.01144
grumbler	0.01143
gaudiness	0.01142
gamine	0.01142
Gesetzes	0.01138
gratiae	0.01136
goahead	0.01126
gezogen	0.01124
Gregoriana	0.01121
G.P	0.01119
Gouraud	0.01117
gavotte	0.01114
gehören	0.01114
gemlike	0.01107
golfed	0.01100
Gdynia	0.01099
Grindal	0.01098
goodnights	0.01095
Grofman	0.01095
gimpy	0.01094
Grampians	0.01094
gettogether	0.01094
gauzes	0.01093
Greenpoint	0.01092
Geografiska	0.01091
groomsman	0.01090
Glamorganshire	0.01090
Gassman	0.01090
gentieman	0.01085
glossier	0.01084
Glahn	0.01083
Glenfield	0.01083
Ginkel	0.01081
géographie	0.01079
granulate	0.01078
gyrase	0.01077
Gidley	0.01076
gestis	0.01075
Gano	0.01074
Gandharvas	0.01073
Gole	0.01072
gendeness	0.01070
gettogethers	0.01066
gett	0.01064
geven	0.01059
guv'nor	0.01056
Goodacre	0.01055
gloriae	0.01053
gametophyte	0.01052
gashing	0.01051
Gespräch	0.01048
gue	0.01047
Gatens	0.01045
gelid	0.01044
gesto	0.01043
Garbe	0.01043
greatuncle	0.01039
Gair	0.01037
gratias	0.01036
Granvelle	0.01035
girlishness	0.01029
Gwaltney	0.01028
giugno	0.01026
gingery	0.01023
Gurian	0.01022
groundsel	0.01022
grump	0.01021
gaed	0.01019
Gegner	0.01018
Gavriel	0.01017
Ghatak	0.01016
glassblower	0.01015
Graphicraft	0.01014
gumboots	0.01014
Govindan	0.01014
Gimeno	0.01014
Garstang	0.01013
grandpas	0.01013
graving	0.01012
Grafica	0.01011
gei	0.01011
Ginet	0.01011
Glück	0.01010
Guérin	0.01007
Grun	0.01006
gerous	0.009995
gars	0.009966
Gretry	0.009881
gayeties	0.009861
Goodfellas	0.009852
goround	0.009843
gentlemanliness	0.009839
gibbered	0.009800
gunsight	0.009794
gewidmet	0.009771
Gentoo	0.009737
gambolled	0.009713
guaiac	0.009704
génie	0.009701
Gungwu	0.009692
goodhumored	0.009681
giue	0.009634
Gilby	0.009616
Gowland	0.009587
granges	0.009567
Gravelines	0.009563
gulleys	0.009542
Gurth	0.009535
gunnels	0.009511
gauger	0.009502
Gefühl	0.009491
Gately	0.009459
Girvan	0.009453
gud	0.009446
glassless	0.009437
Ghazzali	0.009428
Greekness	0.009417
Gerster	0.009417
ganglions	0.009408
Gutkind	0.009405
ghostliness	0.009378
Gottinger	0.009345
Geron	0.009302
gaan	0.009298
gyromagnetic	0.009279
Gewerbe	0.009266
goodliest	0.009262
Gbit	0.009253
Gloor	0.009208
Galeotti	0.009201
Goswell	0.009199
gering	0.009188
gravimetrically	0.009170
greenroom	0.009165
Gobelin	0.009158
ga2e	0.009136
Gastarbeiter	0.009134
Gazdar	0.009134
goners	0.009127
Genevese	0.009105
Ganter	0.009096
Gostin	0.009073
Gaal	0.009060
grammaticalized	0.009050
GL50	0.009042
Gonds	0.009041
Gleditsch	0.009033
Galal	0.009030
Gruenewald	0.009022
gibed	0.009013
Grenelle	0.008961
ginia	0.008959
Gekko	0.008958
Geerts	0.008954
gimcrack	0.008923
guillotines	0.008923
griefstricken	0.008921
Gerontius	0.008916
Gaustad	0.008914
Goldhill	0.008898
Gati	0.008873
glowers	0.008869
guestbook	0.008849
gegangen	0.008833
GUIDs	0.008820
Goldziher	0.008817
Gedicht	0.008808
geochronology	0.008806
Geetha	0.008775
gov.uk	0.008763
Glorieux	0.008743
Geismar	0.008734
guillemots	0.008692
Guercino	0.008680
GSFC	0.008678
glabrata	0.008676
Gernot	0.008599
Guerrini	0.008543
Gaut	0.008519
ga2ed	0.008492
Gulbarga	0.008492
greenly	0.008489
Galia	0.008480
gloomed	0.008476
Gargan	0.008476
gesting	0.008418
génération	0.008415
globalen	0.008411
Gutachten	0.008398
goodish	0.008361
Grafe	0.008359
Gasquet	0.008350
Gobbo	0.008334
Gafni	0.008325
glockenspiel	0.008317
Greyson	0.008308
Gilbey	0.008303
graybeard	0.008297
greediest	0.008287
Gedaliah	0.008274
globalizers	0.008267
genderneutral	0.008263
Gabinius	0.008254
gantlet	0.008252
Guiteau	0.008204
garroted	0.008184
gaine	0.008103
Grafen	0.008103
genitally	0.008097
gropingly	0.008076
Gregorii	0.008074
Gitmo	0.008068
Griesbach	0.008067
Gelatt	0.008054
grotty	0.008041
Gelinas	0.008025
gories	0.008004
geometricians	0.007989
gagner	0.007944
gimlets	0.007935
GM1	0.007921
giusto	0.007872
gered	0.007865
Gwendoline	0.007856
Giani	0.007836
googly	0.007827
Gulistan	0.007818
gaucherie	0.007818
Galbreath	0.007814
garam	0.007807
Gallet	0.007803
Giedd	0.007800
gumshoe	0.007789
Grif	0.007742
gamboled	0.007733
Giandomenico	0.007722
Grundzuge	0.007719
ga2ing	0.007715
garbling	0.007710
gelegt	0.007672
graters	0.007664
gegenwartigen	0.007610
Gwilym	0.007609
gradualness	0.007578
granulating	0.007569
gional	0.007567
GCHQ	0.007565
Greengard	0.007553
Groupement	0.007547
Gieben	0.007517
Gyles	0.007513
Gouy	0.007509
Glencairn	0.007500
Gehazi	0.007479
GGG	0.007477
Grantley	0.007432
Georgiev	0.007423
Geister	0.007421
Gerasa	0.007414
Gandara	0.007378
germicide	0.007376
Geniza	0.007374
georeferenced	0.007360
geographique	0.007338
gaun	0.007315
Guerrier	0.007315
G'day	0.007311
grat	0.007289
goofball	0.007273
grewsome	0.007268
Gelehrten	0.007252
Ghiselin	0.007239
generosities	0.007239
Glorieta	0.007230
guère	0.007226
grandbabies	0.007208
glooming	0.007203
glowworm	0.007176
Geheime	0.007167
Galiani	0.007154
greyed	0.007116
Greenhow	0.007116
gladius	0.007114
goodnature	0.007100
Gier	0.007089
glossiness	0.007084
Gebr	0.007053
Gilani	0.007051
guyed	0.007022
Gedruckt	0.007012
glish	0.006997
gobsmacked	0.006931
Genesi	0.006923
Gatton	0.006921
gauntleted	0.006902
gaudiest	0.006900
glycated	0.006896
Gliederung	0.006891
guanethidine	0.006884
GRINVerlag	0.006869
gefallen	0.006866
grisette	0.006860
glowworms	0.006840
gations	0.006837
gles	0.006817
gesticulates	0.006781
ghosdy	0.006765
gentrifying	0.006747
grilse	0.006736
Genin	0.006721
Grimston	0.006703
goingto	0.006700
Gemelli	0.006692
Gardin	0.006682
grassless	0.006674
genotypically	0.006664
Gütersloh	0.006658
gather'd	0.006626
govem	0.006615
Gracian	0.006597
gumball	0.006563
gestern	0.006537
glutes	0.006523
germanischen	0.006521
gelatinase	0.006481
Grangers	0.006480
gien	0.006480
garrulousness	0.006467
GetType	0.006440
Gacy	0.006438
Giacalone	0.006429
ganger	0.006424
geradezu	0.006422
Gaeltacht	0.006408
Guiliani	0.006399
Gegenteil	0.006399
gematria	0.006391
Goguen	0.006389
Gerken	0.006353
ghi	0.006310
Geroge	0.006310
Gabin	0.006310
Gritti	0.006301
gaited	0.006279
Giesecke	0.006231
Genscher	0.006225
Gammage	0.006224
Gnade	0.006220
Galápagos	0.006204
Gaud	0.006166
Gutterman	0.006164
grandsires	0.006146
Gundy	0.006144
glyburide	0.006141
Goni	0.006141
glees	0.006135
Gulielma	0.006126
Gadarene	0.006119
Gesprache	0.006103
Grubman	0.006096
Guenevere	0.006088
gateau	0.006085
Goujon	0.006070
gewonnen	0.006058
giv'n	0.006038
glug	0.006016
Greendale	0.006014
Galler	0.005991
guanaco	0.005984
gesellschaftlicher	0.005982
Gandini	0.005980
Gomara	0.005966
gristmills	0.005964
gamboge	0.005958
gauds	0.005937
Gebet	0.005928
gression	0.005926
Gleig	0.005913
gliadin	0.005910
gawp	0.005908
gentie	0.005903
généraux	0.005859
gentiemen	0.005857
Grinspoon	0.005839
gradated	0.005832
Geoderma	0.005818
Giner	0.005816
gangplanks	0.005816
groun	0.005800
goloshes	0.005782
Greci	0.005775
Gleichschaltung	0.005762
Gauloises	0.005740
Gordonsville	0.005724
gigantically	0.005695
gradational	0.005663
giveand	0.005659
gibbeted	0.005648
Gerstmann	0.005643
GDNF	0.005634
Göran	0.005619
galantamine	0.005607
Granda	0.005549
gardists	0.005549
Gaboon	0.005538
Gummi	0.005535
Grundzüge	0.005515
Galili	0.005511
gaue	0.005497
gringa	0.005490
gerecht	0.005477
Garmezy	0.005473
ganizations	0.005470
Guadarrama	0.005452
glycopeptide	0.005452
gTeat	0.005437
Gayton	0.005437
Gefen	0.005430
générales	0.005416
Gallicanism	0.005410
GPT	0.005408
Gallina	0.005403
gineral	0.005394
glamorization	0.005372
grafter	0.005334
garaged	0.005327
gigolos	0.005324
gemmules	0.005315
Goetze	0.005306
gintleman	0.005298
Ghirlandajo	0.005295
Gondomar	0.005291
guncotton	0.005286
gussets	0.005284
Grèce	0.005273
gladdest	0.005266
galoot	0.005246
Grindelwald	0.005239
Guayra	0.005208
geschlossen	0.005185
gangrenosum	0.005185
Grosart	0.005167
givo	0.005154
gauntness	0.005140
gobernador	0.005080
gutteral	0.005068
Gildon	0.005057
glutting	0.005039
genua	0.005039
Ghor	0.005033
Gazzetta	0.005023
Guldberg	0.005019
Galusha	0.005017
Galles	0.005012
geos	0.005008
glabella	0.004999
gentiy	0.004985
gangbanger	0.004968
Grassmann	0.004952
growingly	0.004943
gherkin	0.004931
Gleichheit	0.004920
Grusin	0.004918
grees	0.004912
Ghosal	0.004911
Gratiano	0.004900
ghostwriters	0.004898
Gasse	0.004885
governmentfunded	0.004880
greybeard	0.004869
gamins	0.004864
Galilée	0.004860
generi	0.004860
Gadus	0.004853
Gerow	0.004839
gyves	0.004828
Grangemouth	0.004822
Guillaumin	0.004821
Geman	0.004815
govemance	0.004812
gewisser	0.004804
Gandia	0.004801
glaubt	0.004795
gawped	0.004792
goodhumour	0.004772
garnishee	0.004747
Groombridge	0.004743
Glesne	0.004734
getragen	0.004725
groschen	0.004714
Gehman	0.004700
globals	0.004689
Gebert	0.004687
Guesclin	0.004685
gads	0.004662
gamesome	0.004662
Gennifer	0.004651
Gammer	0.004646
gudgeons	0.004631
Guerriere	0.004613
greataunt	0.004577
genderrelated	0.004577
Garba	0.004573
goateed	0.004568
grantedness	0.004566
Gouin	0.004559
greatgranddaughter	0.004554
Garmin	0.004548
Guelf	0.004527
Guzerat	0.004512
Gervasio	0.004498
gebunden	0.004485
g/cm2	0.004478
Glasworthy	0.004460
gimcracks	0.004442
goodhumouredly	0.004426
Goris	0.004420
Goodloe	0.004409
gibing	0.004402
gypped	0.004391
GarageBand	0.004380
Gosnold	0.004375
Goldsmid	0.004366
gallandy	0.004366
Goliah	0.004359
gruesomeness	0.004346
gloatingly	0.004335
gav	0.004332
Galarza	0.004310
grosbeak	0.004305
gunrunning	0.004289
Glassbook	0.004281
Glenorchy	0.004261
GCR	0.004236
Gitlow	0.004233
goalies	0.004222
Gillmor	0.004215
Gadol	0.004213
guaran	0.004213
Gentiana	0.004204
grandam	0.004198
gimbals	0.004186
gures	0.004182
Gothick	0.004179
Gahan	0.004179
Gracechurch	0.004175
Gasche	0.004175
gaijin	0.004155
G.I.s	0.004153
Granton	0.004137
Garlan	0.004132
Göring	0.004132
grapnels	0.004130
gastrula	0.004124
gioco	0.004123
Gile	0.004114
Gozzoli	0.004096
gaiter	0.004090
Garant	0.004088
Grokster	0.004088
gotchas	0.004083
Gosson	0.004076
Glynis	0.004076
Guillon	0.004065
guere	0.004054
Gazit	0.004050
Ghirardelli	0.004049
G418	0.004043
Guillén	0.004029
gadabout	0.004022
generalmente	0.004018
gied	0.004013
guildsmen	0.004000
gutwrenching	0.003996
gunnel	0.003996
goodmorning	0.003984
Grus	0.003966
Gomera	0.003946
Glanvil	0.003944
groomers	0.003939
gemeint	0.003939
galop	0.003935
gnawings	0.003931
guish	0.003926
Gye	0.003921
gallies	0.003910
Gorm	0.003901
Ghislain	0.003901
grounde	0.003901
Gravelotte	0.003881
goodtempered	0.003876
Gazza	0.003874
Glogau	0.003863
gasometer	0.003848
Grundtvig	0.003841
Goch	0.003838
grue	0.003834
Guadiana	0.003832
galvanometers	0.003825
Glocester	0.003821
Gonsalvo	0.003802
Geografía	0.003800
Goodnough	0.003793
Gathas	0.003793
G.C.B.	0.003789
Garraway	0.003787
géographique	0.003762
Generationen	0.003733
grubbers	0.003731
guh	0.003710
grumblingly	0.003708
Gabo	0.003706
governmentcontrolled	0.003699
griefe	0.003692
Gandhinagar	0.003670
growly	0.003668
GHRH	0.003666
geode	0.003656
Guelfs	0.003652
Gwatkin	0.003636
Georgic	0.003625
governorate	0.003616
grea	0.003607
gonadotrophins	0.003607
gallinaceous	0.003603
Giudecca	0.003591
gey	0.003578
gentibus	0.003578
Glynne	0.003569
Glimcher	0.003560
Geoffry	0.003560
guiltiest	0.003558
Greekspeaking	0.003556
Gelehrte	0.003555
Gittins	0.003547
Gyr	0.003533
Gourdon	0.003529
Grimwood	0.003520
gullied	0.003520
Griqualand	0.003517
grati	0.003517
Gerberding	0.003511
guarantied	0.003509
geh	0.003504
greensand	0.003495
grasslike	0.003490
Gonçalves	0.003488
governorates	0.003484
Gondi	0.003473
Guthrum	0.003470
Greatheart	0.003446
Galignani	0.003445
Garrisonian	0.003443
Greytown	0.003441
ghostwriting	0.003430
Goethean	0.003428
goatees	0.003417
Godt	0.003407
Giovannoni	0.003401
Gumby	0.003401
Gorboduc	0.003380
Geiste	0.003380
goodfor	0.003378
gunroom	0.003353
goodes	0.003344
gen'rous	0.003340
Gummere	0.003338
Grambling	0.003336
Ghauts	0.003333
guttersnipe	0.003324
gustibus	0.003324
Gliddon	0.003318
Goodwins	0.003316
greyhaired	0.003311
Gathorne	0.003311
galliot	0.003304
getteth	0.003304
Greathouse	0.003302
Gex	0.003300
Glaister	0.003297
Gothland	0.003282
Gummer	0.003270
Galitzin	0.003266
Graece	0.003264
gamecock	0.003262
gormless	0.003246
graybeards	0.003232
gebildet	0.003215
garçon	0.003212
Glasnevin	0.003210
Gargi	0.003208
Granja	0.003208
Glendalough	0.003205
garantie	0.003205
Grevy	0.003203
gorgets	0.003192
gudeman	0.003190
glaucum	0.003179
gire	0.003142
Gudule	0.003138
GNPs	0.003138
Galashiels	0.003134
Gustin	0.003127
Godl	0.003116
gendemanly	0.003104
gigawatts	0.003098
Gids	0.003098
guttapercha	0.003084
Gandhism	0.003084
Genseric	0.003077
Grunert	0.003075
Granicus	0.003073
GABAB	0.003071
Gaboriau	0.003069
Gunston	0.003055
genuflexions	0.003042
Grundfest	0.003042
graunt	0.003037
gainsayers	0.003037
Goosen	0.003023
Gherardo	0.003019
Goldston	0.002994
gilders	0.002983
goodnesse	0.002972
Gallicia	0.002967
Griesinger	0.002959
gones	0.002956
gi'e	0.002954
ghazals	0.002952
gowd	0.002950
Goins	0.002949
Goodfriend	0.002941
geve	0.002934
group.com	0.002916
Gottenburg	0.002860
garantir	0.002858
gaggles	0.002853
Gewicht	0.002848
glacialis	0.002846
giren	0.002837
grapeseed	0.002824
Gedächtnis	0.002801
guying	0.002801
Gossage	0.002795
glitt'ring	0.002792
Goar	0.002786
Gedney	0.002783
Grimmett	0.002775
grovels	0.002774
gen'leman	0.002770
Gorgona	0.002761
Gymnase	0.002759
Giralda	0.002754
glassily	0.002750
Gemeinschaften	0.002750
gnus	0.002743
glebes	0.002743
Gentilly	0.002730
grisettes	0.002727
Goncourts	0.002714
gavo	0.002714
Gameboy	0.002711
genauer	0.002707
Gilden	0.002705
GHS	0.002696
Graziella	0.002689
guessers	0.002687
gemman	0.002683
Glockner	0.002676
Ghaut	0.002665
Giffin	0.002665
groaneth	0.002664
Gabriels	0.002664
glaive	0.002644
gen'ral	0.002637
gaging	0.002633
goodnes	0.002620
Grassmarket	0.002608
Gotanda	0.002606
glassblowing	0.002597
gaffed	0.002595
groundlessly	0.002590
G'night	0.002588
GLQ	0.002588
Gerrity	0.002582
Gendre	0.002568
Guerrieri	0.002561
gelt	0.002559
griechisch	0.002550
gradum	0.002546
Gulshan	0.002536
gurl	0.002530
Grundlinien	0.002525
Guarneri	0.002518
getValue	0.002507
Giavazzi	0.002494
germinative	0.002489
Gezira	0.002471
gemmen	0.002463
Groeneveld	0.002462
gameness	0.002458
Grondin	0.002453
giveu	0.002453
goingson	0.002449
gunmaker	0.002447
goalsetting	0.002436
gruels	0.002436
Gervinus	0.002429
Gilling	0.002427
graunted	0.002426
Gurton	0.002420
Ganapathy	0.002418
Gewandhaus	0.002415
graffitied	0.002406
grosbeaks	0.002375
gi'en	0.002371
gradebook	0.002370
glucosuria	0.002368
guidon	0.002366
Ghada	0.002355
gov'nor	0.002344
Gravelle	0.002343
grinnin	0.002335
gen'lemen	0.002335
goopy	0.002316
gasified	0.002316
Gerke	0.002307
Götz	0.002303
guelder	0.002298
Grinling	0.002281
Giannetti	0.002272
Gawin	0.002263
Guffey	0.002263
Gemaldegalerie	0.002256
gobbledegook	0.002254
Garcias	0.002252
gratulations	0.002249
Girondin	0.002242
greaterthan	0.002238
gartered	0.002222
Gado	0.002220
Gueldres	0.002213
gouvernante	0.002206
Godself	0.002198
Gaudeamus	0.002193
Greenlander	0.002177
Gillo	0.002175
Gidget	0.002170
giuen	0.002164
Gladstones	0.002162
Guiraud	0.002160
govern'd	0.002157
guerras	0.002153
Geibel	0.002151
growlings	0.002150
Gargiulo	0.002150
gonadotropic	0.002142
guidons	0.002137
genteelest	0.002132
greybeards	0.002119
grieveth	0.002119
glim	0.002114
Girgis	0.002110
Gangopadhyay	0.002108
goodlier	0.002094
gew	0.002081
Garrigues	0.002079
gaberdine	0.002074
gownsmen	0.002065
Glasner	0.002061
Groll	0.002058
guessin	0.002058
gamest	0.002049
gossipping	0.002041
greeds	0.002040
Gospell	0.002038
Guipuzcoa	0.002032
grackle	0.002018
gobblers	0.002014
glamourous	0.002007
ginal	0.002002
gitting	0.001998
goodfellowship	0.001986
glow'd	0.001982
gived	0.001980
glancingly	0.001977
Greeke	0.001973
Gottheit	0.001971
glairy	0.001969
gunbelt	0.001966
Geppert	0.001959
Gadshill	0.001937
guider	0.001931
genti	0.001926
gladio	0.001924
gieat	0.001924
gridirons	0.001919
gaspingly	0.001917
geodes	0.001912
GU113HR	0.001910
gebraucht	0.001906
growne	0.001906
gateman	0.001899
gangstas	0.001895
glueing	0.001894
Gadarenes	0.001883
gaslit	0.001881
griddles	0.001877
gyve	0.001865
gowne	0.001863
gaz'd	0.001859
Glenlivet	0.001858
Gemot	0.001850
guilty7	0.001847
grizzling	0.001843
goldmines	0.001843
graveclothes	0.001836
gossoon	0.001823
gronnd	0.001812
grubber	0.001812
Grantha	0.001807
galloper	0.001803
gegenwärtigen	0.001802
grots	0.001802
Gattungen	0.001793
Gty	0.001791
gaudia	0.001785
GIGO	0.001784
gendewoman	0.001778
gnn	0.001773
gamblin	0.001764
gloving	0.001764
galumphing	0.001762
Guiliano	0.001762
Gastein	0.001760
Gelderen	0.001755
gridlike	0.001755
Groopman	0.001751
gaugers	0.001746
Gregorys	0.001742
grac'd	0.001742
gaen	0.001733
Gulielmus	0.001733
Granjon	0.001724
goodhumor	0.001720
goodhumoredly	0.001717
ganders	0.001713
ganado	0.001708
glassing	0.001704
gewgaw	0.001702
gaws	0.001693
ginghams	0.001690
glomerulosa	0.001686
graminivorous	0.001684
Grether	0.001681
gart	0.001674
Glucophage	0.001674
godship	0.001670
gaudier	0.001657
gav'st	0.001654
gatherum	0.001650
gody	0.001647
gallopped	0.001645
gaundet	0.001643
greenbelts	0.001639
gustily	0.001636
God1	0.001634
gratious	0.001627
granulosum	0.001623
gastronome	0.001619
goat's	0.001618
givings	0.001616
glads	0.001616
gloveless	0.001614
gormandizing	0.001612
genoux	0.001610
groan'd	0.001605
gaffers	0.001592
gaitered	0.001585
gerichtet	0.001585
Gholam	0.001585
gymkhana	0.001567
goatish	0.001564
Ghauri	0.001560
gildings	0.001558
glorifications	0.001555
guiltlessness	0.001549
Guanyu	0.001546
guardship	0.001546
Goldy	0.001542
gumma	0.001540
garrulously	0.001538
Germanize	0.001538
gasconade	0.001531
guideth	0.001524
gabbed	0.001520
gangers	0.001518
glommed	0.001518
glorioso	0.001511
gerundive	0.001504
glovers	0.001504
gelegen	0.001502
Godbout	0.001495
Girondist	0.001495
gnns	0.001491
gownd	0.001486
groggery	0.001484
givea	0.001482
girlies	0.001481
greasiness	0.001479
gaudio	0.001475
Goldfried	0.001473
Gottleib	0.001470
gillyflowers	0.001468
gleamings	0.001468
Greenbush	0.001466
grouud	0.001450
gards	0.001443
gushingly	0.001443
girthed	0.001443
Gibralter	0.001436
gingersnaps	0.001436
gainsayed	0.001432
Gardez	0.001430
gurglings	0.001425
Gardnerella	0.001423
Gomorrha	0.001419
gossamers	0.001417
geueral	0.001416
giudizio	0.001410
grasp'd	0.001399
ghastliest	0.001381
Gour	0.001372
grandiflorum	0.001365
greenheart	0.001365
genuflexion	0.001363
gendest	0.001358
grandame	0.001358
glister	0.001351
guardhouses	0.001349
greyheaded	0.001349
gentem	0.001344
giye	0.001342
glassblowers	0.001342
grindings	0.001342
girandoles	0.001335
Gyllenhaal	0.001324
gono	0.001324
gasometers	0.001324
goldenhaired	0.001318
genericity	0.001316
gluttonously	0.001311
grassgrown	0.001309
Gorres	0.001307
G.L	0.001300
gallipots	0.001298
generatione	0.001297
gunnysacks	0.001291
globulus	0.001288
gratingly	0.001280
Glycobiology	0.001279
Ghengis	0.001275
gonorrheal	0.001266
gamecocks	0.001259
gleesome	0.001257
gravity7	0.001253
growlers	0.001252
gregation	0.001252
graoe	0.001250
Geum	0.001246
geführt	0.001243
Geisser	0.001243
garmented	0.001241
greal	0.001239
gonococcus	0.001239
Garibaldian	0.001234
gnashes	0.001232
gulling	0.001232
gebruik	0.001232
Godj	0.001226
Gawande	0.001212
garrotted	0.001210
Geffrey	0.001210
ganized	0.001201
garlanding	0.001197
golucky	0.001197
Goddes	0.001190
gagement	0.001187
geous	0.001185
Gonen	0.001170
Guangming	0.001169
gossipped	0.001156
ghastlier	0.001154
grou	0.001149
goiug	0.001143
grans	0.001140
Gründen	0.001127
ghoulishly	0.001127
gutturally	0.001127
ghe	0.001124
garishness	0.001122
giganteum	0.001120
gossiper	0.001118
groining	0.001115
groß	0.001115
grassplot	0.001113
Größe	0.001111
gruffer	0.001105
glasswork	0.001100
genteeler	0.001096
gettings	0.001095
gry	0.001091
graygreen	0.001089
grayest	0.001089
gaspings	0.001086
Guandong	0.001071
goodliness	0.001066
growe	0.001064
geon	0.001059
guardar	0.001057
generosity7	0.001053
Geografie	0.001051
gloamin	0.001050
greasily	0.001046
giftgiving	0.001044
Ganser	0.001042
Gespräche	0.001042
gible	0.001037
guarana	0.001035
GraphPad	0.001033
glumness	0.001032
gastronomically	0.001019
guised	0.001017
gance	0.001015
genins	0.001012
graue	0.001008
glaces	0.001006
glossiest	0.001001
Gallos	0.001001
gingen	0.0009991
gira	0.0009883
Germanisches	0.0009883
gouverner	0.0009883
glissade	0.0009847
gestions	0.0009829
Garigliano	0.0009793
Gea	0.0009774
gintlemen	0.0009774
giddiest	0.0009702
greatnesses	0.0009630
Greiff	0.0009558
gyratory	0.0009522
GulfWar	0.0009504
getroffen	0.0009486
gine	0.0009486
geeignet	0.0009233
gota	0.0009125
gehe	0.0009125
gangrened	0.0009071
genitor	0.0009035
Gladbach	0.0008981
giebt	0.0008945
gradi	0.0008909
gelernt	0.0008873
greetin	0.0008873
Geor	0.0008873
gom	0.0008819
generatio	0.0008801
glorieth	0.0008566
graine	0.0008512
gleicher	0.0008476
Graczyk	0.0008422
graphique	0.0008386
gilled	0.0008368
globed	0.0008206
Genèse	0.0008097
gink	0.0008061
gré	0.0008043
geni	0.0008043
granter	0.0007935
genuit	0.0007899
gatherin	0.0007863
gowk	0.0007845
gewinnt	0.0007737
gigot	0.0007719
glozing	0.0007664
generat	0.0007538
garcons	0.0007430
guess'd	0.0007322
governe	0.0007304
glassmaker	0.0007286
gim	0.0007178
gase	0.0007160
gonfalon	0.0007051
globalise	0.0006997
griev'd	0.0006961
gutes	0.0006925
goutte	0.0006907
gremio	0.0006745
ginormous	0.0006745
guillotining	0.0006673
glori	0.0006600
goldmining	0.0006546
giv'st	0.0006546
goodbreeding	0.0006510
galere	0.0006438
garet	0.0006312
graviter	0.0006276
grabbin	0.0006276
giblet	0.0006240
G.I	0.0006240
gigantesque	0.0006222
groanin	0.0006186
gime	0.0006168
gregariously	0.0006132
grabby	0.0006114
Gdttingen	0.0006077
generalled	0.0006059
greengages	0.0005969
God'll	0.0005879
group.The	0.0005861
grayheaded	0.0005825
giveness	0.0005825
gloze	0.0005807
Godf	0.0005753
geant	0.0005699
giftie	0.0005555
gleamy	0.0005536
gasconading	0.0005518
gladiolas	0.0005446
grdce	0.0005338
goldenbrown	0.0005266
griev	0.0005194
grammarschool	0.0005176
geneous	0.0005140
guildess	0.0005122
gument	0.0004995
goldrimmed	0.0004887
GBEAT	0.0004833
greathearted	0.0004815
goue	0.0004725
gardless	0.0004581
