up	551.7
use	308.6
used	277.2
us	262.1
under	237.7
University	165.3
upon	159.7
using	151.2
until	128.3
United	122.4
U.S.	104.1
usually	80.21
understand	69.36
understanding	64.07
union	51.95
unit	39.77
useful	39.40
user	37.09
uses	34.98
unless	33.80
upper	32.90
urban	31.72
understood	30.87
units	29.64
unique	24.71
users	24.38
un	23.91
und	22.30
u	22.17
usual	22.05
universal	22.03
unable	19.98
unlike	19.77
unknown	18.40
USA	18.23
ultimately	17.82
UK	17.08
underlying	16.61
universe	16.11
Unfortunately	14.70
unity	14.69
uncle	14.61
uniform	13.81
ultimate	13.59
unusual	13.34
utility	11.73
uncertainty	10.74
unto	10.65
universities	10.22
unlikely	9.883
unemployment	9.202
usage	9.063
unions	9.008
unconscious	7.798
update	7.539
unexpected	7.402
uncertain	7.346
undertaken	7.219
upset	6.973
undoubtedly	6.850
urged	6.746
upward	6.661
U.	6.495
underground	6.176
une	6.059
unnecessary	5.982
urine	5.672
utterly	5.334
uncomfortable	5.265
useless	5.242
undertake	5.160
unpublished	5.154
unhappy	5.143
unfortunate	5.101
um	5.035
ugly	4.932
unified	4.900
urge	4.853
updated	4.721
urgent	4.594
utilized	4.538
upstairs	4.536
unstable	4.402
undertaking	4.369
utilization	4.315
una	4.299
unclear	4.298
unfair	4.227
ups	4.102
utter	4.092
upright	4.078
uncommon	4.069
undergo	3.967
understands	3.956
underneath	3.929
urinary	3.911
unpleasant	3.705
unwilling	3.688
unaware	3.604
utmost	3.584
unlimited	3.510
utilities	3.488
ultrasound	3.452
URL	3.374
Utah	3.307
undermine	3.292
unemployed	3.275
unprecedented	3.263
unfamiliar	3.258
universally	3.255
undergraduate	3.228
utilize	3.218
unrelated	3.164
unchanged	3.091
uptake	3.085
uttered	3.078
unsuccessful	3.072
usefulness	3.029
unequal	3.021
undergoing	2.972
unjust	2.935
unusually	2.928
updates	2.892
unacceptable	2.883
unreasonable	2.852
uneasy	2.807
understandings	2.796
uh	2.772
UV	2.747
utterance	2.724
unite	2.721
Univ	2.650
ut	2.640
unwanted	2.634
upwards	2.631
understandable	2.630
Ukraine	2.619
USSR	2.603
urgency	2.591
upstream	2.590
undesirable	2.558
urging	2.552
unilateral	2.530
umbrella	2.476
unpredictable	2.463
uniquely	2.446
uniformly	2.432
unseen	2.430
uncovered	2.405
utilizing	2.378
undermined	2.374
upheld	2.364
ultra	2.363
unlawful	2.341
undergone	2.323
unexpectedly	2.297
unification	2.294
uniformity	2.287
U.S.C.	2.279
uniforms	2.271
UNIX	2.252
upside	2.211
uneven	2.209
undertook	2.206
Uganda	2.192
uncertainties	2.188
unfolding	2.132
uterus	2.080
unconsciously	2.071
unmarried	2.062
unnatural	2.062
underwent	2.034
unfinished	2.032
ubiquitous	2.029
U.S.A.	2.022
uterine	1.985
uprising	1.982
upgrade	1.949
unrest	1.933
ul	1.900
unauthorized	1.895
utopian	1.872
updating	1.866
unconditional	1.866
uniqueness	1.835
utterances	1.832
undue	1.781
unrealistic	1.778
unpaid	1.748
undo	1.744
uranium	1.738
unavailable	1.721
unavoidable	1.721
upcoming	1.718
urges	1.707
U.K.	1.698
unsure	1.696
unaffected	1.695
unworthy	1.672
unresolved	1.665
ulcers	1.647
unreliable	1.646
utilitarian	1.644
underwater	1.622
Ukrainian	1.617
unconstitutional	1.596
unitary	1.590
unsatisfactory	1.584
universality	1.581
uncover	1.554
uphold	1.544
utopia	1.544
unanimous	1.544
unhealthy	1.535
unused	1.533
unimportant	1.530
unnoticed	1.512
urn	1.502
urbanization	1.482
ulcer	1.480
unfolded	1.480
UNESCO	1.469
undermining	1.466
underway	1.465
untouched	1.459
underlined	1.452
Ulster	1.440
unfold	1.422
uncontrolled	1.405
ultraviolet	1.404
unifying	1.400
usable	1.389
untreated	1.388
unskilled	1.377
unsafe	1.357
Uruguay	1.356
unpopular	1.355
unbearable	1.346
unmistakable	1.341
Ulysses	1.338
unfavorable	1.327
underwear	1.315
unofficial	1.312
Unwin	1.298
ushered	1.297
undergoes	1.273
unanimously	1.260
unbroken	1.259
unintended	1.257
underworld	1.254
undertakings	1.252
undisturbed	1.250
Urbana	1.249
unfit	1.248
U.N.	1.246
upgrading	1.245
UML	1.238
underestimated	1.229
ui	1.223
usability	1.206
upbringing	1.195
unlocked	1.193
unison	1.190
urea	1.188
uncanny	1.177
urgently	1.174
unidentified	1.166
unsuitable	1.155
underlie	1.142
unquestionably	1.128
USS	1.126
unreal	1.126
underline	1.125
understandably	1.123
underestimate	1.117
unduly	1.112
ur	1.110
unspoken	1.105
uniting	1.102
unambiguous	1.097
unconventional	1.091
unwillingness	1.090
unexplained	1.088
underlies	1.086
unrestricted	1.081
unbelievable	1.079
unthinkable	1.072
unnecessarily	1.068
USDA	1.047
unwelcome	1.044
unsettled	1.034
uncontrollable	1.034
unclean	1.034
undone	1.032
undeniable	1.031
upheaval	1.027
unhappiness	1.009
unnamed	1.004
unheard	1.003
utensils	1.002
uneasiness	1.002
undergraduates	0.9997
unprotected	0.9937
utilizes	0.9927
uninterrupted	0.9909
uncles	0.9889
undermines	0.9883
Ulrich	0.9881
unanswered	0.9876
unprepared	0.9836
UCLA	0.9785
unspecified	0.9738
USB	0.9664
ug	0.9663
unethical	0.9599
unborn	0.9494
unwittingly	0.9438
uplift	0.9436
unforeseen	0.9410
unruly	0.9399
unwise	0.9383
unleashed	0.9370
unfolds	0.9323
unsuccessfully	0.9320
underscores	0.9300
undated	0.9256
umbilical	0.9252
unloading	0.9133
underscore	0.9072
unbalanced	0.9069
usher	0.9064
unbiased	0.9060
underdeveloped	0.9026
untrue	0.8943
unqualified	0.8926
upholding	0.8904
unsettling	0.8888
U.S	0.8856
unmarked	0.8713
unchanging	0.8691
UNDP	0.8618
unlucky	0.8593
Universidad	0.8592
unites	0.8591
uphill	0.8589
unspeakable	0.8583
utilisation	0.8569
UDP	0.8492
username	0.8476
uniformed	0.8459
unionists	0.8437
upland	0.8415
usefully	0.8413
unsigned	0.8389
urethra	0.8378
uttering	0.8371
Ursula	0.8335
ultrasonic	0.8271
unparalleled	0.8190
utilised	0.8171
Utrecht	0.8137
unequivocal	0.8121
underside	0.8114
unarmed	0.8094
undefined	0.8085
UC	0.8080
undifferentiated	0.8070
upgraded	0.8031
upsetting	0.8027
utilitarianism	0.8007
underscored	0.7977
unfairly	0.7968
über	0.7958
Uzbekistan	0.7931
underpinning	0.7897
unloaded	0.7873
unequivocally	0.7833
unionist	0.7812
universals	0.7772
uncompromising	0.7755
unlock	0.7712
unionism	0.7696
unfavourable	0.7671
unscrupulous	0.7668
undivided	0.7660
unwritten	0.7657
undeveloped	0.7651
unsaturated	0.7647
uno	0.7630
unwarranted	0.7629
unstructured	0.7576
uppermost	0.7562
undercut	0.7560
unsteady	0.7546
unintelligible	0.7530
urethral	0.7494
unproductive	0.7462
Urdu	0.7434
usages	0.7384
uproar	0.7361
unbounded	0.7335
untold	0.7310
unchecked	0.7300
untenable	0.7286
unattractive	0.7286
untimely	0.7243
unfriendly	0.7208
undercover	0.7200
undertakes	0.7157
uncovering	0.7150
uneducated	0.7140
URI	0.7130
uncomfortably	0.7128
ulnar	0.7114
universalism	0.7060
uneasily	0.7045
USD	0.7017
unravel	0.6980
unveiled	0.6974
unilaterally	0.6945
UCC	0.6914
unrecognized	0.6912
unjustly	0.6861
unfounded	0.6802
unintentional	0.6766
Urol	0.6754
unanimity	0.6752
undocumented	0.6750
unease	0.6716
undoing	0.6704
undisputed	0.6639
unter	0.6617
unsuspecting	0.6577
unambiguously	0.6568
unanticipated	0.6542
uni	0.6541
unload	0.6492
untitled	0.6468
upto	0.6467
underwriting	0.6466
unimaginable	0.6431
ungrateful	0.6423
unintentionally	0.6410
underlines	0.6363
URLs	0.6355
underpinnings	0.6352
undeniably	0.6342
unending	0.6334
unsolicited	0.6278
UNICEF	0.6229
unconditionally	0.6220
uma	0.6216
unify	0.6200
unrestrained	0.6183
ulceration	0.6162
ud	0.6153
Uttar	0.6151
upscale	0.6141
UA	0.6129
unfulfilled	0.6111
unforgettable	0.6102
Underwood	0.6092
unbelief	0.6087
ugliness	0.6059
uncomplicated	0.6050
unplanned	0.6038
untrained	0.6017
unfettered	0.5999
unregulated	0.5985
unreasonably	0.5965
uninsured	0.5943
unoccupied	0.5899
unconsciousness	0.5889
unkind	0.5873
unresponsive	0.5860
undulating	0.5858
ulcerative	0.5854
ue	0.5847
unbound	0.5827
upgrades	0.5817
unmistakably	0.5793
ultimatum	0.5774
UNHCR	0.5758
unjustified	0.5730
unmoved	0.5696
unrelenting	0.5656
Unitarian	0.5652
unchallenged	0.5649
uber	0.5621
unorthodox	0.5620
Universitat	0.5601
ultrasonography	0.5593
unhappily	0.5576
unfaithful	0.5571
unprofitable	0.5570
Uranus	0.5528
unconnected	0.5519
unattended	0.5508
unquestioned	0.5490
uplifting	0.5471
uns	0.5454
undecided	0.5444
unattainable	0.5434
unobserved	0.5425
unconcerned	0.5414
unsupported	0.5407
undetected	0.5384
underpinned	0.5364
UFO	0.5332
unearthed	0.5279
upheavals	0.5256
unsolved	0.5250
U.S.C.A.	0.5250
unsecured	0.5240
unexplored	0.5234
unsustainable	0.5229
Uppsala	0.5219
upbeat	0.5208
unholy	0.5207
unbelievers	0.5179
underpin	0.5164
unknowns	0.5158
uncritical	0.5131
underclass	0.5129
undoubted	0.5117
USC	0.5112
undressed	0.5104
unaccustomed	0.5103
unknowable	0.5072
understatement	0.5038
uprooted	0.5005
unrealized	0.4999
uprisings	0.4992
unbridled	0.4952
unidirectional	0.4921
unselfish	0.4858
Upton	0.4856
uplifted	0.4852
umpire	0.4826
underdevelopment	0.4807
underwriters	0.4777
universes	0.4776
USAID	0.4748
unaltered	0.4720
upload	0.4695
unwavering	0.4677
uninteresting	0.4635
untied	0.4631
unreported	0.4601
uninformed	0.4556
unaided	0.4555
undergrowth	0.4536
understated	0.4526
usurped	0.4522
urbanism	0.4506
unwieldy	0.4504
undetermined	0.4500
unfairness	0.4499
unconstrained	0.4459
underlining	0.4458
unpredictability	0.4447
unsatisfied	0.4443
utilise	0.4424
universalist	0.4416
unicorn	0.4410
unsound	0.4401
unyielding	0.4384
usury	0.4382
ulama	0.4378
undaunted	0.4352
Unicode	0.4351
ungodly	0.4343
unknowingly	0.4325
uncontrollably	0.4324
uncommonly	0.4318
upturned	0.4317
Umar	0.4304
umbrellas	0.4301
Universite	0.4279
upshot	0.4278
uneventful	0.4253
unaccountable	0.4250
usr	0.4229
uninhabited	0.4229
unsurprisingly	0.4214
uninterested	0.4201
UNEP	0.4201
unfathomable	0.4171
unscathed	0.4161
uptown	0.4151
urination	0.4142
unchangeable	0.4124
unfailing	0.4119
undress	0.4117
uric	0.4106
ureter	0.4105
upsurge	0.4091
utero	0.4091
unevenly	0.4089
unabated	0.4087
usurpation	0.4079
unsupervised	0.4074
unquestionable	0.4067
unveiling	0.4063
upstate	0.4057
uplands	0.4041
unobtrusive	0.4025
Urology	0.4025
underwriter	0.4018
UNCTAD	0.4009
unraveling	0.3986
urbanisation	0.3978
unhelpful	0.3954
Untersuchungen	0.3947
untouchable	0.3942
unleash	0.3936
univariate	0.3906
unseemly	0.3901
utters	0.3872
unmet	0.3868
unremarkable	0.3854
unharmed	0.3851
unacknowledged	0.3851
undiscovered	0.3841
Ute	0.3815
unsympathetic	0.3815
unipolar	0.3790
underrepresented	0.3779
undesired	0.3770
unsophisticated	0.3769
upkeep	0.3765
upholstery	0.3756
underfoot	0.3753
ulterior	0.3752
Umm	0.3734
uppercase	0.3725
unavoidably	0.3704
unwell	0.3700
untoward	0.3689
USGS	0.3687
UNC	0.3672
ubiquity	0.3672
untouchables	0.3667
unceasing	0.3644
unwillingly	0.3627
Ukrainians	0.3626
Unger	0.3608
uf	0.3591
unforgiving	0.3589
unaccompanied	0.3574
unpack	0.3571
unearned	0.3570
unbelievably	0.3561
undemocratic	0.3548
unannounced	0.3531
unmatched	0.3501
unionized	0.3498
unpacked	0.3490
upsets	0.3481
unconditioned	0.3474
unpacking	0.3465
undervalued	0.3451
untidy	0.3450
uncouth	0.3444
unnaturally	0.3441
uncertainly	0.3432
unkempt	0.3425
unlocking	0.3422
urticaria	0.3420
unlicensed	0.3419
unmanageable	0.3400
unlawfully	0.3389
unreality	0.3364
uncharted	0.3358
unenforceable	0.3350
unguarded	0.3320
undying	0.3316
uncritically	0.3297
unregistered	0.3297
upriver	0.3293
Universitaires	0.3287
undisciplined	0.3260
urbanized	0.3254
unassuming	0.3240
unremitting	0.3207
unnerved	0.3205
underpins	0.3185
uncorrelated	0.3181
U2	0.3174
unauthorised	0.3166
unnerving	0.3166
USAF	0.3155
unearthly	0.3140
uninhibited	0.3139
unproblematic	0.3137
urchin	0.3132
utilising	0.3130
unsuspected	0.3127
unbuttoned	0.3114
unconvincing	0.3108
unawares	0.3107
untrustworthy	0.3102
unscientific	0.3096
unincorporated	0.3074
Upanishads	0.3070
upwelling	0.3070
uti	0.3059
ulna	0.3056
unencumbered	0.3056
upstart	0.3045
upholstered	0.3043
usurp	0.3038
Uzbek	0.3036
unstoppable	0.3032
urns	0.3025
unorganized	0.3024
unmanned	0.3022
unionization	0.3021
unopened	0.3014
uplink	0.3011
uncivilized	0.3008
undercurrent	0.3005
unsold	0.3005
undisclosed	0.2998
upholds	0.2993
utopias	0.2981
underbrush	0.2977
Unilever	0.2964
undertaker	0.2955
ushers	0.2953
unwitting	0.2947
unsurpassed	0.2924
uncooperative	0.2922
unreadable	0.2921
uncontested	0.2916
unmediated	0.2914
uncultivated	0.2912
Umberto	0.2897
unrecorded	0.2896
unmodified	0.2892
unsightly	0.2881
U.P.	0.2877
unproven	0.2876
unthinking	0.2871
unalterable	0.2857
uninvited	0.2853
unexamined	0.2849
undersigned	0.2844
uniaxial	0.2839
unjustifiable	0.2829
urinate	0.2822
unconscionable	0.2822
unsuited	0.2818
undeserved	0.2811
UMTS	0.2803
unconvinced	0.2796
underlay	0.2796
untested	0.2796
unusable	0.2793
UAE	0.2790
undetectable	0.2788
undertone	0.2779
undid	0.2775
untapped	0.2773
USP	0.2768
unwholesome	0.2768
unavailability	0.2762
urchins	0.2757
UMI	0.2748
unwrapped	0.2747
unsalted	0.2741
underscoring	0.2733
underwrite	0.2731
unimpressed	0.2730
unrecognizable	0.2714
ure	0.2714
underprivileged	0.2712
unstated	0.2696
ugh	0.2696
Ugandan	0.2694
ureteral	0.2684
unerring	0.2680
uso	0.2677
unwashed	0.2663
urinalysis	0.2660
uncharacteristic	0.2654
unimpeded	0.2646
unobstructed	0.2643
untamed	0.2641
UCS	0.2631
unpalatable	0.2619
unreliability	0.2615
unassailable	0.2607
undamaged	0.2606
unperturbed	0.2604
Université	0.2603
unleashing	0.2597
unwary	0.2594
unmolested	0.2593
unattached	0.2588
unanswerable	0.2587
unacquainted	0.2586
unmitigated	0.2585
unpleasantness	0.2581
UDF	0.2580
uncorrected	0.2579
uninitiated	0.2576
unopposed	0.2576
unequally	0.2571
usurper	0.2569
unsavory	0.2551
unbelieving	0.2549
unadorned	0.2546
ust	0.2538
ultrastructural	0.2536
unprofessional	0.2521
unabashed	0.2509
untie	0.2509
unpunished	0.2507
unceremoniously	0.2498
unheeded	0.2495
untried	0.2494
unbeknownst	0.2491
uncharacteristically	0.2490
unworkable	0.2486
unsaid	0.2472
unwind	0.2461
unbecoming	0.2459
unquestioning	0.2456
uncovers	0.2448
underage	0.2446
UNITA	0.2445
unmixed	0.2443
unction	0.2442
unrivalled	0.2440
urbane	0.2436
unmasked	0.2435
unpretentious	0.2416
unrolled	0.2415
unreachable	0.2414
uncaring	0.2411
uncoordinated	0.2409
undersecretary	0.2409
unprincipled	0.2401
uttermost	0.2399
unfeeling	0.2398
Underhill	0.2396
U.S.S.R.	0.2390
Usenet	0.2388
untroubled	0.2381
unhindered	0.2371
UTC	0.2364
ushering	0.2362
unafraid	0.2346
unknowing	0.2341
ubiquitin	0.2341
UDDI	0.2321
Updike	0.2319
unflinching	0.2317
unrequited	0.2316
unlearned	0.2306
undeterred	0.2299
UW	0.2294
unsurprising	0.2293
uveitis	0.2280
untiring	0.2279
Utica	0.2278
underestimates	0.2278
unfocused	0.2278
universalistic	0.2269
unimpaired	0.2269
underestimation	0.2264
unofficially	0.2264
UAW	0.2261
underdog	0.2257
upfront	0.2255
uj	0.2252
UCL	0.2250
UFOs	0.2248
undressing	0.2246
UB	0.2245
unflattering	0.2238
unsteadily	0.2234
USEPA	0.2228
unwed	0.2225
unpopularity	0.2223
unsubstantiated	0.2219
unmoving	0.2213
ungainly	0.2212
uncleanness	0.2203
unstressed	0.2200
undeserving	0.2200
untouchability	0.2199
undiminished	0.2196
uninjured	0.2196
unceasingly	0.2192
unpaired	0.2191
untruth	0.2190
unclassified	0.2190
uncut	0.2186
unobservable	0.2178
unities	0.2177
unfurled	0.2154
unhesitatingly	0.2149
upwardly	0.2147
Ullman	0.2145
Uriah	0.2142
uninvolved	0.2140
underserved	0.2135
underweight	0.2127
unshakable	0.2117
unfilled	0.2107
uncooked	0.2106
unbeliever	0.2103
Ural	0.2102
unbearably	0.2098
undisguised	0.2092
unspoiled	0.2090
unfunded	0.2088
unforgivable	0.2086
unveil	0.2085
undiagnosed	0.2085
uncontroversial	0.2080
UVA	0.2080
Ulm	0.2077
umbilicus	0.2077
unutterable	0.2074
unadulterated	0.2074
Umayyad	0.2072
underwritten	0.2069
uprooting	0.2067
urogenital	0.2064
unlabeled	0.2060
upregulation	0.2056
unum	0.2055
ultrafiltration	0.2045
undersea	0.2044
unnumbered	0.2032
undignified	0.2028
USN	0.2027
ubi	0.2026
utopianism	0.2022
Urry	0.2022
unrepentant	0.2019
unzipped	0.2016
unpardonable	0.2014
underpants	0.2014
underpaid	0.2001
unprovoked	0.2000
unbidden	0.1999
Universidade	0.1990
unacceptably	0.1989
undercutting	0.1980
unicast	0.1968
unbreakable	0.1966
unpleasantly	0.1962
unmasking	0.1959
Urbino	0.1953
unclaimed	0.1951
unavailing	0.1947
usurping	0.1946
untainted	0.1943
underestimating	0.1942
unearth	0.1934
unblemished	0.1929
undeclared	0.1925
undercuts	0.1924
unsatisfying	0.1919
unraveled	0.1915
uploading	0.1912
UPC	0.1904
Universiteit	0.1901
unrighteous	0.1901
unravelling	0.1900
unreservedly	0.1897
Utes	0.1896
Urals	0.1885
unhurt	0.1884
unimaginative	0.1882
unscheduled	0.1875
unlit	0.1873
unmindful	0.1870
ungrammatical	0.1869
unshaven	0.1869
uproot	0.1868
undistinguished	0.1867
unwonted	0.1863
UBC	0.1858
uploaded	0.1857
Universität	0.1848
unadjusted	0.1845
Urquhart	0.1843
unobtrusively	0.1838
undirected	0.1831
unaccounted	0.1819
Unitarians	0.1817
unary	0.1812
unrighteousness	0.1812
unloved	0.1803
unpaved	0.1799
unabashedly	0.1794
Untersuchung	0.1787
undulations	0.1781
unwisely	0.1777
uptight	0.1775
uselessness	0.1775
unread	0.1775
unicellular	0.1775
unfailingly	0.1774
unexpressed	0.1771
unprocessed	0.1771
unleavened	0.1766
Urs	0.1765
UTP	0.1764
UPA	0.1761
unifies	0.1760
unlisted	0.1760
unweighted	0.1757
unruffled	0.1757
undiluted	0.1755
unforeseeable	0.1755
unconquerable	0.1755
unwinding	0.1741
unfastened	0.1739
unabridged	0.1739
uncontaminated	0.1733
umpires	0.1731
uncommitted	0.1730
umma	0.1726
unappealing	0.1726
Universita	0.1725
unde	0.1724
understory	0.1722
unpromising	0.1722
upraised	0.1721
unfavorably	0.1715
Uruk	0.1715
underemployment	0.1711
unfree	0.1710
unfrequently	0.1709
ultima	0.1703
urinating	0.1701
unshaken	0.1699
unworthiness	0.1698
unilateralism	0.1689
unrepresentative	0.1683
unswerving	0.1683
UHF	0.1681
unsung	0.1680
unbending	0.1676
ureters	0.1675
ugliest	0.1669
unaccountably	0.1668
unsystematic	0.1668
unfashionable	0.1665
unmeasured	0.1656
unmanaged	0.1651
uninfected	0.1639
undertones	0.1629
uprightness	0.1624
Udall	0.1622
universelle	0.1620
unappreciated	0.1620
univocal	0.1611
unequalled	0.1608
untutored	0.1608
unformed	0.1606
unvarying	0.1604
unkindly	0.1603
unpainted	0.1602
uselessly	0.1599
unassisted	0.1595
unmotivated	0.1595
unsanitary	0.1595
Ugo	0.1590
underrated	0.1580
useable	0.1578
unmade	0.1572
unrealistically	0.1572
unfamiliarity	0.1571
ulema	0.1570
Unidos	0.1570
Unocal	0.1567
utilitarians	0.1566
undrained	0.1566
unapproachable	0.1566
uremic	0.1565
underutilized	0.1564
undead	0.1561
universalizing	0.1561
unordered	0.1560
unhurried	0.1559
unemotional	0.1558
upstanding	0.1558
UMNO	0.1550
unquenchable	0.1547
uncreated	0.1546
Uriel	0.1544
U.S.S.	0.1539
ultrastructure	0.1537
UVB	0.1536
unsullied	0.1536
unblinking	0.1535
unendurable	0.1533
undigested	0.1532
unneeded	0.1531
underfunded	0.1529
unprejudiced	0.1524
untangle	0.1524
Uwe	0.1522
unam	0.1518
unidentifiable	0.1511
urbanity	0.1506
Ufa	0.1497
unsweetened	0.1491
unevenness	0.1490
unexplainable	0.1489
understate	0.1488
unpatriotic	0.1485
ungovernable	0.1482
unimpeachable	0.1481
Upanishad	0.1480
UNAIDS	0.1477
unfortunates	0.1477
upswing	0.1475
unripe	0.1474
UBS	0.1465
upregulated	0.1459
uncannily	0.1454
unmask	0.1451
unconfined	0.1450
unalloyed	0.1449
Uthman	0.1449
unrelieved	0.1446
UCR	0.1444
unsettle	0.1444
unenlightened	0.1444
Ueda	0.1443
uninhabitable	0.1439
Upjohn	0.1438
ummah	0.1437
Uta	0.1433
unrepresented	0.1427
UGC	0.1426
upwind	0.1424
untranslated	0.1424
uncluttered	0.1422
undernourished	0.1416
u.m	0.1413
unintelligent	0.1412
unenviable	0.1412
uncollectible	0.1409
uncompensated	0.1408
unwound	0.1407
undertakers	0.1407
underlings	0.1404
unreserved	0.1402
unspeakably	0.1398
unexposed	0.1397
undergarments	0.1395
uit	0.1390
Ungar	0.1385
undefeated	0.1381
uncircumcised	0.1377
Ueber	0.1376
unpredictably	0.1372
urinal	0.1372
uncoupled	0.1372
unselfishness	0.1370
unmanly	0.1369
ux	0.1363
uninspired	0.1362
unfaithfulness	0.1361
Uffizi	0.1354
uncharged	0.1353
Upanisads	0.1350
Ubuntu	0.1349
unlocks	0.1349
uncivil	0.1346
utensil	0.1341
uid	0.1341
unrefined	0.1333
unbeatable	0.1332
ulcerations	0.1329
underbelly	0.1329
unflagging	0.1325
uprights	0.1324
upmarket	0.1324
unfiltered	0.1322
underhand	0.1320
umber	0.1319
Uchida	0.1318
unmerited	0.1318
usted	0.1312
unreasoning	0.1307
Ugarit	0.1306
unhinged	0.1306
Uruguayan	0.1303
uncalled	0.1303
unaffiliated	0.1299
unashamedly	0.1298
unrivaled	0.1298
uremia	0.1295
Ulf	0.1291
upped	0.1283
ulcerated	0.1282
unplugged	0.1279
uncoupling	0.1279
unlettered	0.1279
udder	0.1279
unmercifully	0.1278
unsaved	0.1274
Ulbricht	0.1268
USTR	0.1261
uncompressed	0.1260
uracil	0.1260
unicorns	0.1259
unwearied	0.1256
uncheck	0.1254
unimpressive	0.1252
unearthing	0.1251
underachievement	0.1251
ungenerous	0.1249
uncompleted	0.1244
urologic	0.1244
Ulrike	0.1241
unreflective	0.1241
ultrafast	0.1240
Udo	0.1239
Unamuno	0.1236
unimproved	0.1236
Unitarianism	0.1234
undecidable	0.1233
unobtainable	0.1232
unreason	0.1231
undistributed	0.1226
unhooked	0.1226
unexampled	0.1226
unconstitutionally	0.1225
unluckily	0.1225
uo	0.1220
uncomprehending	0.1218
urethritis	0.1218
unquestioningly	0.1218
unmaking	0.1218
Ussher	0.1217
unbridgeable	0.1217
USMC	0.1215
unconfirmed	0.1215
unperceived	0.1213
unbalance	0.1211
unidimensional	0.1209
Udaipur	0.1208
unselected	0.1208
ual	0.1205
unconcern	0.1203
undefended	0.1200
Ulla	0.1199
unquiet	0.1199
usque	0.1195
unheated	0.1194
unfavourably	0.1190
utile	0.1186
unfitness	0.1183
undersized	0.1182
Unruh	0.1182
uncorrupted	0.1181
umbrage	0.1176
unfazed	0.1176
util	0.1176
uncoated	0.1170
uglier	0.1169
uncollected	0.1167
unfeasible	0.1167
underemployed	0.1167
Ursa	0.1167
uncongenial	0.1165
unsmiling	0.1163
Ulmer	0.1160
Ullmann	0.1157
Umbria	0.1157
urbanites	0.1157
undercurrents	0.1155
uneconomic	0.1150
unconsolidated	0.1146
undervalue	0.1144
untying	0.1143
ungrounded	0.1140
undershirt	0.1139
unveils	0.1134
unsealed	0.1133
ungulates	0.1131
unmentioned	0.1130
Undine	0.1130
unturned	0.1129
uu	0.1128
uncountable	0.1127
Uribe	0.1127
unser	0.1126
upturn	0.1126
underlain	0.1118
uncensored	0.1115
unasked	0.1115
USIA	0.1115
unwrapping	0.1114
Urania	0.1112
URIs	0.1110
unfitted	0.1109
unexpired	0.1107
uncharitable	0.1106
Ueno	0.1106
undefiled	0.1105
unlearn	0.1104
unrecognised	0.1102
Uzi	0.1102
unassigned	0.1098
UPI	0.1094
usufruct	0.1094
unconverted	0.1090
unkindness	0.1090
unseat	0.1086
ungracious	0.1084
utilises	0.1084
Unis	0.1080
unvarnished	0.1079
unpolished	0.1077
unseeing	0.1074
unhampered	0.1070
unwrap	0.1070
unsere	0.1070
uninstall	0.1069
unsavoury	0.1067
unspecific	0.1066
unburied	0.1065
unarticulated	0.1064
UDA	0.1062
urethane	0.1061
Ursus	0.1060
unplug	0.1059
unbundling	0.1059
Universitv	0.1058
unshakeable	0.1056
Umwelt	0.1055
Utley	0.1054
unerringly	0.1054
unedited	0.1053
unsparing	0.1052
unchristian	0.1052
unimodal	0.1051
uncounted	0.1051
unstained	0.1050
USPS	0.1050
unelected	0.1047
underinsured	0.1045
underhanded	0.1044
uninspiring	0.1044
uncultured	0.1043
Uzbeks	0.1041
unravelled	0.1040
UNCITRAL	0.1040
ung	0.1038
understaffed	0.1036
UNCED	0.1034
unfeigned	0.1031
universalization	0.1031
Ugaritic	0.1028
unlovely	0.1023
unclouded	0.1023
unmeaning	0.1023
UTF	0.1022
unserer	0.1022
UCD	0.1021
uncompromisingly	0.1021
univers	0.1017
usernames	0.1017
unscrewed	0.1012
unsolvable	0.1011
unashamed	0.1010
unburdened	0.1009
urbain	0.1008
urologist	0.1005
urokinase	0.1005
unaddressed	0.1003
undoes	0.1002
unfruitful	0.1001
undernutrition	0.09986
unregenerate	0.09964
undesirables	0.09941
undemanding	0.09919
untranslatable	0.09905
unburned	0.09902
usurpers	0.09897
ultrahigh	0.09894
undersides	0.09878
undertow	0.09874
ultimo	0.09859
untruthful	0.09845
universalized	0.09835
uncompetitive	0.09834
Usman	0.09820
uninterruptedly	0.09812
Upham	0.09784
urological	0.09781
UNCLOS	0.09763
urate	0.09760
upended	0.09754
unctuous	0.09730
unrolling	0.09719
UNPROFOR	0.09718
unthinkingly	0.09715
unbleached	0.09691
unresectable	0.09690
U.C.C.	0.09678
unjustifiably	0.09669
unlooked	0.09644
unequaled	0.09637
untrammeled	0.09630
upstage	0.09600
unexceptionable	0.09598
untill	0.09559
upbraided	0.09553
unflinchingly	0.09520
unawareness	0.09499
unorganised	0.09471
UNFPA	0.09458
undistorted	0.09455
unconformity	0.09359
undergird	0.09327
urbano	0.09320
Usha	0.09305
UTIs	0.09290
uneconomical	0.09283
unalienable	0.09282
unlined	0.09260
unenthusiastic	0.09191
Ursprung	0.09149
unvoiced	0.09116
unpolluted	0.09082
undecidability	0.09063
unimagined	0.09051
underrepresentation	0.09033
unworldly	0.09008
UNSC	0.08988
uninfluenced	0.08941
unsentimental	0.08940
unleashes	0.08929
underreporting	0.08916
Uli	0.08915
Unternehmen	0.08903
unsheathed	0.08901
Ullrich	0.08886
unseasonable	0.08883
undercarriage	0.08871
untypical	0.08828
Uttaranchal	0.08824
untrusted	0.08811
unbuckled	0.08810
unimaginably	0.08748
uppers	0.08731
unstinting	0.08697
unproved	0.08688
unaffordable	0.08684
unicameral	0.08661
underused	0.08659
unexceptional	0.08652
untrammelled	0.08637
ultramarine	0.08628
unclothed	0.08622
Universitaria	0.08618
undoped	0.08611
unproblematically	0.08593
unresponsiveness	0.08591
unapologetic	0.08547
UTM	0.08541
unroll	0.08491
unconquered	0.08476
Ury	0.08475
untangling	0.08459
u1	0.08451
upliftment	0.08444
uninformative	0.08444
unreasonableness	0.08402
ultrasonographic	0.08393
universalists	0.08390
undreamed	0.08386
underappreciated	0.08374
underpayment	0.08368
unthought	0.08364
Upanisad	0.08359
ubiquitously	0.08355
uninviting	0.08345
Univ.	0.08345
unselfishly	0.08308
UNSCOM	0.08295
unwarrantable	0.08290
unravels	0.08288
unreacted	0.08286
uproarious	0.08265
ura	0.08243
unfixed	0.08227
undecorated	0.08223
underwrites	0.08213
undulation	0.08198
uncrossed	0.08191
underwrote	0.08188
universalis	0.08176
uomo	0.08173
UNIDO	0.08161
Universitaire	0.08159
umol	0.08154
ureteric	0.08125
U.C.	0.08122
utopians	0.08100
unburden	0.08080
unlovable	0.08077
unsubstantial	0.08075
urgings	0.08068
UPN	0.08066
unsteadiness	0.08058
unguided	0.08005
underperforming	0.08000
unchurched	0.07987
Unidad	0.07977
unloving	0.07957
UNFCCC	0.07956
umpteenth	0.07942
usurpations	0.07941
UAV	0.07935
uppity	0.07923
urinated	0.07916
Uighur	0.07904
Ulloa	0.07901
unrewarding	0.07901
umbra	0.07895
uptime	0.07861
unforced	0.07840
uproariously	0.07823
unverifiable	0.07819
undergirded	0.07790
unbuttoning	0.07770
unfractionated	0.07721
ultrathin	0.07711
Umayyads	0.07701
unfurling	0.07695
untended	0.07693
untruths	0.07680
understudy	0.07666
unas	0.07659
unbutton	0.07633
unobjectionable	0.07632
UNIA	0.07626
unpaginated	0.07621
urinals	0.07608
untaught	0.07594
unmyelinated	0.07590
unschooled	0.07572
underclothes	0.07571
Uhl	0.07560
unexploded	0.07536
upstarts	0.07534
usurer	0.07525
unlatched	0.07498
UDC	0.07493
unmentionable	0.07479
urease	0.07476
unheralded	0.07457
Università	0.07454
unredeemed	0.07431
unapproved	0.07421
unconcealed	0.07417
unshielded	0.07403
unshared	0.07389
unflappable	0.07373
unzip	0.07369
undergirds	0.07364
urbanised	0.07356
untraceable	0.07343
unstudied	0.07316
unprepossessing	0.07305
unexploited	0.07292
uncommunicative	0.07292
unhygienic	0.07290
uvula	0.07282
Uday	0.07277
unrewarded	0.07230
unfurl	0.07225
usurious	0.07223
UDHR	0.07208
unromantic	0.07187
unlinked	0.07170
unachievable	0.07162
unstuck	0.07160
unbeknown	0.07154
unsuitability	0.07136
Unitas	0.07131
unseasonably	0.07128
unsought	0.07124
unaccented	0.07118
understates	0.07108
unos	0.07102
undersurface	0.07087
undulated	0.07080
untangled	0.07061
underarm	0.07054
unpleasing	0.07047
uncivilised	0.07039
unencrypted	0.07037
Ursuline	0.07033
unhistorical	0.06988
undescribed	0.06984
underreported	0.06978
upholders	0.06972
unpersuasive	0.06972
uncomplaining	0.06966
uplifts	0.06963
uneaten	0.06961
u0	0.06958
Usama	0.06944
unlearning	0.06940
upslope	0.06929
unfoldment	0.06911
undercooked	0.06898
unfurnished	0.06892
Udine	0.06880
Universitas	0.06877
unresisting	0.06865
unremittingly	0.06834
UCSD	0.06826
unprovided	0.06807
unconsidered	0.06790
usu	0.06785
unreconstructed	0.06781
UMR	0.06773
unresolvable	0.06771
unallocated	0.06771
unsocial	0.06767
unreleased	0.06762
unfaltering	0.06752
unfrozen	0.06731
underling	0.06731
untrodden	0.06716
uke	0.06692
unspoilt	0.06689
unsupportive	0.06685
unlighted	0.06680
unremarked	0.06656
Universiti	0.06644
underperformance	0.06642
unglazed	0.06637
unhallowed	0.06632
untaxed	0.06622
usurers	0.06619
unsurpassable	0.06601
usurps	0.06574
unconjugated	0.06567
upholder	0.06563
unsociable	0.06560
underrate	0.06560
unchained	0.06548
undergrad	0.06546
ultrasonics	0.06536
unscrew	0.06528
Uxbridge	0.06519
UTR	0.06519
upbraid	0.06516
unalterably	0.06506
unpremeditated	0.06505
unrealised	0.06504
UGA	0.06497
unshaded	0.06487
unchaste	0.06480
unfertilized	0.06476
ultrafine	0.06472
unpolarized	0.06435
unconstitutionality	0.06434
unitive	0.06433
undefinable	0.06424
underdogs	0.06420
USF	0.06410
USG	0.06398
unexpectedness	0.06394
unus	0.06393
uninterpretable	0.06392
UAVs	0.06391
unionize	0.06390
USM	0.06383
uneventfully	0.06375
unimportance	0.06375
undeformed	0.06372
uniformities	0.06348
unpubl	0.06347
unbranched	0.06334
updraft	0.06333
untarnished	0.06333
unfeminine	0.06325
unreformed	0.06305
Unisys	0.06297
unsorted	0.06295
universale	0.06292
unexciting	0.06263
uncorked	0.06247
undamped	0.06231
unmerciful	0.06230
unready	0.06229
unrepeatable	0.06198
U3	0.06183
UCI	0.06173
unleaded	0.06165
Uzziah	0.06156
Usui	0.06155
unseated	0.06136
unthreatening	0.06134
UCSF	0.06133
UCB	0.06123
Universitatis	0.06108
unselfconscious	0.06105
UNRWA	0.06100
universalize	0.06095
Ulpian	0.06084
uncared	0.06080
Urbach	0.06077
uncoiled	0.06053
upstaged	0.06049
unvisited	0.06044
unapologetically	0.06041
unemployable	0.06034
unfreedom	0.06032
upperclass	0.06021
unladylike	0.06021
unsearchable	0.05991
unconvincingly	0.05984
u.g	0.05981
uz	0.05960
unspotted	0.05958
undergirding	0.05946
uy	0.05911
uncaused	0.05879
unconscionability	0.05874
ungodliness	0.05873
unnoticeable	0.05861
understudied	0.05858
unforgiveness	0.05858
unverified	0.05843
upgradation	0.05841
underflow	0.05840
unbaptized	0.05812
unpopulated	0.05809
U.S.A	0.05803
unbundled	0.05802
upcountry	0.05801
Ustinov	0.05798
UDI	0.05798
unilinear	0.05797
uncredited	0.05790
Ugarte	0.05781
Uther	0.05776
unrecoverable	0.05767
underfed	0.05746
Ursulines	0.05743
upperclassmen	0.05738
UAC	0.05732
unviable	0.05720
unrealizable	0.05705
unfrequented	0.05705
unisex	0.05704
ures	0.05702
unescorted	0.05700
unpractical	0.05700
USPTO	0.05698
unprivileged	0.05697
unutterably	0.05695
Ugandans	0.05688
unfasten	0.05679
unpretending	0.05672
unsettles	0.05663
ultrashort	0.05652
uch	0.05626
ungulate	0.05621
univer	0.05620
Uttara	0.05610
underplayed	0.05597
Usk	0.05590
unbeaten	0.05585
unskilful	0.05578
unhesitating	0.05569
untreatable	0.05536
unspectacular	0.05534
unhealed	0.05527
urbis	0.05520
ular	0.05516
unrecognisable	0.05512
unrepresentable	0.05511
unshed	0.05499
unsanctioned	0.05494
UAR	0.05494
underachieving	0.05475
Universit	0.05473
uteri	0.05452
unceremonious	0.05448
Unsworth	0.05441
unpeeled	0.05439
uncombed	0.05433
Ulu	0.05432
ulnaris	0.05432
uncapped	0.05429
unoriginal	0.05422
unserviceable	0.05421
unchallengeable	0.05418
unspent	0.05403
uploads	0.05400
UIC	0.05400
Ulam	0.05392
Ujjain	0.05391
Ubu	0.05390
undeceived	0.05385
unsuspicious	0.05382
u.a.	0.05347
unembarrassed	0.05310
Uncas	0.05307
unambitious	0.05271
unset	0.05268
unprovable	0.05265
unstandardized	0.05264
unwelcoming	0.05261
untimed	0.05261
unco	0.05252
uncomplimentary	0.05247
Urizen	0.05241
überhaupt	0.05239
unsaturation	0.05224
unmake	0.05215
unscripted	0.05211
USENIX	0.05208
uninstructed	0.05196
uncool	0.05189
uridine	0.05163
underdetermined	0.05158
undesirability	0.05156
unmistakeable	0.05153
unstrung	0.05152
ubiquitination	0.05152
urologists	0.05148
unpredicted	0.05146
upstroke	0.05144
undergrads	0.05144
upbuilding	0.05139
undescended	0.05135
undelivered	0.05134
unmanifest	0.05133
underspecified	0.05133
udders	0.05131
unostentatious	0.05119
unpropitious	0.05113
undervaluation	0.05094
unionised	0.05090
ues	0.05085
unappetizing	0.05077
U6	0.05075
undeviating	0.05066
upbraiding	0.05056
uct	0.05050
Umbrian	0.05034
unreconciled	0.05016
Urrutia	0.05009
undergarment	0.04985
unmapped	0.04982
underpass	0.04976
Umatilla	0.04975
unlikelihood	0.04969
unacceptability	0.04969
Unabomber	0.04969
uel	0.04966
unconcernedly	0.04962
Urbina	0.04957
Ula	0.04949
unhook	0.04948
unself	0.04946
Uccello	0.04944
unessential	0.04940
Ummm	0.04939
underutilization	0.04932
untransformed	0.04929
unmusical	0.04923
unglamorous	0.04915
undimmed	0.04903
upping	0.04894
uring	0.04889
unoffending	0.04888
Urteil	0.04888
ungoverned	0.04884
unglued	0.04883
undependable	0.04860
Ulan	0.04856
unattributed	0.04854
unheeding	0.04850
Uhuru	0.04850
usuallv	0.04846
unrevealed	0.04846
Ugric	0.04845
undulate	0.04840
unnerve	0.04837
unrelentingly	0.04832
unprecedentedly	0.04827
undercoat	0.04822
unius	0.04820
Umea	0.04819
uninterruptible	0.04809
unnameable	0.04808
Upchurch	0.04806
Ullah	0.04800
unreduced	0.04785
unworthily	0.04778
unreceptive	0.04775
uomini	0.04767
ungraceful	0.04758
UTS	0.04749
Urey	0.04737
UWB	0.04736
universel	0.04735
unappreciative	0.04724
unassociated	0.04717
ultimacy	0.04716
upmanship	0.04711
unblocked	0.04705
Ulric	0.04702
Urim	0.04701
uranyl	0.04696
unheroic	0.04695
UNGA	0.04685
Universitet	0.04682
understandingly	0.04677
UNIFEM	0.04668
unsoundness	0.04658
Unicom	0.04650
unscriptural	0.04632
unsymmetrical	0.04630
unreactive	0.04628
usus	0.04616
unchastity	0.04603
underplay	0.04575
Universitario	0.04575
unfulfilling	0.04574
unreinforced	0.04571
unhitched	0.04570
unstimulated	0.04565
unburnt	0.04558
understating	0.04553
underfunding	0.04552
Uighurs	0.04549
unassimilated	0.04535
unifier	0.04534
ump	0.04533
uman	0.04533
untidiness	0.04528
unlabelled	0.04528
underpriced	0.04525
UCP	0.04516
ultraconservative	0.04510
Upadhyaya	0.04497
unlikeness	0.04485
Useem	0.04483
Unione	0.04482
uninterpreted	0.04473
unethically	0.04472
unbuilt	0.04469
underdetermination	0.04463
unhealthful	0.04460
unclosed	0.04459
unpronounceable	0.04454
undervaluing	0.04451
Unión	0.04438
unfelt	0.04437
undeservedly	0.04432
U.K	0.04423
unintegrated	0.04422
unruliness	0.04409
unissued	0.04400
underparts	0.04396
unphilosophical	0.04379
unstinted	0.04377
underpowered	0.04373
unwinds	0.04371
unabsorbed	0.04366
univocity	0.04362
Ufe	0.04358
uprightly	0.04350
ultramodern	0.04345
unfitting	0.04342
untethered	0.04336
unclasped	0.04329
urbanizing	0.04327
unterschiedlichen	0.04320
unfenced	0.04316
unmasks	0.04308
untruthfulness	0.04306
undies	0.04305
uot	0.04305
UMC	0.04302
uppon	0.04283
unvaccinated	0.04274
undissolved	0.04266
unspiritual	0.04258
uhm	0.04258
unwaveringly	0.04253
ultimatums	0.04251
unclenched	0.04246
unlawfulness	0.04238
upholsterer	0.04212
unmeasurable	0.04207
unbiassed	0.04199
uncrowded	0.04199
untrimmed	0.04197
unsubtle	0.04196
underclothing	0.04186
unsupportable	0.04183
unpreparedness	0.04172
unblock	0.04167
unaudited	0.04166
unzipping	0.04158
unreimbursed	0.04157
undiscriminating	0.04156
unworked	0.04155
Usborne	0.04153
underperform	0.04149
unlaced	0.04146
UNRRA	0.04140
underexposed	0.04134
undistinguishable	0.04130
Ugolino	0.04115
undismayed	0.04113
Unterschied	0.04092
unpasteurized	0.04089
U5	0.04087
undemonstrative	0.04086
unbent	0.04071
uncoded	0.04069
understandability	0.04067
uly	0.04064
unguents	0.04061
Unterricht	0.04059
userfriendly	0.04047
Urbervilles	0.04043
ungraspable	0.04039
unliquidated	0.04037
ukulele	0.04035
unsubsidized	0.04030
uppercut	0.04029
undercapitalized	0.04015
untestable	0.04012
univocally	0.04012
unrehearsed	0.04008
Universitetsforlaget	0.04006
unassimilable	0.04005
upregulate	0.04004
updrafts	0.03999
underinvestment	0.03998
uncompromised	0.03994
uncured	0.03990
undramatic	0.03990
unloads	0.03984
unsparingly	0.03981
USIS	0.03978
urgencies	0.03969
unfading	0.03962
unwounded	0.03960
universo	0.03949
ultracentrifugation	0.03948
Ulmus	0.03946
unbaked	0.03942
unshackled	0.03937
Uluru	0.03935
unserved	0.03927
unhurriedly	0.03901
unilateralist	0.03896
unsayable	0.03892
Underbill	0.03890
Utz	0.03886
Uhlig	0.03882
ungraciously	0.03879
Ustad	0.03876
ungentlemanly	0.03869
uncleanliness	0.03869
utan	0.03868
unintelligibility	0.03867
unswervingly	0.03865
uncontradicted	0.03860
unico	0.03854
ungreased	0.03849
unsatisfiable	0.03843
unbolted	0.03841
ubiquinone	0.03832
umpteen	0.03831
untraditional	0.03828
undeceive	0.03825
Umgang	0.03818
unquantifiable	0.03816
unselfconsciously	0.03810
untenanted	0.03808
Uemura	0.03802
unremembered	0.03798
unsnapped	0.03797
unqualifiedly	0.03797
unmingled	0.03789
Upanishadic	0.03787
ume	0.03785
Utne	0.03785
unmannerly	0.03779
urbe	0.03779
unbiblical	0.03775
unrecovered	0.03772
utricle	0.03765
undecipherable	0.03763
unforgiven	0.03746
unreached	0.03738
utterer	0.03733
unattested	0.03723
ultimates	0.03719
usum	0.03716
untersucht	0.03714
Unida	0.03694
unreflecting	0.03693
unknowability	0.03692
UCA	0.03691
ultrasounds	0.03683
unenclosed	0.03678
Urwin	0.03677
unloosed	0.03676
uninitialized	0.03675
underactive	0.03670
unnaturalness	0.03669
Ungarn	0.03669
unsinkable	0.03667
Universitatsverlag	0.03664
Ungerleider	0.03655
underarms	0.03654
Upsala	0.03653
unsaddled	0.03651
unpractised	0.03645
unenhanced	0.03642
undulatory	0.03641
unanalyzed	0.03640
unseaworthy	0.03636
underachievers	0.03631
urbs	0.03627
uncurled	0.03622
Uehara	0.03621
uncertified	0.03614
unblushing	0.03614
unrepaired	0.03591
Unidas	0.03587
ult	0.03585
usw	0.03571
unbind	0.03568
unsurprised	0.03568
uncrowned	0.03566
unmittelbar	0.03560
último	0.03557
Uhr	0.03556
unAmerican	0.03545
unmoored	0.03545
uncharacterized	0.03541
uninflected	0.03536
unpatented	0.03535
unité	0.03532
unmodulated	0.03521
Uitgeverij	0.03520
Univeristy	0.03518
unclassifiable	0.03510
unfastening	0.03501
unpacks	0.03497
UNU	0.03494
unhedged	0.03494
utopic	0.03489
Upshur	0.03489
unseasoned	0.03481
undereducated	0.03479
Udry	0.03476
UNTS	0.03475
unionisation	0.03466
uniformitarianism	0.03463
unvaried	0.03458
unscrewing	0.03458
unstratified	0.03458
urticarial	0.03455
uncreative	0.03452
unfired	0.03450
unphysical	0.03447
USDHHS	0.03446
u.m.	0.03444
Uphoff	0.03441
U.N.T.S.	0.03438
unappropriated	0.03429
unaligned	0.03419
unmarketable	0.03415
unsubscribe	0.03412
unobservant	0.03408
unstrained	0.03399
ultralight	0.03393
unhorsed	0.03393
uncinate	0.03393
USAAF	0.03391
us'd	0.03387
unscrupulously	0.03386
uncleared	0.03380
uncorroborated	0.03379
unwomanly	0.03378
unexercised	0.03366
unisexual	0.03364
uncomprehendingly	0.03361
Untermeyer	0.03350
unpersuaded	0.03343
unsustainability	0.03339
usin	0.03338
untasted	0.03338
unpeopled	0.03336
Uchiyama	0.03331
unexcavated	0.03321
undermanned	0.03308
untempered	0.03304
Uberlegungen	0.03303
Upendra	0.03298
uncouple	0.03296
Ursachen	0.03295
Untergang	0.03292
ured	0.03288
uncanniness	0.03287
unmarred	0.03282
uller	0.03267
unfallen	0.03267
unci	0.03266
unsatisfactorily	0.03265
Upadhyay	0.03264
unnamable	0.03263
unmounted	0.03251
unframed	0.03249
Urtica	0.03248
uncoiling	0.03248
unfused	0.03247
Unies	0.03236
undeliverable	0.03229
uncalibrated	0.03229
undistracted	0.03228
universalising	0.03228
unconsecrated	0.03228
Unterschiede	0.03228
Uhlmann	0.03218
unitedly	0.03217
urothelial	0.03216
uncontainable	0.03212
unmonitored	0.03209
unequipped	0.03206
unrhymed	0.03205
uncoerced	0.03198
universalisation	0.03198
unguent	0.03198
uncomplainingly	0.03198
undersell	0.03192
undershirts	0.03188
unmovable	0.03188
unsubdued	0.03185
undreamt	0.03166
untrustworthiness	0.03165
unformatted	0.03157
Utopie	0.03152
unfed	0.03143
unscramble	0.03136
understorey	0.03135
ultramontane	0.03134
Uhlenbeck	0.03133
unconventionality	0.03133
unexcelled	0.03118
unprompted	0.03117
univalent	0.03115
unbend	0.03114
unfortified	0.03108
unilineal	0.03107
untiringly	0.03103
unaccepted	0.03102
usi	0.03099
Udell	0.03098
unimolecular	0.03090
Urkunden	0.03082
undernourishment	0.03076
underperformed	0.03068
unicity	0.03067
Ujamaa	0.03064
unskillful	0.03062
underthe	0.03060
unpresentable	0.03059
untwisted	0.03058
Urmson	0.03054
untucked	0.03047
ungraded	0.03047
unconsummated	0.03044
unequals	0.03040
unshod	0.03038
unwinnable	0.03037
undissociated	0.03034
U4	0.03030
Ullstein	0.03021
unplugging	0.03006
unfriendliness	0.03000
unowned	0.02995
unassertive	0.02993
unbonded	0.02990
untalented	0.02989
ulcerate	0.02984
unedifying	0.02984
undyed	0.02982
uninsulated	0.02982
urbaine	0.02982
unauthenticated	0.02971
unprintable	0.02957
unroofed	0.02946
ubique	0.02937
unexecuted	0.02932
unspecialized	0.02929
unstintingly	0.02921
UNSW	0.02915
unsaleable	0.02895
unten	0.02887
unterscheiden	0.02886
unrolls	0.02881
unfurls	0.02881
Urvashi	0.02867
unchosen	0.02857
unexhausted	0.02856
unica	0.02852
unuttered	0.02848
underpricing	0.02846
unextended	0.02844
unarguable	0.02837
Ulman	0.02835
undercount	0.02834
Umgebung	0.02832
userdefined	0.02828
unreflectively	0.02818
ultrasensitive	0.02817
UMass	0.02814
unstrapped	0.02813
unregarded	0.02806
unaccomplished	0.02805
unwisdom	0.02802
unearths	0.02792
unutilized	0.02789
unbinding	0.02787
ulation	0.02786
Upson	0.02784
unsheltered	0.02781
unworn	0.02772
uncon	0.02768
underdiagnosed	0.02767
unheimlich	0.02766
unhelpfully	0.02766
untamable	0.02761
unloose	0.02760
upregulates	0.02757
unlivable	0.02756
unlived	0.02755
unrevealing	0.02754
unaffectedly	0.02753
unconfessed	0.02752
UCSB	0.02750
unperformed	0.02750
unformulated	0.02740
unitless	0.02737
unreasoned	0.02736
Ubermensch	0.02735
Unni	0.02731
unfathomed	0.02729
unbranded	0.02725
ultrapure	0.02722
UnitedStates	0.02722
uncolored	0.02720
underuse	0.02718
underreport	0.02715
unreflected	0.02714
unventilated	0.02714
UDT	0.02707
unprimed	0.02704
unthankful	0.02703
Universitdt	0.02700
ued	0.02700
ude	0.02700
unexpended	0.02700
unforgettably	0.02699
unconsumed	0.02699
Urie	0.02698
uniquement	0.02689
unseren	0.02686
unscreened	0.02677
unblinkingly	0.02673
único	0.02662
unproduced	0.02661
uninstalling	0.02657
unhinge	0.02653
Ungerer	0.02652
undresses	0.02651
UAA	0.02650
uncoil	0.02646
uncracked	0.02646
unseating	0.02644
unrooted	0.02639
ultrasonically	0.02637
uninsurable	0.02637
universalizable	0.02635
unanchored	0.02633
underpopulated	0.02632
uncontained	0.02622
uou	0.02622
unnervingly	0.02617
upswept	0.02614
upsidedown	0.02612
unseres	0.02612
unavenged	0.02611
ultimi	0.02608
undrinkable	0.02607
unconventionally	0.02605
unengaged	0.02605
uppermiddle	0.02605
U.SA.	0.02604
undutiful	0.02603
unbuckle	0.02602
urinates	0.02600
U.SA	0.02600
utrum	0.02599
unamended	0.02597
ull	0.02595
UrbanaChampaign	0.02590
unscented	0.02585
unfermented	0.02574
underplays	0.02572
unharnessed	0.02571
uncatalogued	0.02568
unburdening	0.02567
unmanifested	0.02564
unprogressive	0.02559
upbraids	0.02547
unconscionably	0.02537
unattained	0.02537
unrounded	0.02537
unblushingly	0.02536
UAS	0.02536
unfreezing	0.02532
unforgotten	0.02527
unsworn	0.02527
updatable	0.02526
undulates	0.02515
unbowed	0.02514
undipped	0.02513
unquoted	0.02511
untidily	0.02509
unclenching	0.02509
unpracticed	0.02502
universalizability	0.02489
Uniate	0.02485
Umeda	0.02484
usufructuary	0.02476
unbarred	0.02474
unfunny	0.02470
unfrequent	0.02470
uncarpeted	0.02470
USPHS	0.02465
unties	0.02461
Ubersetzung	0.02461
unbuffered	0.02460
utiliser	0.02459
UMIST	0.02458
unpolitical	0.02456
undervalues	0.02455
ucts	0.02455
unsexed	0.02446
unauthentic	0.02439
última	0.02437
ungratefully	0.02429
unfreeze	0.02427
unsuspectingly	0.02423
undischarged	0.02421
unsportsmanlike	0.02419
uncircumcision	0.02413
unsympathetically	0.02412
unstirred	0.02411
unredeemable	0.02407
unblocking	0.02407
unprinted	0.02407
unsegmented	0.02401
unarguably	0.02400
unappeasable	0.02393
unsubstituted	0.02392
unstretched	0.02385
underprepared	0.02383
unhandled	0.02379
undiscoverable	0.02379
unintelligibly	0.02378
Udolpho	0.02374
uveal	0.02370
uncontentious	0.02367
unexcused	0.02365
unchaperoned	0.02363
unexpurgated	0.02361
uncontrollability	0.02357
usar	0.02355
UNMIK	0.02352
unorthodoxy	0.02351
useth	0.02346
unplayable	0.02344
unchallenging	0.02342
untenured	0.02339
Uto	0.02338
uncontroverted	0.02336
Uniontown	0.02335
untilled	0.02333
unhappiest	0.02332
ums	0.02332
uninstalled	0.02331
Upshaw	0.02328
unvalued	0.02324
unexcited	0.02322
undiscounted	0.02322
unemotionally	0.02321
unexperienced	0.02319
unaccredited	0.02316
unquenched	0.02312
ultranationalist	0.02309
unenforced	0.02308
uld	0.02302
upand	0.02301
undisputable	0.02299
unhooking	0.02295
unctions	0.02291
unirrigated	0.02291
Überlegungen	0.02281
unslung	0.02281
unenthusiastically	0.02276
untagged	0.02270
unrevised	0.02268
unserem	0.02267
unscrupulousness	0.02259
UAB	0.02258
underlaid	0.02255
Univision	0.02254
unsynchronized	0.02253
unmethylated	0.02247
UNRISD	0.02246
Umfang	0.02241
unfilial	0.02241
uncurtained	0.02236
unamiable	0.02235
unlink	0.02234
uncodified	0.02229
upthrust	0.02228
Uberlieferung	0.02227
utiles	0.02225
unpinned	0.02224
unhealthiness	0.02217
U.C.L.A.	0.02213
Ulisse	0.02211
unipolarity	0.02207
Ucko	0.02200
urbanists	0.02200
unmilitary	0.02189
UQ	0.02188
unbalancing	0.02187
ungloved	0.02186
unremunerative	0.02185
unreviewable	0.02185
uncombined	0.02181
Uddin	0.02180
ungrouped	0.02176
unshaped	0.02173
unpick	0.02171
UHV	0.02164
ultras	0.02164
undomesticated	0.02161
unwarlike	0.02156
umlaut	0.02142
undiplomatic	0.02141
unharvested	0.02140
unscarred	0.02140
umph	0.02137
unmedicated	0.02132
utilizable	0.02132
unflavored	0.02131
unlikable	0.02128
unt	0.02127
uproots	0.02123
unornamented	0.02120
Uchino	0.02119
unwrinkled	0.02118
underconsumption	0.02117
unteachable	0.02113
unwraps	0.02113
ungentle	0.02113
unassembled	0.02111
unruptured	0.02109
undertreatment	0.02107
uptick	0.02107
unth	0.02105
unsanctified	0.02104
unclarity	0.02103
unadventurous	0.02100
unselective	0.02097
unimplemented	0.02094
unnoted	0.02093
underfloor	0.02086
uncharitably	0.02086
unchangeably	0.02085
underdone	0.02084
undesirably	0.02084
urbanite	0.02076
UEFA	0.02071
undiscerning	0.02070
utriusque	0.02068
unimpassioned	0.02068
Ursache	0.02057
unanalyzable	0.02057
unkept	0.02053
ungrudgingly	0.02048
unblessed	0.02047
ultracentrifuge	0.02046
unchartered	0.02044
unicycle	0.02042
U.L.	0.02042
urbanist	0.02039
upending	0.02037
underdressed	0.02025
ungendered	0.02018
uncontroversially	0.02017
unworried	0.02016
unsent	0.02015
unlimbered	0.02011
uation	0.02011
unmistakeably	0.02006
underachiever	0.02003
uie	0.02002
unawakened	0.02002
upend	0.02001
unembellished	0.02001
unrated	0.02000
umpiring	0.02000
unterschiedliche	0.01999
understrength	0.01999
unbuckling	0.01997
undogmatic	0.01994
unforgivably	0.01992
unwatched	0.01984
uniformitarian	0.01983
unreturned	0.01982
unshaved	0.01978
unclad	0.01977
unattractiveness	0.01974
uninvestigated	0.01968
undesignated	0.01966
unhandsome	0.01965
underpasses	0.01961
uprootedness	0.01955
Umsetzung	0.01955
underived	0.01954
UNlVERSlTY	0.01952
unlatch	0.01951
USCG	0.01946
undershorts	0.01945
umbrageous	0.01938
unforseen	0.01930
upbringings	0.01930
undertreated	0.01928
unpoetic	0.01928
uncharitableness	0.01924
Unie	0.01922
unstamped	0.01922
unquote	0.01921
unappeased	0.01920
unhewn	0.01916
undulant	0.01913
unsalable	0.01907
ukase	0.01900
unweathered	0.01900
underclasses	0.01896
unhappier	0.01895
unrestrainedly	0.01890
unresting	0.01885
untrusting	0.01883
unadapted	0.01879
understatements	0.01879
unmemorable	0.01878
unworldliness	0.01878
unswept	0.01878
underproduction	0.01875
unseeingly	0.01872
unmelted	0.01871
untruthfully	0.01865
unimposing	0.01862
UKHL	0.01853
unfathomably	0.01850
unalienated	0.01843
unhitch	0.01840
underlayer	0.01836
upheaved	0.01835
unbundle	0.01835
underplaying	0.01834
unlocated	0.01830
Ursinus	0.01830
Urso	0.01830
unpruned	0.01823
unfits	0.01822
usefull	0.01820
unanalysed	0.01818
Upsaliensis	0.01816
unnerves	0.01816
upholsterers	0.01810
unreadiness	0.01809
ultralow	0.01804
unachieved	0.01802
U.P	0.01802
undesigned	0.01795
untenability	0.01794
undermentioned	0.01793
unaesthetic	0.01786
underemphasized	0.01786
unlace	0.01784
uncomprehended	0.01782
Ushant	0.01781
unidirectionally	0.01776
unwearying	0.01773
undiscussed	0.01769
UCSC	0.01767
uncontestable	0.01766
unplanted	0.01766
uted	0.01764
underly	0.01755
utilizations	0.01755
unlikeliest	0.01755
urbem	0.01749
unendingly	0.01749
unhealthily	0.01747
unwitnessed	0.01741
unpublicized	0.01739
underthings	0.01739
unusualness	0.01736
upsurges	0.01734
ululation	0.01731
unscholarly	0.01727
unbelievingly	0.01727
upswings	0.01726
uncomely	0.01725
umana	0.01723
understaffing	0.01720
unintellectual	0.01719
upstaging	0.01716
underskirt	0.01715
unseal	0.01714
universalizes	0.01713
unsay	0.01709
unclench	0.01704
Übersetzung	0.01698
unpicked	0.01698
untracked	0.01696
unzips	0.01694
Ulysse	0.01691
unshorn	0.01690
unrestored	0.01689
ually	0.01687
Underdown	0.01684
unsystematically	0.01672
ublic	0.01671
unquantified	0.01670
US.	0.01668
unproductively	0.01668
Ukiah	0.01665
Unking	0.01664
unes	0.01663
unctuously	0.01663
untuned	0.01662
uncork	0.01655
unpatterned	0.01652
underrating	0.01651
urography	0.01650
unnavigable	0.01648
unreciprocated	0.01645
unarmored	0.01639
unwelcomed	0.01638
unremunerated	0.01637
untwist	0.01632
untyped	0.01630
unaccommodating	0.01629
Ukranian	0.01629
untraced	0.01624
undrawn	0.01622
U7	0.01619
unostentatiously	0.01618
upturns	0.01615
unlamented	0.01609
undoubting	0.01606
Univesity	0.01598
unmentionables	0.01598
unsurveyed	0.01598
unamused	0.01597
universi	0.01590
urodynamic	0.01589
unelaborated	0.01588
unpowered	0.01587
unremitted	0.01579
universalised	0.01577
unpurified	0.01569
Uhh	0.01567
unsoiled	0.01567
ulcerating	0.01564
unobservables	0.01563
unhoped	0.01561
unserious	0.01560
unplowed	0.01559
unascertained	0.01559
unversed	0.01558
unhuman	0.01558
ungrammaticality	0.01551
uence	0.01545
ularly	0.01540
unsurmountable	0.01539
Umfeld	0.01536
uncurl	0.01530
ulcerous	0.01530
unpayable	0.01526
uninhibitedly	0.01523
untameable	0.01521
unmatchable	0.01521
Ulsterman	0.01516
unwalled	0.01515
unchecking	0.01514
underbid	0.01512
Uniao	0.01509
unavowed	0.01508
undiversified	0.01507
unfalsifiable	0.01507
unseparated	0.01502
underwhelming	0.01500
unrealisable	0.01499
undisputedly	0.01498
Uzis	0.01498
uth	0.01497
URSS	0.01497
unsusceptible	0.01491
unbeautiful	0.01480
unthreatened	0.01478
unio	0.01478
unavoidability	0.01477
uncaught	0.01476
uniforme	0.01476
uncorrectable	0.01472
uxorious	0.01470
uprose	0.01469
unkindest	0.01468
U.S.C	0.01468
unadvisedly	0.01466
unpub	0.01466
uncial	0.01464
unguessed	0.01463
unprogrammed	0.01463
Utterback	0.01462
undeciphered	0.01458
unobscured	0.01458
unhatched	0.01454
Unani	0.01450
unsustainably	0.01446
unmoral	0.01443
unpleasure	0.01443
ululating	0.01443
Ushaped	0.01441
unfussy	0.01438
unalike	0.01438
underwhelmed	0.01437
unaggressive	0.01436
uncrossing	0.01435
uncommercial	0.01433
uncalculated	0.01431
uals	0.01430
unresisted	0.01428
Unversity	0.01422
unanalysable	0.01421
unprofitably	0.01420
unsalvageable	0.01418
unintuitive	0.01412
unshakably	0.01412
unclog	0.01409
unfeignedly	0.01408
Uglow	0.01403
unsettlement	0.01403
unseeable	0.01401
Urb	0.01399
undersold	0.01392
ustice	0.01387
unknotted	0.01385
unbegotten	0.01383
Uppal	0.01377
uncurling	0.01377
umn	0.01376
unfashionably	0.01376
undersize	0.01375
untanned	0.01374
uncompounded	0.01374
uncorrupt	0.01373
understandeth	0.01372
unaccountability	0.01367
ultimum	0.01367
uncer	0.01365
unexpanded	0.01364
unsuitably	0.01363
unestablished	0.01359
ulti	0.01359
unwinking	0.01356
Universit'e	0.01355
unfledged	0.01353
unconfident	0.01352
ungrudging	0.01351
unratified	0.01349
unthinkably	0.01342
unwarrantably	0.01341
unifications	0.01339
unrealities	0.01339
UART	0.01337
unimaginatively	0.01337
undershoot	0.01336
Universitats	0.01335
unclearly	0.01334
ungenial	0.01334
uncorking	0.01330
utilis	0.01328
unrequested	0.01325
unre	0.01324
unwilled	0.01322
unadvisable	0.01322
Uranian	0.01321
Umpqua	0.01321
untravelled	0.01317
unsterilized	0.01316
unsocialized	0.01314
unpleasurable	0.01313
Umbruch	0.01312
ungallant	0.01311
upscaling	0.01308
ungroup	0.01307
unrepressed	0.01307
UNM	0.01301
upperclassman	0.01301
UOP	0.01298
Urwick	0.01296
ungracefully	0.01295
Ufficio	0.01287
unfocussed	0.01286
unionizing	0.01286
uncouthness	0.01283
uncompress	0.01281
unsleeping	0.01280
unadvertised	0.01277
upp	0.01274
UNECE	0.01272
Uji	0.01264
uncustomary	0.01259
uith	0.01258
uncrossable	0.01255
unbuttons	0.01255
Uhlans	0.01253
universalise	0.01252
unpublishable	0.01252
unsporting	0.01251
unguardedly	0.01249
unpunctuated	0.01247
underqualified	0.01246
ule	0.01245
unfound	0.01241
urbanely	0.01240
unprofessionally	0.01238
unquam	0.01230
unblinded	0.01228
unilingual	0.01228
untargeted	0.01226
unclasping	0.01226
understudies	0.01226
uneatable	0.01226
unreliably	0.01219
undraped	0.01217
unavailingly	0.01213
unsustained	0.01213
unseasonal	0.01213
Ulstermen	0.01212
últimos	0.01208
unbreachable	0.01208
unrepentantly	0.01208
upas	0.01207
unmissable	0.01204
USX	0.01203
unpoetical	0.01202
Unterscheidung	0.01199
Universityof	0.01199
ules	0.01194
uan	0.01193
unplumbed	0.01192
uncom	0.01192
ungrammatically	0.01192
unstitched	0.01186
uncleaned	0.01183
uncontrived	0.01181
unflatteringly	0.01179
unconstructive	0.01174
underfinanced	0.01173
Uniroyal	0.01173
untwisting	0.01171
unapparent	0.01170
underexplored	0.01169
unknowledgeable	0.01167
undoable	0.01166
undertrained	0.01166
Ulick	0.01164
unex	0.01163
unbridged	0.01163
unscalable	0.01157
UNLV	0.01154
unmoderated	0.01152
unf	0.01152
unclarified	0.01149
UNODC	0.01148
unclasp	0.01136
uncoloured	0.01136
ungratified	0.01135
uxor	0.01131
uplinks	0.01129
unobvious	0.01127
unsalaried	0.01124
unattractively	0.01122
uncross	0.01121
ubiquitousness	0.01117
unpleasantries	0.01115
uraemia	0.01115
unbusinesslike	0.01114
untraveled	0.01113
unfoldings	0.01105
unmanipulated	0.01103
underselling	0.01102
Uberblick	0.01094
undercounted	0.01094
unilocular	0.01089
unchangeableness	0.01088
Uden	0.01086
usee	0.01086
uncanonical	0.01085
underrepresent	0.01081
undershot	0.01078
unclipped	0.01077
urgendy	0.01070
ultime	0.01066
unsettlingly	0.01064
Uist	0.01059
undertheorized	0.01058
Ubaldo	0.01057
unterschiedlicher	0.01053
underclassmen	0.01048
Uitlanders	0.01046
unhidden	0.01045
UBA	0.01043
universum	0.01040
unfeelingly	0.01035
upsides	0.01032
unmated	0.01027
utilisé	0.01026
unmourned	0.01025
única	0.01017
unlacing	0.01017
uninscribed	0.01016
undei	0.01011
uncelebrated	0.01009
unman	0.01004
USZ62	0.01002
unpicking	0.01001
unwarned	0.009969
untypically	0.009966
Urville	0.009940
unresistingly	0.009924
uropathy	0.009906
unfriended	0.009875
unrelaxed	0.009875
unchain	0.009868
uis	0.009830
uration	0.009818
upregulating	0.009814
upperlevel	0.009796
unsaddle	0.009776
unbothered	0.009776
unstoppably	0.009774
unbought	0.009753
utilisant	0.009747
ungenerously	0.009729
urt	0.009722
underlip	0.009713
Urrea	0.009664
unevaluated	0.009659
unfulfillable	0.009659
Univerity	0.009645
Universiry	0.009645
unattempted	0.009643
unladen	0.009567
unskilfully	0.009551
unsheathing	0.009538
unpreventable	0.009529
unreflexive	0.009488
upo	0.009486
unrespectable	0.009482
UFW	0.009482
unripened	0.009441
unmarriageable	0.009425
umbels	0.009408
upou	0.009407
uncourteous	0.009403
U.R.	0.009394
unwarily	0.009343
uncouples	0.009295
Umesh	0.009293
unpardonably	0.009261
UMT	0.009233
unshackle	0.009201
unscrambled	0.009179
Unterstützung	0.009178
unpitying	0.009158
unbalances	0.009138
unsheathe	0.009122
Uitgevers	0.009082
Uniwersytetu	0.009055
ulness	0.009021
U.N	0.009013
uptakes	0.008958
uptrend	0.008943
unspeaking	0.008936
unnormalized	0.008889
Utsunomiya	0.008882
unshipped	0.008860
unpretentiousness	0.008853
unbosom	0.008831
unathletic	0.008801
USAir	0.008797
unbolt	0.008777
useof	0.008700
Umansky	0.008689
unhinging	0.008683
Ueki	0.008628
undauntedly	0.008628
Unhand	0.008550
ululations	0.008543
ustedes	0.008537
uninfluential	0.008498
usingthe	0.008467
unstopped	0.008465
underresearched	0.008463
unadvised	0.008458
Urbani	0.008408
unbefitting	0.008395
utili	0.008382
undersecretaries	0.008352
undersupply	0.008352
underexposure	0.008348
unnoticeably	0.008344
unseemliness	0.008328
unrestrictedly	0.008229
unutilised	0.008166
unpunctual	0.008155
unevolved	0.008151
Uzzi	0.008130
Ulyanov	0.008114
unextinguished	0.008110
uncleanly	0.008083
underlinings	0.008083
underpaying	0.008076
unconditionality	0.008052
underexploited	0.008036
unluckiest	0.007986
unbreathable	0.007982
ution	0.007982
unblest	0.007960
unshrinking	0.007949
Unh	0.007921
updateable	0.007885
unranked	0.007857
unsexy	0.007827
UAM	0.007780
unprosperous	0.007747
unfalteringly	0.007737
unemphatic	0.007722
unsterile	0.007719
Uygur	0.007701
unhonoured	0.007672
unrecognizably	0.007664
unrepealed	0.007650
Ulrica	0.007607
unobtrusiveness	0.007598
unpitied	0.007594
U9	0.007583
unreferenced	0.007549
umgekehrt	0.007547
undisguisedly	0.007533
undefeatable	0.007531
unthrifty	0.007524
Uppingham	0.007524
unchivalrous	0.007495
Uhland	0.007491
um2	0.007457
Überblick	0.007425
underworlds	0.007410
Universitatsbibliothek	0.007403
Updegraff	0.007389
upbraidings	0.007374
Ulum	0.007371
underresourced	0.007340
Universitaet	0.007338
unilluminated	0.007338
uncoils	0.007336
undecomposed	0.007315
unbecomingly	0.007288
unreclaimed	0.007271
uin	0.007201
untaken	0.007188
unpretentiously	0.007178
unproblematized	0.007174
ungratefulness	0.007154
undestroyed	0.007138
unterscheidet	0.007134
unapproached	0.007098
uxorem	0.007032
unexpressive	0.007026
uncaptured	0.007015
unamenable	0.007012
uncalculating	0.006997
unhandy	0.006990
unshadowed	0.006977
Universitätsverlag	0.006972
underaged	0.006965
UMW	0.006952
undeterminable	0.006923
usul	0.006923
unenforceability	0.006921
userid	0.006903
unbrushed	0.006885
uncaged	0.006873
unweariedly	0.006858
Uvea	0.006858
UPM	0.006858
untruly	0.006842
Ursule	0.006842
unswayed	0.006815
UniversityPress	0.006756
undercounting	0.006723
unfrocked	0.006712
unshapely	0.006709
UAG	0.006698
unconvicted	0.006680
usemame	0.006673
underrecognized	0.006669
unmanageably	0.006658
unhonored	0.006646
umano	0.006626
unfaded	0.006620
underbred	0.006602
Uematsu	0.006561
Unna	0.006543
unsharp	0.006534
unassailably	0.006527
underutilised	0.006523
Uralic	0.006519
underfeeding	0.006438
unparliamentary	0.006388
unti	0.006348
unvanquished	0.006328
Uoyd	0.006325
unfragmented	0.006310
unclose	0.006279
uprush	0.006278
unrefrigerated	0.006263
unfertile	0.006258
unambivalent	0.006234
unappetising	0.006234
uro	0.006186
untractable	0.006182
unpicturesque	0.006168
Uinta	0.006166
uality	0.006157
utrumque	0.006101
ully	0.006050
unattainability	0.006049
Ungava	0.006027
underrates	0.006025
unrebuked	0.006023
undersupplied	0.006009
usmg	0.005960
urolithiasis	0.005957
unescapable	0.005955
unstick	0.005955
upholstering	0.005953
unbraided	0.005949
unwedded	0.005937
unpunctuality	0.005897
unimpeached	0.005888
unsatisfactoriness	0.005886
ullo	0.005865
unassailed	0.005857
Uhhh	0.005850
unenterprising	0.005839
Utting	0.005830
uncuffed	0.005829
unfixable	0.005814
unhomely	0.005778
unsuppressed	0.005756
unyoked	0.005747
unbar	0.005708
uchi	0.005706
uncemented	0.005693
unrepented	0.005681
unanswerably	0.005675
U.S.based	0.005645
uuder	0.005630
uck	0.005582
Ufer	0.005555
utraque	0.005535
unsealing	0.005533
unitized	0.005515
unk	0.005502
Upsilon	0.005490
UNIVAC	0.005481
uncurbed	0.005475
ursine	0.005466
Umbach	0.005441
USAA	0.005441
unwrought	0.005399
unrefreshed	0.005396
urbaines	0.005392
unwontedly	0.005392
undenominational	0.005378
unrenewed	0.005340
untired	0.005336
unwieldiness	0.005329
uon	0.005318
underachieve	0.005315
unreserve	0.005309
unscrambling	0.005309
U.S.N.	0.005282
unslaked	0.005266
unredressed	0.005264
unyieldingly	0.005259
untranslatability	0.005246
ulations	0.005243
untheorized	0.005239
unanesthetized	0.005230
Ubergang	0.005230
uary	0.005190
unwaged	0.005161
Ulva	0.005133
undermost	0.005131
ungovernability	0.005127
Ulli	0.005098
unmanliness	0.005060
Uttarakhand	0.005053
usan	0.005051
unmeet	0.005051
uncandid	0.005024
unmutilated	0.005017
überall	0.005008
unintimidated	0.005006
ush	0.004977
unplastered	0.004952
urith	0.004952
ucation	0.004925
urates	0.004898
understan	0.004882
unshelled	0.004880
usedto	0.004878
unapt	0.004839
unholiness	0.004837
unscientifically	0.004821
Uzzah	0.004793
unbedingt	0.004774
uow	0.004756
unheardof	0.004750
usion	0.004736
U.T.	0.004732
upheaving	0.004723
upturning	0.004723
universa	0.004698
unassumingly	0.004685
undique	0.004665
unsetded	0.004649
Udyog	0.004635
unadmitted	0.004620
Ultramar	0.004615
unbraced	0.004611
upreared	0.004611
udge	0.004599
unpackaged	0.004597
Unal	0.004575
uncommented	0.004545
unharmonious	0.004537
unin	0.004530
upborne	0.004509
unhide	0.004505
unmethodical	0.004483
unvexed	0.004454
unawed	0.004436
unresearched	0.004433
unfordable	0.004429
uppish	0.004420
unmaidenly	0.004400
Utkal	0.004386
undecayed	0.004382
unliterary	0.004382
undented	0.004377
undemocratically	0.004371
unmakes	0.004341
unhoused	0.004314
unindicted	0.004263
unconformably	0.004242
unbosomed	0.004227
uous	0.004224
unfaith	0.004216
unsated	0.004195
uttereth	0.004180
utilité	0.004180
untinged	0.004146
utique	0.004132
urgence	0.004112
unpigmented	0.004101
uberhaupt	0.004088
utils	0.004083
unda	0.004074
upspringing	0.004067
Umbelliferae	0.004065
upperright	0.004065
unbaptised	0.004052
Uttle	0.004050
unimpeachably	0.004027
uate	0.004027
unjusdy	0.004023
unmelodious	0.003993
unrestful	0.003989
unboundedness	0.003984
untrod	0.003984
underpay	0.003975
unsounded	0.003962
up.The	0.003953
unflaggingly	0.003913
urbi	0.003892
Uniti	0.003885
umami	0.003854
upgradeable	0.003847
utilitatem	0.003838
unwept	0.003830
uncomment	0.003818
urines	0.003809
utans	0.003807
unharness	0.003766
unstimulating	0.003766
U.B.	0.003760
Uhler	0.003746
unembodied	0.003724
uter	0.003720
unforthcoming	0.003708
unendurably	0.003708
utilisée	0.003677
unwatered	0.003668
uncarved	0.003659
ungenteel	0.003652
Uren	0.003641
unmodern	0.003614
upends	0.003607
unifocal	0.003605
undoubtably	0.003603
unincumbered	0.003601
underwoods	0.003587
unordained	0.003587
unrestraint	0.003564
underemphasize	0.003558
Uniphase	0.003535
usos	0.003511
underequipped	0.003504
Urbanus	0.003497
unchangeability	0.003481
unicum	0.003464
umbel	0.003452
umbers	0.003437
unlatching	0.003432
uhn	0.003405
unholstered	0.003398
unrefreshing	0.003378
unskilfulness	0.003376
unsown	0.003374
unconfused	0.003318
unpressed	0.003313
unpatentable	0.003311
unchastened	0.003309
undis	0.003289
unwieldly	0.003241
unexaggerated	0.003232
undesignedly	0.003230
ulated	0.003230
unparallel	0.003185
unintelligently	0.003183
unrighteously	0.003172
unperverted	0.003147
unsuccess	0.003114
unpermitted	0.003096
uglies	0.003095
utilitas	0.003093
undegraded	0.003084
unsoldierly	0.003078
unpleasantnesses	0.003062
unsupplied	0.003060
Urteilskraft	0.003059
unviolated	0.003055
usband	0.003035
undeceiving	0.003024
ument	0.003017
unem	0.003014
unreproved	0.003012
unsoftened	0.002992
untimeliness	0.002990
Unterwalden	0.002970
unsectarian	0.002967
unshuttered	0.002963
umble	0.002963
undemonstrable	0.002958
unhung	0.002954
Uteris	0.002941
uproars	0.002911
unscrews	0.002905
upperleft	0.002900
unchen	0.002896
underpayments	0.002887
unenumerated	0.002878
unprofitableness	0.002878
unmount	0.002867
uninstructive	0.002864
understandingof	0.002862
unacted	0.002839
uncomforted	0.002822
unabating	0.002813
undeT	0.002790
Ureaplasma	0.002786
unvaryingly	0.002781
unrefuted	0.002779
uncouthly	0.002766
usuall	0.002752
Upsal	0.002752
unhitching	0.002747
Uttoxeter	0.002745
upbraideth	0.002741
unknot	0.002714
underprice	0.002709
uprise	0.002694
unreligious	0.002687
unfavored	0.002680
unlesse	0.002674
unflustered	0.002653
unsmilingly	0.002647
Ultramontanism	0.002640
uncovenanted	0.002635
unascertainable	0.002626
ungathered	0.002626
uever	0.002622
unblended	0.002619
unboiled	0.002615
utt	0.002599
undecaying	0.002590
unmanufactured	0.002590
utilisés	0.002581
Ullswater	0.002561
usance	0.002536
unpardoned	0.002512
Uruguayans	0.002509
us.We	0.002501
undocked	0.002496
unhelped	0.002487
unpin	0.002463
unoperated	0.002451
Usami	0.002445
underbody	0.002440
unvalidated	0.002411
unsuspiciously	0.002408
unclogged	0.002406
undisposed	0.002393
Ubersicht	0.002390
unapplied	0.002388
utter'd	0.002371
unphosphorylated	0.002364
uls	0.002355
uncreate	0.002355
unalarmed	0.002350
unbilled	0.002344
utilisées	0.002343
Uberti	0.002319
unsympathizing	0.002317
undistinguishing	0.002310
unbloody	0.002308
unsaddling	0.002307
unriddle	0.002307
unstrap	0.002301
unstably	0.002290
Umbrians	0.002287
unsuitableness	0.002278
unphilosophic	0.002276
Ufford	0.002272
unprotesting	0.002261
unrelaxing	0.002251
unremoved	0.002247
uor	0.002234
urg'd	0.002229
unendowed	0.002229
unclosing	0.002216
unilluminating	0.002215
unloosened	0.002213
Umversity	0.002204
unpossessed	0.002195
uncheered	0.002189
unremarkably	0.002177
unintermitted	0.002175
unfitly	0.002164
uniter	0.002155
Uzun	0.002148
U8	0.002139
undazzled	0.002139
uncivilly	0.002139
unsightliness	0.002130
unmatured	0.002126
unforgetable	0.002121
unillumined	0.002112
Uvedale	0.002108
unmetered	0.002108
utroque	0.002108
urbanistic	0.002103
undor	0.002101
usedfor	0.002094
unpronounced	0.002088
uutil	0.002088
Unionville	0.002081
undeviatingly	0.002074
undred	0.002067
unconscientious	0.002056
unterrified	0.002043
underinvest	0.002038
undersampling	0.002034
uncompassionate	0.002027
unextinguishable	0.002020
untechnical	0.001998
unwholesomeness	0.001982
undissembled	0.001971
undrilled	0.001966
unlading	0.001960
unperfected	0.001960
uncoined	0.001955
uninvaded	0.001955
upraise	0.001953
unisons	0.001948
untangles	0.001948
upthe	0.001946
unlookedfor	0.001942
unsunned	0.001942
uncourtly	0.001940
unsettledness	0.001940
usng	0.001939
unnumber'd	0.001910
ungifted	0.001908
unconformable	0.001904
unclerical	0.001904
unpleasandy	0.001903
unaptly	0.001903
univalve	0.001881
uii	0.001881
University7	0.001877
unregenerated	0.001876
undevout	0.001868
unloosing	0.001863
unlet	0.001858
unpledged	0.001854
unimpressionable	0.001850
ught	0.001843
urobilinogen	0.001836
usquebaugh	0.001834
ulterius	0.001829
unmans	0.001823
unsecure	0.001823
unduplicated	0.001814
Ungaro	0.001814
umbelliferous	0.001807
unlinking	0.001802
ungraciousness	0.001800
ultro	0.001798
understandest	0.001798
uncondemned	0.001796
unpowdered	0.001793
unweeded	0.001778
unhardened	0.001778
unattacked	0.001778
usl	0.001773
undecidedly	0.001773
unmurmuring	0.001771
unemancipated	0.001760
understandin	0.001758
unbrotherly	0.001757
utitur	0.001757
upoa	0.001753
unplaned	0.001751
unidiomatic	0.001749
unhorse	0.001742
urbes	0.001738
untraversed	0.001738
urgente	0.001738
understanded	0.001737
uaed	0.001735
unborrowed	0.001731
uterque	0.001726
uut	0.001722
uiy	0.001722
unpriced	0.001713
unintermitting	0.001711
underutilize	0.001706
Ultramontanes	0.001702
unharnessing	0.001701
ungently	0.001695
ungranted	0.001693
unship	0.001693
Ulbrich	0.001693
unbodied	0.001692
unploughed	0.001692
upholdeth	0.001688
unexceptionably	0.001686
Ussuri	0.001684
unbusiness	0.001684
unhearing	0.001672
unallowable	0.001670
untempted	0.001665
unplaced	0.001663
undercroft	0.001659
ungallantly	0.001656
uncapable	0.001652
usec	0.001650
Uve	0.001645
uninvested	0.001634
unfaithfully	0.001628
urgen	0.001619
unblameable	0.001616
unblamable	0.001612
unthrift	0.001612
umbo	0.001610
unweaned	0.001609
undried	0.001603
usinga	0.001603
unrevenged	0.001600
underpainting	0.001589
unfor	0.001580
unfrequendy	0.001578
unwished	0.001576
uew	0.001565
ungainliness	0.001562
ultranationalism	0.001558
unkingly	0.001558
udgment	0.001556
uninclosed	0.001551
unsuggestive	0.001547
ungentlemanlike	0.001544
unchildlike	0.001540
unenfranchised	0.001537
Uhlan	0.001535
unmastered	0.001533
unscratched	0.001529
unuseful	0.001529
unruled	0.001527
uuto	0.001524
underperforms	0.001524
unfruitfulness	0.001522
unfix	0.001522
unsociability	0.001518
unexcitable	0.001511
upcast	0.001508
unjointed	0.001506
unsifted	0.001502
unmeritorious	0.001500
unfortu	0.001500
unsearched	0.001491
unanswering	0.001488
unproductiveness	0.001484
unintermittent	0.001482
unpierced	0.001481
unclassical	0.001475
unarranged	0.001472
unpressurized	0.001472
undoubtingly	0.001468
ungirt	0.001466
unaspiring	0.001464
unmoor	0.001463
unloveliness	0.001461
unhackneyed	0.001457
unhandsomely	0.001457
unenlightening	0.001452
uncondensed	0.001450
unenvied	0.001448
unhusked	0.001443
uptilted	0.001441
underactivity	0.001441
uthorH	0.001439
unhistoric	0.001439
unpursued	0.001428
unbends	0.001426
unsheath	0.001405
unmuzzled	0.001405
unskillfully	0.001403
upheave	0.001401
undesigning	0.001394
unexacting	0.001390
uncancelled	0.001383
unremedied	0.001380
unrisen	0.001378
unstemmed	0.001372
unlashed	0.001371
U.S.S.R	0.001369
underdiagnosis	0.001365
uncrushed	0.001363
unnaturalized	0.001363
unsympathising	0.001360
ubiquitinated	0.001356
untender	0.001354
undenied	0.001354
unprofaned	0.001353
unregister	0.001351
unguessable	0.001349
unconceivable	0.001349
unheedful	0.001349
unlade	0.001347
unchronicled	0.001344
unfeathered	0.001344
ulsters	0.001344
unlimber	0.001342
unspecifiable	0.001342
unobserving	0.001338
unconceived	0.001335
unchristened	0.001333
unsex	0.001331
unacquaintance	0.001329
unplayed	0.001327
unlicked	0.001327
uncropped	0.001324
unbacked	0.001324
uWant.com	0.001320
unchangingly	0.001320
unthankfulness	0.001318
unmoveable	0.001315
uncircumscribed	0.001315
unctuousness	0.001309
uncultivable	0.001302
utinam	0.001300
unbrokenly	0.001300
unsatiated	0.001298
unity7	0.001291
unstrapping	0.001291
unaired	0.001289
unthoughtful	0.001284
unwarmed	0.001284
unchaining	0.001280
unanimated	0.001277
unpurchased	0.001273
unamusing	0.001273
usedin	0.001271
ullum	0.001268
undemonstrated	0.001266
unrepining	0.001264
unbinds	0.001264
usa.com	0.001264
underwire	0.001257
unprocurable	0.001252
undescribable	0.001248
unaccommodated	0.001244
unhopeful	0.001244
undivulged	0.001241
unmown	0.001239
uprear	0.001239
undialectical	0.001237
unimpressible	0.001234
unclimbable	0.001234
unpolite	0.001226
unproblematical	0.001226
unforgetting	0.001223
unplucked	0.001221
unneighbourly	0.001215
ursi	0.001214
uncheerful	0.001208
unbolting	0.001208
unbosoming	0.001205
ungarnished	0.001203
unmooring	0.001201
unparallelled	0.001194
unrepenting	0.001183
unbruised	0.001170
unmined	0.001170
unfurrowed	0.001169
unsufferable	0.001169
unblown	0.001169
unrestrainable	0.001165
unmasculine	0.001158
unlaid	0.001158
upstretched	0.001156
uster	0.001151
unforbidden	0.001151
undividedly	0.001149
unbelted	0.001149
utterers	0.001140
uncensured	0.001138
unapproachably	0.001136
undiscernible	0.001136
unteren	0.001133
unresentful	0.001125
unentertaining	0.001122
uncocked	0.001122
unground	0.001122
undecked	0.001122
unyoke	0.001122
uud	0.001122
uninventive	0.001118
unmannered	0.001115
understrappers	0.001111
uncomfortableness	0.001111
uncompanionable	0.001111
uniaxially	0.001109
unreeling	0.001109
unassuaged	0.001105
unauthoritative	0.001104
unknightly	0.001102
unslinging	0.001100
unlifted	0.001100
uite	0.001098
unassumed	0.001089
unflawed	0.001089
uprears	0.001086
unidimensionality	0.001086
undisturbedly	0.001086
unitate	0.001086
unthanked	0.001086
urna	0.001082
universitybased	0.001078
unhooks	0.001078
unhinges	0.001077
unriddled	0.001077
unintelligence	0.001073
unimprovable	0.001071
unfittest	0.001064
unmended	0.001060
upon't	0.001060
unweakened	0.001057
unsling	0.001044
uight	0.001042
unsnap	0.001042
unheedingly	0.001041
unsensational	0.001039
unvitiated	0.001037
unenvious	0.001035
Übergang	0.001024
uncourteously	0.001023
Universtiy	0.001019
unshrinkingly	0.001017
unwithered	0.001015
unreckoned	0.001014
unshattered	0.001012
UTET	0.001008
unreasoningly	0.001003
unpresuming	0.001003
unexplainably	0.0009991
unbreathed	0.0009937
underbellies	0.0009937
unbefriended	0.0009919
unreflectingly	0.0009829
unEnglish	0.0009774
unstirring	0.0009738
unburdens	0.0009684
uncleansed	0.0009576
Ube	0.0009558
u'd	0.0009540
unwholesomely	0.0009522
unconquerably	0.0009504
urr	0.0009468
unir	0.0009215
undemeath	0.0009161
uur	0.0008945
unshriven	0.0008909
unsized	0.0008801
unoxidized	0.0008710
uge	0.0008368
upmost	0.0008242
ueen	0.0008187
unders	0.0008133
unlets	0.0008115
ureas	0.0008007
unlearnt	0.0007827
uncased	0.0007737
unblamed	0.0007664
utpote	0.0007628
Umax	0.0007556
utere	0.0007520
us'll	0.0007448
unconsoled	0.0007448
ultimus	0.0007430
unreturning	0.0007394
unusquisque	0.0007376
unsummoned	0.0007358
unwarped	0.0007322
uxoris	0.0007214
unspun	0.0007160
uxore	0.0007069
unfurl'd	0.0007051
underbidding	0.0007015
urther	0.0007015
unbandaged	0.0006979
utuntur	0.0006943
upl	0.0006907
unregretted	0.0006889
unallied	0.0006871
uprisen	0.0006871
upraising	0.0006853
unmanning	0.0006835
unappalled	0.0006817
unhanged	0.0006817
unmov'd	0.0006799
undiscerned	0.0006619
undiscouraged	0.0006528
unil	0.0006528
unbarring	0.0006456
usiness	0.0006438
uninspected	0.0006420
unchilled	0.0006420
usto	0.0006366
unshackling	0.0006348
unambiguity	0.0006276
unwhipped	0.0006204
unclip	0.0006168
unweaving	0.0006150
uce	0.0006132
us1	0.0006077
upflung	0.0006023
unrigged	0.0005969
unrevoked	0.0005951
uncoffined	0.0005933
unshipping	0.0005897
undi	0.0005861
unpinning	0.0005843
unkissed	0.0005789
unstoppered	0.0005699
umes	0.0005699
upbuild	0.0005681
uee	0.0005663
unhasting	0.0005663
unlimitedly	0.0005645
urbanize	0.0005609
uction	0.0005591
uptorn	0.0005591
unsteadied	0.0005536
unclassed	0.0005518
unbroke	0.0005482
uer	0.0005482
ubject	0.0005464
uture	0.0005410
untorn	0.0005410
unfearing	0.0005410
unenjoyed	0.0005392
Uio	0.0005392
unsevered	0.0005356
upt	0.0005338
uty	0.0005338
unatoned	0.0005320
unrelievedly	0.0005320
unsmoked	0.0005302
unneces	0.0005284
uments	0.0005266
unperplexed	0.0005194
unseduced	0.0005176
uThe	0.0005158
Uuited	0.0005140
unwon	0.0005104
uny	0.0005086
unbreathing	0.0005068
unknotting	0.0005068
untwined	0.0005050
Uiat	0.0005050
uear	0.0005032
uncommunicated	0.0005032
unembittered	0.0005013
uninquiring	0.0005013
unlikeliness	0.0005013
ueed	0.0004977
uprearing	0.0004941
unstarched	0.0004851
untwine	0.0004779
unstintedly	0.0004743
unsentimentally	0.0004653
unpre	0.0004635
