not	2339
no	640.9
new	552.4
now	327.1
number	198.9
never	184.6
need	183.5
national	137.2
name	130.4
next	124.1
nature	111.5
nothing	104.0
night	95.78
non	80.74
necessary	79.63
north	78.99
natural	75.65
note	72.55
needs	70.88
needed	65.90
n	65.49
near	64.28
nor	63.74
network	53.18
normal	48.66
news	44.19
nation	43.70
numbers	42.25
notes	40.69
negative	40.32
No.	39.16
neither	39.16
nearly	38.12
n.	37.06
noted	36.30
none	35.33
names	34.71
nations	32.90
notice	32.74
November	31.09
•	30.21
native	29.05
named	28.46
northern	27.82
net	26.90
novel	25.30
nevertheless	24.17
numerous	23.36
nine	23.23
narrative	22.59
notion	22.57
networks	21.78
necessarily	21.01
nuclear	20.45
neck	19.78
noise	19.07
nineteenth	18.89
nice	18.80
narrow	18.30
§	17.66
noticed	16.95
normally	16.89
naturally	15.89
nursing	15.61
newspaper	15.58
nodded	14.66
°	14.32
nerve	13.84
necessity	13.79
nose	13.37
nurse	13.26
namely	13.09
nervous	13.07
nobody	12.79
newly	12.23
node	12.16
noble	11.21
navy	11.04
newspapers	10.93
nearby	10.85
neighborhood	10.16
norms	10.10
negotiations	9.873
neutral	9.826
na	9.537
nonetheless	9.209
nodes	9.187
NY	9.133
naval	8.337
©	8.309
nurses	8.179
Netherlands	8.088
nationalism	7.981
neighbors	7.928
Negro	7.909
nights	7.688
notions	7.609
novels	7.541
naked	7.479
Nelson	7.447
numerical	7.278
nutrition	6.990
ne	6.942
nm	6.918
narratives	6.899
neural	6.897
NJ	6.804
nowhere	6.656
nitrogen	6.617
Norman	6.509
notably	6.420
nearest	6.310
Nancy	6.268
neglect	6.240
needle	6.209
nucleus	6.125
neighbor	6.048
neurons	6.028
Nick	5.863
negotiation	5.852
Nazi	5.851
nationalist	5.696
notable	5.690
noting	5.658
neglected	5.652
nerves	5.645
norm	5.634
Nigeria	5.532
null	5.460
notwithstanding	5.437
northwest	5.423
normative	5.415
Nicholas	5.343
Napoleon	5.315
narrator	5.306
navigation	5.249
Newton	5.186
neo	5.106
natives	5.102
»	5.056
nominal	5.038
noon	4.912
Nixon	4.725
ninth	4.714
nest	4.693
«	4.677
negotiate	4.621
noun	4.544
NATO	4.377
■	4.294
ninety	4.167
Norway	4.155
naming	4.141
northeast	4.140
nearer	4.080
Norton	4.065
ni	4.011
nutrients	4.006
NGOs	3.983
nuts	3.982
£	3.979
Nietzsche	3.950
negotiating	3.940
nonlinear	3.921
neighboring	3.867
negotiated	3.858
networking	3.856
Nov.	3.767
notation	3.725
nutritional	3.712
nonsense	3.655
neat	3.593
numbered	3.484
neighbours	3.481
nutrient	3.459
nationality	3.421
Nat	3.392
negligence	3.386
neighborhoods	3.378
nuclei	3.369
nasal	3.352
®	3.295
nail	3.283
nineteen	3.280
nails	3.259
neighbourhood	3.255
Nathan	3.231
negatively	3.203
NT	3.177
newer	3.158
negroes	3.146
nonprofit	3.139
Newman	3.116
nobility	3.101
nausea	3.040
naive	2.998
nephew	2.998
neatly	2.994
nowadays	2.969
notification	2.934
Nebraska	2.931
ng	2.899
nay	2.893
notebook	2.836
N.Y.	2.808
Neil	2.802
nightmare	2.790
notorious	2.748
ns	2.744
notices	2.726
nursery	2.720
Nevada	2.706
neighbouring	2.682
nod	2.657
nos	2.652
Noah	2.646
noisy	2.638
NC	2.585
neurological	2.576
newborn	2.559
noticeable	2.550
n.d.	2.534
Nazis	2.532
NASA	2.511
needing	2.502
Norwegian	2.498
nicht	2.495
neutrality	2.465
niche	2.450
novelty	2.437
nd	2.435
nasty	2.431
Nile	2.421
nouns	2.400
newsletter	2.394
Nepal	2.381
nut	2.369
novelist	2.367
Notre	2.347
noteworthy	2.340
negligible	2.333
neighbour	2.330
nickel	2.314
nicely	2.288
nomination	2.283
normalized	2.282
Nova	2.271
nobles	2.261
neuron	2.254
needles	2.231
Naples	2.230
nationwide	2.219
Ned	2.215
needless	2.199
nets	2.195
narrowly	2.182
Nashville	2.175
Nobel	2.175
NP	2.169
±	2.143
northwestern	2.137
narrowed	2.120
necrosis	2.105
nuns	2.098
N.J.	2.073
notify	2.069
Nigerian	2.062
negation	2.039
nominated	2.029
Nina	2.027
nationally	2.024
Nash	2.017
noises	2.002
notified	1.986
neuronal	1.980
noticing	1.966
niece	1.934
nationalists	1.922
nous	1.906
nitrate	1.905
navigate	1.899
Norfolk	1.885
nun	1.884
Natl	1.865
narration	1.862
Neurology	1.858
nested	1.840
nr	1.839
neonatal	1.829
NGO	1.826
necessities	1.820
Nora	1.818
nurture	1.817
nervously	1.804
nationals	1.801
Nam	1.774
nonverbal	1.771
neutron	1.768
Nicaragua	1.728
nodding	1.710
northeastern	1.706
nurturing	1.704
nuisance	1.689
nostalgia	1.679
narrower	1.652
™	1.648
ness	1.628
newcomers	1.628
neurologic	1.626
Nov	1.611
notch	1.606
needy	1.604
Nacional	1.602
Nicole	1.570
NMR	1.567
Neurol	1.563
nests	1.552
narrowing	1.540
nostrils	1.532
numeric	1.526
nude	1.510
nach	1.507
nitric	1.500
natal	1.485
novice	1.484
nap	1.484
namespace	1.474
nickname	1.472
Nichols	1.465
Nathaniel	1.442
Norris	1.434
Natalie	1.433
Newport	1.421
nucleic	1.419
NAFTA	1.417
Nehru	1.416
necklace	1.404
natures	1.404
numbering	1.404
Navajo	1.399
Nan	1.386
NHS	1.377
neuroscience	1.365
nucleotide	1.363
Newcastle	1.362
Noel	1.354
Naomi	1.354
negligent	1.340
NW	1.338
northward	1.331
NBC	1.328
nocturnal	1.319
newest	1.317
Nicolas	1.306
naturalist	1.304
naturalistic	1.289
nexus	1.278
nicotine	1.278
normalization	1.265
Neolithic	1.261
Niger	1.261
Nicholson	1.259
Nordic	1.250
neuropathy	1.247
nurtured	1.245
noses	1.241
nesting	1.237
nightmares	1.234
necks	1.232
nomenclature	1.230
n2	1.219
nur	1.219
Normandy	1.216
nationalities	1.215
nomadic	1.210
nourishment	1.201
NAACP	1.182
navigator	1.179
Nielsen	1.177
NF	1.166
numerically	1.159
nel	1.144
Nairobi	1.143
NL	1.143
nigh	1.142
neglecting	1.136
Neal	1.136
Newark	1.133
nil	1.132
nonfiction	1.126
Newfoundland	1.125
narcotics	1.124
nightly	1.122
Nigel	1.119
notebooks	1.118
€	1.115
neoclassical	1.115
N.C.	1.113
nonexistent	1.109
notoriously	1.103
numb	1.102
nodules	1.094
nn	1.084
narrated	1.080
Neville	1.079
nylon	1.073
Nell	1.067
Neumann	1.065
nipple	1.057
NH	1.053
Neurosci	1.052
nods	1.048
Nate	1.046
□	1.041
Nero	1.037
nave	1.035
Namibia	1.035
Nuremberg	1.027
networked	1.025
nightingale	1.021
necessitated	1.017
Niagara	1.014
nozzle	1.014
Newsweek	1.010
nigger	1.008
neoliberal	1.003
nec	1.002
nothingness	1.001
nuances	0.9992
naturalism	0.9956
nailed	0.9905
neutrons	0.9903
nipples	0.9861
Neptune	0.9847
napkin	0.9810
nonspecific	0.9799
noir	0.9728
nourished	0.9665
Netscape	0.9662
num	0.9645
negatives	0.9604
Nazareth	0.9580
Norwich	0.9570
neuropsychological	0.9548
nee	0.9487
novelists	0.9481
natured	0.9452
Nolan	0.9439
nascent	0.9367
nervousness	0.9349
nodal	0.9347
naturalization	0.9323
niches	0.9321
noticeably	0.9281
Nellie	0.9254
nationale	0.9253
N.E.2d	0.9206
nonviolent	0.9196
nostalgic	0.9187
normality	0.9115
nucleation	0.9067
●	0.9066
nearing	0.9065
neuromuscular	0.9047
nobleman	0.9045
Norma	0.9016
Nguyen	0.9011
nu	0.8966
Nos.	0.8932
nanoparticles	0.8906
nervosa	0.8835
newcomer	0.8835
neon	0.8825
×	0.8774
Nottingham	0.8762
Newtonian	0.8686
NIH	0.8672
neared	0.8628
nineties	0.8622
neurotransmitter	0.8591
Nana	0.8579
nom	0.8531
Nutr	0.8523
negotiators	0.8486
NaCl	0.8485
¡	0.8476
NFL	0.8455
neue	0.8438
nanny	0.8434
nothin	0.8434
NSW	0.8398
NIC	0.8368
nominally	0.8354
navigating	0.8341
neurotic	0.8341
Nike	0.8338
novo	0.8336
Newbury	0.8333
Nasser	0.8300
narcissistic	0.8190
nucleotides	0.8163
necessitates	0.8154
nongovernmental	0.8100
negativity	0.8071
nationalistic	0.8059
nameless	0.8028
Nadu	0.8027
nirvana	0.7996
Napoleonic	0.7982
nominee	0.7928
noblest	0.7917
newsletters	0.7868
nectar	0.7860
·	0.7851
negotiable	0.7846
necessitate	0.7805
NB	0.7769
naught	0.7732
naughty	0.7668
Nazism	0.7655
nighttime	0.7590
n.p.	0.7587
nautical	0.7574
nestled	0.7573
n't	0.7502
nonhuman	0.7492
noxious	0.7478
NBA	0.7457
nuanced	0.7453
neurotransmitters	0.7419
nightfall	0.7402
numerals	0.7379
numerator	0.7319
newborns	0.7303
NK	0.7296
nella	0.7289
norepinephrine	0.7243
noodles	0.7239
neutralize	0.7192
n.a.	0.7188
nagging	0.7174
numbness	0.7109
neutrophils	0.7104
nouveau	0.7073
Nope	0.7055
NSAIDs	0.6999
Nord	0.6980
nursed	0.6960
Nucl	0.6948
neoplasms	0.6916
noch	0.6881
nicknamed	0.6868
nomads	0.6788
nourish	0.6762
narcotic	0.6695
notoriety	0.6693
nas	0.6651
narcissism	0.6637
Nino	0.6608
naturalized	0.6593
negate	0.6589
¯	0.6573
Northampton	0.6567
newfound	0.6562
notations	0.6556
netting	0.6547
Norse	0.6540
Nikki	0.6509
nudged	0.6492
nano	0.6484
NSC	0.6470
nouvelle	0.6408
needful	0.6392
neighbourhoods	0.6362
noninvasive	0.6323
Nassau	0.6304
nosed	0.6299
nationhood	0.6298
notary	0.6298
NIV	0.6268
navigational	0.6234
NCAA	0.6209
Northumberland	0.6202
navel	0.6193
Nikolai	0.6162
noncompliance	0.6153
NASDAQ	0.6093
neonates	0.6048
narrows	0.6043
nymphs	0.6025
NARA	0.5994
novices	0.5987
NPV	0.5978
n'est	0.5952
nightclub	0.5951
nutritious	0.5948
Nueva	0.5947
nakedness	0.5914
neurosis	0.5897
nominations	0.5886
Nicolson	0.5860
♦	0.5857
N.W.2d	0.5850
naturalists	0.5846
nobler	0.5837
NSF	0.5831
Neurosurg	0.5826
nativity	0.5820
nominate	0.5817
Nicky	0.5805
nonzero	0.5762
nontraditional	0.5743
¨	0.5731
Neale	0.5669
nutshell	0.5662
NPs	0.5630
Nihon	0.5627
nag	0.5626
Nye	0.5593
neoplastic	0.5567
nematodes	0.5566
nicer	0.5557
negotiator	0.5557
navigable	0.5539
nourishing	0.5535
nonresident	0.5525
neurosurgery	0.5510
Nehemiah	0.5493
nanotechnology	0.5471
n.s.	0.5468
nth	0.5455
nihilism	0.5455
Novak	0.5443
Norwood	0.5412
Newell	0.5386
notables	0.5360
nephews	0.5342
Nakamura	0.5265
Natasha	0.5245
nineteenthcentury	0.5243
Nagel	0.5216
nationalization	0.5199
nemesis	0.5173
neoliberalism	0.5168
nebula	0.5168
Nah	0.5147
nonviolence	0.5144
nitrous	0.5142
neuropsychology	0.5127
nominees	0.5115
nymph	0.5104
Nagasaki	0.5101
Nussbaum	0.5095
Nicola	0.5073
Naga	0.5035
NIS	0.5012
nonprofits	0.4998
nie	0.4997
newsgroups	0.4983
neglects	0.4976
notional	0.4975
notepad	0.4974
Niebuhr	0.4955
northerners	0.4954
NV	0.4948
NRC	0.4908
neutralized	0.4898
nook	0.4892
NAD	0.4885
nutmeg	0.4864
napkins	0.4847
newness	0.4839
neoplasia	0.4827
nodule	0.4822
narrators	0.4788
Norbert	0.4776
necrotic	0.4762
nanotubes	0.4755
neutrino	0.4751
NMDA	0.4749
Napier	0.4747
nematode	0.4747
neutralization	0.4746
nobly	0.4739
NOx	0.4727
nuevo	0.4722
nurseries	0.4721
negated	0.4718
novella	0.4717
neutrophil	0.4694
natura	0.4668
Narayan	0.4648
NewYork	0.4647
Needham	0.4643
noblemen	0.4636
neuro	0.4625
necked	0.4612
nal	0.4610
nudity	0.4596
Nagy	0.4586
NYSE	0.4565
Nader	0.4558
Nadia	0.4538
N.W.	0.4534
NSA	0.4516
nuance	0.4507
Nanjing	0.4501
NEA	0.4500
Nez	0.4488
nearness	0.4457
Nadine	0.4443
neuroimaging	0.4432
nadir	0.4429
neonate	0.4426
Navarre	0.4417
noose	0.4410
niggers	0.4400
N.E.	0.4398
notifications	0.4390
normalize	0.4385
nought	0.4377
Norte	0.4373
Nelly	0.4360
nightgown	0.4340
nominative	0.4321
nitrates	0.4319
necessaries	0.4301
noisily	0.4297
nimble	0.4297
numeral	0.4265
namesake	0.4243
narrating	0.4233
NetWare	0.4230
nodular	0.4229
nieces	0.4214
NZ	0.4211
naively	0.4193
nonstop	0.4187
neuralgia	0.4187
ne'er	0.4174
normalcy	0.4170
Nugent	0.4170
nitrite	0.4169
NFS	0.4168
Nebuchadnezzar	0.4168
neuroendocrine	0.4168
nonlinearity	0.4167
nominating	0.4147
Normans	0.4147
nudge	0.4139
narrate	0.4131
Nicaraguan	0.4123
nei	0.4118
neoplasm	0.4109
neutralizing	0.4105
necessitating	0.4097
nephropathy	0.4093
nonparametric	0.4054
Nigerians	0.4052
Nissan	0.4048
naturalness	0.4046
Nokia	0.4041
Navarro	0.4037
nicest	0.4036
NHL	0.4031
numbing	0.4029
necklaces	0.4024
notched	0.4017
►	0.4010
N.H.	0.3996
neuropathic	0.3992
Narcissus	0.3971
neurobiology	0.3958
nystagmus	0.3940
nonsteroidal	0.3936
Nicholls	0.3932
nonstandard	0.3921
Nilsson	0.3915
nip	0.3883
needlessly	0.3877
NTFS	0.3874
Nestle	0.3861
Nestor	0.3829
notifying	0.3828
nape	0.3823
naivete	0.3767
narrates	0.3765
NaOH	0.3765
neuen	0.3752
NAC	0.3736
Nantes	0.3729
Newt	0.3708
normalizing	0.3671
NRA	0.3669
nada	0.3662
notches	0.3616
Neapolitan	0.3593
nebulous	0.3587
Nabokov	0.3576
nicknames	0.3564
Neill	0.3564
NPC	0.3555
nonsensical	0.3542
numberless	0.3538
neurogenic	0.3536
Natchez	0.3533
Nath	0.3523
Napa	0.3519
nostril	0.3515
Nineveh	0.3490
namespaces	0.3489
nigra	0.3488
Nazionale	0.3487
Nkrumah	0.3474
Nippon	0.3473
NLRB	0.3472
nombre	0.3463
Nijhoff	0.3445
narrowness	0.3437
NOAA	0.3435
nationalized	0.3434
niacin	0.3421
neurologist	0.3415
N.M.	0.3410
Novell	0.3404
Niles	0.3402
ning	0.3401
newsgroup	0.3390
northerly	0.3383
newsroom	0.3381
nightlife	0.3371
noncommercial	0.3358
nitride	0.3352
nightclubs	0.3342
NASCAR	0.3328
Nepalese	0.3321
northwards	0.3312
nutritive	0.3311
nai	0.3310
neutropenia	0.3305
neu	0.3304
nondescript	0.3297
NIST	0.3294
nonunion	0.3285
Nostrand	0.3278
Niels	0.3264
Nepali	0.3254
noi	0.3233
Naylor	0.3229
Nurs	0.3221
navies	0.3205
neatness	0.3202
Nicene	0.3201
Nantucket	0.3196
naïve	0.3193
Negri	0.3180
neutrinos	0.3179
nomad	0.3175
Nanak	0.3172
nes	0.3170
nonwhite	0.3154
NYC	0.3138
neg	0.3133
nots	0.3117
NADH	0.3110
Northrop	0.3095
Napster	0.3090
navigators	0.3087
narrowest	0.3086
nostra	0.3069
nefarious	0.3066
nouvelles	0.3061
Noam	0.3055
nicotinic	0.3043
Newcomb	0.3034
nome	0.3030
nisi	0.3027
novelties	0.3025
NH3	0.3012
nether	0.3005
neurophysiology	0.3003
numeracy	0.3000
NYT	0.2995
noodle	0.2980
negligently	0.2978
netted	0.2971
Nautilus	0.2969
Nance	0.2952
NEP	0.2938
necrotizing	0.2938
Nanking	0.2938
nuggets	0.2931
NPT	0.2930
nozzles	0.2928
NIR	0.2914
Nita	0.2911
Nawab	0.2902
Napoli	0.2893
Nunez	0.2883
NBER	0.2881
needlework	0.2881
Nikita	0.2880
ner	0.2876
Norah	0.2871
nullify	0.2861
Noyes	0.2854
nullification	0.2854
neutrals	0.2850
nightstand	0.2845
Natur	0.2845
Nizam	0.2838
nailing	0.2835
navigated	0.2832
nugget	0.2821
negating	0.2819
noiselessly	0.2813
negates	0.2792
n1	0.2788
newsprint	0.2781
Nicodemus	0.2776
Nubia	0.2761
Nagar	0.2757
NetBIOS	0.2754
Nair	0.2752
nuova	0.2747
niceties	0.2735
nondiscrimination	0.2731
Neurophysiol	0.2724
nonchalantly	0.2709
nobis	0.2708
nuestra	0.2707
Nanda	0.2706
newsworthy	0.2702
nepotism	0.2700
nullified	0.2695
nuptial	0.2686
nibble	0.2685
Novgorod	0.2685
Navajos	0.2679
nosocomial	0.2662
Nozick	0.2655
noonday	0.2651
neurophysiological	0.2640
Nephrol	0.2631
nauseous	0.2625
nunc	0.2623
nibbling	0.2612
notifies	0.2610
Naw	0.2610
Nauka	0.2600
northernmost	0.2596
nanoscale	0.2594
N.Y.S.2d	0.2591
NCLB	0.2587
nonconformist	0.2582
neuroses	0.2580
nonpartisan	0.2574
negotiates	0.2572
NDP	0.2568
Nemo	0.2563
Norwegians	0.2561
nao	0.2556
NKVD	0.2555
nettle	0.2554
nibbled	0.2554
noe	0.2550
NEPA	0.2548
Naipaul	0.2547
neuroleptic	0.2546
NADPH	0.2539
Natalia	0.2533
nudging	0.2532
nonpolar	0.2527
nephritis	0.2526
normals	0.2523
Nimrod	0.2522
Newgate	0.2510
Nunn	0.2509
→	0.2506
nia	0.2501
Nico	0.2500
neurones	0.2490
Nyquist	0.2489
Neanderthal	0.2488
NVA	0.2487
nonproliferation	0.2479
nipped	0.2478
nasogastric	0.2478
neurovascular	0.2477
nelle	0.2473
nationalisms	0.2471
Noonan	0.2468
NYU	0.2459
nourishes	0.2453
Neuman	0.2452
Nubian	0.2451
normalised	0.2449
Niemeyer	0.2447
neuter	0.2442
nonuniform	0.2428
Nasir	0.2428
Negev	0.2425
nihil	0.2424
napping	0.2416
naps	0.2413
nonconformity	0.2401
neurobiological	0.2396
Nikon	0.2385
nightmarish	0.2384
NICs	0.2380
Norwalk	0.2380
Ney	0.2375
nitroglycerin	0.2368
numbed	0.2366
Noll	0.2355
Niccolo	0.2354
◦	0.2347
nettles	0.2347
√	0.2346
nestling	0.2344
NAA	0.2340
Nietzschean	0.2339
nit	0.2325
nitro	0.2316
neuropsychiatric	0.2313
nitrogenous	0.2309
n'y	0.2309
nativism	0.2302
neurotoxicity	0.2302
neuroticism	0.2296
nonchalant	0.2290
nuovo	0.2290
neurodegenerative	0.2288
Nettie	0.2277
Nintendo	0.2276
Nagas	0.2272
nutty	0.2269
nonessential	0.2268
normativity	0.2266
nontrivial	0.2264
Nevis	0.2264
nonnegative	0.2262
Nils	0.2257
newlyweds	0.2251
NPR	0.2251
noire	0.2243
n'a	0.2239
N.B.	0.2237
NASD	0.2234
n3	0.2231
Navier	0.2228
NAV	0.2228
nativist	0.2226
Nijmegen	0.2226
Newberry	0.2218
nol	0.2213
nunnery	0.2208
neuroblastoma	0.2206
Nowak	0.2203
NDA	0.2202
Nordstrom	0.2196
nucleoside	0.2186
nociceptive	0.2184
nasopharyngeal	0.2180
Netanyahu	0.2174
nonfinancial	0.2171
Nagoya	0.2171
neem	0.2170
neckline	0.2168
normatively	0.2166
nonexistence	0.2164
neocortex	0.2162
nationalisation	0.2147
nonconforming	0.2144
Noelle	0.2138
¼	0.2134
Niall	0.2130
neuritis	0.2128
nooks	0.2112
nonstick	0.2111
nephrotic	0.2108
NFPA	0.2107
nab	0.2107
nondiscriminatory	0.2104
nurturance	0.2103
NSAID	0.2099
Neb.	0.2089
NCI	0.2087
nullity	0.2086
Nyerere	0.2084
nickels	0.2083
nar	0.2078
nitrification	0.2077
NO2	0.2072
nonpublic	0.2070
novelistic	0.2068
Neff	0.2066
nomos	0.2064
NCO	0.2060
Noriega	0.2056
Nagaland	0.2054
NCC	0.2048
Narayana	0.2048
Nahum	0.2040
¿	0.2040
Nagpur	0.2039
nanometer	0.2038
noiseless	0.2038
Nicolaus	0.2037
nucleated	0.2037
Nisbet	0.2036
nts	0.2033
neurosurgical	0.2033
nae	0.2030
nucleon	0.2029
nota	0.2027
NLP	0.2026
newsreel	0.2019
neuropathies	0.2015
nephron	0.2014
nontoxic	0.2008
NTSC	0.2003
NPP	0.2000
nosy	0.1996
Nicolai	0.1994
nanoparticle	0.1990
nga	0.1990
Nazarene	0.1986
n0	0.1986
Neely	0.1985
nama	0.1979
Nederland	0.1978
Neisseria	0.1974
nondestructive	0.1965
Neanderthals	0.1959
nonequilibrium	0.1958
Nicol	0.1953
nichts	0.1952
negros	0.1944
naturedly	0.1943
Nola	0.1939
nothings	0.1937
Nicaea	0.1937
noradrenaline	0.1936
narcolepsy	0.1933
neurofibromatosis	0.1930
neurochemical	0.1928
Nisei	0.1928
½	0.1925
neglectful	0.1924
nanotube	0.1912
Nagarjuna	0.1912
nihilistic	0.1911
Nasr	0.1910
nanostructures	0.1907
Neoplatonic	0.1905
Namibian	0.1904
NLS	0.1904
nin	0.1903
NYPD	0.1903
nolo	0.1891
nebulae	0.1890
Northumbria	0.1887
Nishida	0.1885
nonreligious	0.1883
neovascularization	0.1881
nonchalance	0.1879
necropolis	0.1875
nouveaux	0.1872
nauseated	0.1870
Nimitz	0.1865
numinous	0.1865
NGC	0.1845
Neurobiol	0.1843
nuit	0.1839
NCOs	0.1834
neuroleptics	0.1833
nonfunctional	0.1829
NAND	0.1829
nutritionally	0.1828
NSS	0.1826
NTT	0.1826
nonimmigrant	0.1822
nurtures	0.1821
naloxone	0.1817
nonsmokers	0.1811
nonstate	0.1808
Northamptonshire	0.1805
N.Y	0.1799
Noguchi	0.1797
nears	0.1792
Narnia	0.1786
Nathanael	0.1784
NSDAP	0.1784
neophyte	0.1781
Nathalie	0.1775
necktie	0.1772
normalisation	0.1771
Neilson	0.1769
Nahuatl	0.1768
Nicosia	0.1765
neque	0.1760
neurotrophic	0.1758
nonconformists	0.1751
Neruda	0.1748
nudes	0.1746
Narragansett	0.1743
neuropeptide	0.1739
noblesse	0.1738
nannies	0.1736
Nang	0.1735
naphthalene	0.1723
N.R.	0.1722
NAEP	0.1722
Nomura	0.1722
nonexclusive	0.1720
neoconservative	0.1718
NO3	0.1712
Nicomachean	0.1711
nary	0.1710
Noh	0.1708
NKJV	0.1707
NH4	0.1702
Nix	0.1699
neuropeptides	0.1690
Noor	0.1687
noradrenergic	0.1687
NOC	0.1682
NRSV	0.1682
Nikkei	0.1681
nonjudgmental	0.1680
narrowband	0.1680
noncompetitive	0.1678
nominalism	0.1677
Nona	0.1675
Nyssa	0.1674
Nicklaus	0.1674
NPD	0.1674
neath	0.1673
Netherland	0.1672
nonnative	0.1670
neurosciences	0.1670
nuncio	0.1666
nonthreatening	0.1664
NCS	0.1663
Nissen	0.1660
NTP	0.1658
Nemours	0.1656
Nevins	0.1654
NDS	0.1651
noncommittal	0.1648
nerd	0.1644
natriuretic	0.1637
Neri	0.1637
¢	0.1636
NCR	0.1634
nasopharynx	0.1632
nauseating	0.1627
numismatic	0.1623
nuisances	0.1618
Niki	0.1618
nuzzled	0.1615
nuptials	0.1613
NIDA	0.1611
Nat'l	0.1610
Neel	0.1610
NDC	0.1607
Newsday	0.1607
nonlocal	0.1603
notaries	0.1600
Norden	0.1598
Nakajima	0.1597
Nauvoo	0.1597
noche	0.1596
Neva	0.1594
Nuttall	0.1582
¥	0.1579
Necker	0.1578
Nauk	0.1577
nanocrystals	0.1570
nonpayment	0.1570
nonsurgical	0.1570
nulla	0.1566
Nairn	0.1564
naturae	0.1564
NMS	0.1564
no.l	0.1563
Nuer	0.1562
naturelle	0.1560
NPA	0.1560
neurogenesis	0.1559
neurologists	0.1558
nanometers	0.1558
Nederlandse	0.1556
Novartis	0.1556
NGF	0.1555
nifedipine	0.1554
neurotransmission	0.1552
neurodevelopmental	0.1546
Narmada	0.1545
Nonaka	0.1545
Neoplatonism	0.1543
nimbly	0.1541
nonrecourse	0.1538
natty	0.1537
Nawaz	0.1536
Neb	0.1534
neues	0.1533
neotropical	0.1528
Nishimura	0.1528
nontechnical	0.1525
neuropathology	0.1524
naar	0.1521
Nakayama	0.1521
N2O	0.1520
numher	0.1519
negra	0.1519
Novalis	0.1517
nilly	0.1516
nies	0.1513
nifty	0.1512
nontaxable	0.1511
nonlinearities	0.1510
nagged	0.1510
Nortel	0.1510
nondeductible	0.1509
nonionic	0.1502
numero	0.1502
ninja	0.1500
Novi	0.1500
NCA	0.1498
NIMH	0.1496
neighborly	0.1496
Novum	0.1495
nines	0.1494
noncash	0.1488
nephrotoxicity	0.1487
notational	0.1487
nicked	0.1484
Nakano	0.1481
Nast	0.1476
NRM	0.1473
nimbus	0.1473
Numa	0.1471
negations	0.1468
niveau	0.1465
Naidu	0.1462
N.K.	0.1462
Naumann	0.1462
nihilo	0.1461
NCP	0.1459
Newmarket	0.1457
nutritionist	0.1455
Nickerson	0.1451
Nikola	0.1449
Nesbitt	0.1447
Nostradamus	0.1444
Newtown	0.1442
nonmembers	0.1433
Newland	0.1433
nevus	0.1431
Ngugi	0.1431
nonfat	0.1427
nondisclosure	0.1424
nephrectomy	0.1421
Nikos	0.1420
nonagricultural	0.1420
nuestro	0.1417
Nik	0.1413
neoconservatives	0.1413
northem	0.1406
neuroanatomy	0.1405
Novick	0.1405
Ndebele	0.1404
negritude	0.1404
nonsignificant	0.1402
Nev.	0.1399
Newbery	0.1398
nipping	0.1397
newscast	0.1394
Neurath	0.1391
NIOSH	0.1390
nutritionists	0.1388
Neto	0.1387
Nott	0.1387
nonmonetary	0.1384
Nansen	0.1381
nonmetallic	0.1380
Neustadt	0.1380
Northridge	0.1380
nonrenewable	0.1372
nucleons	0.1370
naissance	0.1367
Nunavut	0.1367
NASB	0.1364
nonresidential	0.1363
neuer	0.1361
Neusner	0.1360
N.L.	0.1360
Niven	0.1360
Norcross	0.1360
Nunes	0.1356
Newhouse	0.1353
Neh	0.1351
Nichol	0.1351
Neve	0.1349
notated	0.1348
Nieto	0.1346
nonproductive	0.1341
Nutt	0.1340
Nikolaus	0.1339
NCTM	0.1339
naltrexone	0.1338
nomen	0.1338
narcissist	0.1334
Narbonne	0.1331
nx	0.1330
neurosurgeon	0.1328
Nadel	0.1323
Nestorian	0.1323
nonplussed	0.1322
nonliving	0.1321
neurotoxic	0.1318
Newcombe	0.1318
narrations	0.1317
nigga	0.1317
nutcracker	0.1315
noneconomic	0.1313
≈	0.1312
nomadism	0.1310
niet	0.1309
newsreels	0.1309
neurasthenia	0.1308
nonselective	0.1307
nub	0.1304
nappy	0.1303
Nolte	0.1302
Nottinghamshire	0.1301
nucleophilic	0.1301
nonresidents	0.1301
Nandi	0.1300
nevi	0.1298
nondominant	0.1297
nightcap	0.1297
Normale	0.1297
Nowell	0.1296
neutrally	0.1296
nonprescription	0.1296
nonpolitical	0.1294
Novosibirsk	0.1294
noirs	0.1294
naphtha	0.1293
neorealism	0.1292
Nakagawa	0.1291
noetic	0.1291
nonwhites	0.1291
newscasts	0.1290
nationales	0.1288
nonresponse	0.1288
Newby	0.1288
naivety	0.1285
noumenal	0.1283
nonfatal	0.1280
nonmarket	0.1280
Nickelodeon	0.1279
napalm	0.1277
Nava	0.1276
nicks	0.1272
noncommissioned	0.1267
neurobehavioral	0.1266
Niro	0.1266
nanocomposites	0.1264
newsstand	0.1264
nonce	0.1263
neuroprotective	0.1262
Nyasaland	0.1262
NPL	0.1260
‡	0.1260
neuroscientists	0.1259
nonphysical	0.1258
Neurochem	0.1253
neuroma	0.1253
nunca	0.1251
Narada	0.1251
noth	0.1249
nonacademic	0.1247
nonfarm	0.1246
nitrocellulose	0.1246
Northfield	0.1244
nonqualified	0.1244
Newsom	0.1242
n4	0.1242
Nagle	0.1237
noncombatants	0.1234
NH2	0.1232
nicety	0.1232
nosing	0.1232
nostri	0.1231
nonvolatile	0.1230
nationalised	0.1230
nicotinamide	0.1229
Nablus	0.1228
N.G.	0.1227
nightingales	0.1226
NBS	0.1225
naturalize	0.1225
nonoperative	0.1217
Nernst	0.1216
neophytes	0.1215
nematic	0.1214
neutralise	0.1213
Nisbett	0.1212
nonbusiness	0.1212
Nevin	0.1210
neurocognitive	0.1209
nonrandom	0.1208
Neuropsychiatry	0.1205
nonrefundable	0.1205
†	0.1202
Novello	0.1201
Nuri	0.1199
nominals	0.1197
Noreen	0.1196
neocolonial	0.1195
nonprofessional	0.1195
nonbelievers	0.1195
nonmedical	0.1192
Nadler	0.1191
neurologically	0.1189
nearshore	0.1186
nmol	0.1186
Narain	0.1184
Neisser	0.1183
Nexis	0.1182
nosotros	0.1181
Nannie	0.1177
Nyaya	0.1176
Northrup	0.1174
nonmilitary	0.1174
Newsome	0.1173
nite	0.1172
Namur	0.1172
Nicki	0.1171
≥	0.1171
nanosecond	0.1169
Nicobar	0.1169
nuchal	0.1169
Naughton	0.1169
neutralizes	0.1164
noncompliant	0.1163
newspaperman	0.1161
nebulizer	0.1160
Nesbit	0.1160
naira	0.1158
Nikolay	0.1158
Neiman	0.1156
Nuffield	0.1155
nameplate	0.1154
Nandy	0.1152
Nanette	0.1151
naturalised	0.1150
nonempty	0.1148
Nauru	0.1148
novitiate	0.1147
naturalis	0.1145
newline	0.1144
Narayanan	0.1144
nondisabled	0.1139
nabob	0.1139
nostalgically	0.1136
nen	0.1134
Narasimha	0.1133
∞	0.1133
NPO	0.1131
Nicolo	0.1130
Naxos	0.1129
Northcote	0.1128
nucleoli	0.1127
N.V.	0.1127
Nicoll	0.1124
noncustodial	0.1123
nobleness	0.1120
needling	0.1119
Nachman	0.1116
Num.	0.1116
Neuhaus	0.1115
nares	0.1115
nutriment	0.1114
Notting	0.1114
nonstationary	0.1112
nongovernment	0.1112
nestlings	0.1109
NDE	0.1108
nib	0.1108
nonmarital	0.1107
nce	0.1104
Neufeld	0.1104
N.N.	0.1101
Nielson	0.1099
naturales	0.1097
neomycin	0.1090
NTA	0.1089
NEPAD	0.1088
noncitizens	0.1088
Nhat	0.1087
nanocrystalline	0.1086
nouvel	0.1084
Nui	0.1083
notarized	0.1082
neuroanatomical	0.1082
nomine	0.1080
nomic	0.1080
NLT	0.1072
niño	0.1069
nightshirt	0.1066
neigh	0.1065
nonsmoking	0.1065
nanowires	0.1064
Najaf	0.1064
neoclassicism	0.1063
Northland	0.1062
novellas	0.1062
numerology	0.1061
nephrology	0.1061
Nacht	0.1060
Negara	0.1057
nursemaid	0.1057
Nestorius	0.1056
neurone	0.1056
NCES	0.1055
nonpregnant	0.1055
Noland	0.1052
nondeterministic	0.1052
nuclides	0.1049
Nagano	0.1048
nonpoint	0.1047
n'en	0.1046
neocortical	0.1046
Nabisco	0.1046
Nanna	0.1045
Noddings	0.1044
Newburgh	0.1042
Neuropathol	0.1041
nuclease	0.1040
neocolonialism	0.1037
nerds	0.1036
naturalizing	0.1035
Nagata	0.1033
nse	0.1033
numbly	0.1031
nonrecognition	0.1031
neutralised	0.1030
Northumbrian	0.1030
nasi	0.1027
Naik	0.1025
nostro	0.1025
Nogales	0.1025
Nicolae	0.1024
neologism	0.1022
nitty	0.1022
nonalcoholic	0.1020
noo	0.1020
Nashe	0.1014
nonmaterial	0.1012
NASW	0.1011
nuke	0.1010
nightdress	0.1010
Ngai	0.1007
Neuropsychologia	0.1007
newtons	0.1004
naproxen	0.1003
Norsk	0.1003
nonclinical	0.1002
novembre	0.1002
naturopathic	0.1000
➪	0.09985
netherworld	0.09975
nostrum	0.09974
Nephi	0.09895
Navaho	0.09888
neologisms	0.09865
naturalisation	0.09864
nonsexual	0.09862
Nanyang	0.09858
northbound	0.09837
Nob	0.09830
NFA	0.09819
nonnegotiable	0.09814
neater	0.09806
Neuchatel	0.09801
Naaman	0.09792
NTC	0.09786
narrativity	0.09776
Narvaez	0.09773
Neuve	0.09733
NACE	0.09719
nightshade	0.09716
notarial	0.09710
nociceptors	0.09702
NPM	0.09702
nonentity	0.09687
Netherlandish	0.09677
nutter	0.09676
Nederlands	0.09674
Nalanda	0.09631
NLM	0.09617
Nardi	0.09617
nationstate	0.09616
Nevers	0.09605
nem	0.09589
Nicolay	0.09581
NIDDM	0.09574
NHTSA	0.09570
Neubauer	0.09562
Normandie	0.09550
nnd	0.09516
Nathanson	0.09515
neoprene	0.09473
Noailles	0.09467
nieuwe	0.09461
nitrites	0.09450
NORAD	0.09450
Nabi	0.09442
nim	0.09437
Nefertiti	0.09435
Nagai	0.09415
nationalizing	0.09372
northerner	0.09369
n6	0.09369
narratology	0.09366
nocturne	0.09360
Niklas	0.09358
niobium	0.09345
NWFP	0.09338
nonrational	0.09328
Narendra	0.09316
neutropenic	0.09315
nonreactive	0.09308
Ninian	0.09299
Nicotiana	0.09282
neuf	0.09262
N.T.	0.09252
≤	0.09248
normotensive	0.09248
NICU	0.09243
nowise	0.09238
Naess	0.09236
Norsemen	0.09235
nihilist	0.09231
nonperforming	0.09222
Nisan	0.09202
nastiness	0.09188
newsmen	0.09160
Nyberg	0.09143
Nishi	0.09135
nally	0.09133
nudges	0.09119
Newmark	0.09118
nonbinding	0.09110
n5	0.09071
N20	0.09070
nucleolus	0.09054
neben	0.09044
Nolen	0.09039
Nevill	0.09028
Neuroradiol	0.09013
nanoseconds	0.09013
Normand	0.09009
Navarra	0.09006
Nasional	0.08986
Noda	0.08985
Namen	0.08959
nonbeing	0.08945
newsman	0.08937
Niemann	0.08919
Niemi	0.08906
Nimes	0.08896
nul	0.08862
noisome	0.08835
Nachrichten	0.08832
nanostructured	0.08804
nondiabetic	0.08795
nationaux	0.08752
Nationalsozialismus	0.08745
Nkomo	0.08727
noone	0.08717
nonlinguistic	0.08709
NHANES	0.08705
noontime	0.08703
nomenklatura	0.08686
Nikolas	0.08665
Nadeau	0.08664
Nock	0.08659
nonexempt	0.08647
nitroprusside	0.08646
NCB	0.08639
noninfectious	0.08630
necromancy	0.08616
nity	0.08614
Negroponte	0.08609
newscaster	0.08607
neutered	0.08603
nancial	0.08569
neurodegeneration	0.08568
numeration	0.08563
Nicaraguans	0.08561
Neuroreport	0.08544
Nitze	0.08543
Nijinsky	0.08529
N.F.	0.08526
neediness	0.08525
NADP	0.08525
nonintervention	0.08519
Niko	0.08508
Newbold	0.08481
nullifying	0.08480
nonsectarian	0.08477
necking	0.08468
Newnham	0.08446
neuropathological	0.08445
noncardiac	0.08430
NFC	0.08422
Nimmo	0.08418
natively	0.08414
nonvoting	0.08404
NLC	0.08399
notochord	0.08374
noster	0.08368
novela	0.08364
noninterference	0.08353
newsstands	0.08342
nortriptyline	0.08330
nonworking	0.08304
NCTE	0.08286
Nau	0.08284
Nellis	0.08284
Nayar	0.08268
n'ont	0.08263
noncoding	0.08257
nonoverlapping	0.08240
Nordisk	0.08220
normed	0.08215
negress	0.08190
nationalize	0.08190
Nickleby	0.08182
negligibly	0.08172
Northvale	0.08169
Nakanishi	0.08165
newfangled	0.08164
nephrons	0.08146
Neugebauer	0.08139
nuzzling	0.08135
Neuzeit	0.08130
nodosa	0.08125
Natick	0.08119
nobile	0.08116
nondimensional	0.08109
Nayak	0.08107
nondenominational	0.08087
Newburyport	0.08080
nondemocratic	0.08077
Natalya	0.08074
navigates	0.08072
nonverbally	0.08068
Novato	0.08039
nello	0.08029
nappies	0.08016
Nordau	0.08002
neurochemistry	0.07996
Nicholl	0.07991
Nazir	0.07983
neoformans	0.07979
Nef	0.07969
nonferrous	0.07963
notamment	0.07961
nerved	0.07960
NRP	0.07959
Nubians	0.07959
Northmen	0.07946
nominalist	0.07939
NPY	0.07937
noblewoman	0.07921
NSP	0.07916
neurotoxin	0.07884
nonmember	0.07879
NLF	0.07872
nanomaterials	0.07871
NMC	0.07846
Neary	0.07833
nulls	0.07832
nig	0.07825
Nickell	0.07815
neighbourly	0.07804
normalizes	0.07802
nontariff	0.07800
naturel	0.07790
Nichiren	0.07788
Nestorians	0.07785
Newcome	0.07780
Nala	0.07779
nukes	0.07777
nonpharmacologic	0.07771
NPN	0.07743
Nevsky	0.07741
nips	0.07723
Naphtali	0.07720
Nakashima	0.07719
NetMeeting	0.07712
neckties	0.07707
noisier	0.07703
Neer	0.07697
Newswire	0.07697
Nacogdoches	0.07694
Numer	0.07691
Newington	0.07682
napped	0.07676
nonwestern	0.07674
Newhall	0.07669
nostre	0.07664
NICHD	0.07662
Newlands	0.07659
Newson	0.07659
Noakes	0.07644
Niobe	0.07616
NHK	0.07613
Nurnberg	0.07611
Nilotic	0.07608
Nouwen	0.07606
Novotny	0.07606
Negus	0.07600
Nootka	0.07592
Neves	0.07580
notepaper	0.07579
Nissim	0.07579
Nani	0.07566
Nieman	0.07543
nomothetic	0.07542
negativism	0.07532
norming	0.07528
Nikaya	0.07523
negli	0.07523
Nakai	0.07522
Nene	0.07520
newsrooms	0.07514
Natale	0.07497
Nemeth	0.07488
Nuala	0.07487
neighing	0.07472
Nadezhda	0.07464
nomological	0.07456
Neogene	0.07451
notas	0.07447
Nerv	0.07437
Nakasone	0.07435
nonparty	0.07431
nabbed	0.07428
Natchitoches	0.07423
nasals	0.07400
Ngoc	0.07397
niggardly	0.07394
numerators	0.07388
Nha	0.07380
Natan	0.07377
niggling	0.07376
nunneries	0.07366
navicular	0.07359
nus	0.07356
nition	0.07354
Nong	0.07351
needlepoint	0.07346
Nutting	0.07333
npon	0.07331
Northcliffe	0.07326
Nilsen	0.07323
NNTP	0.07315
NaCI	0.07300
Nira	0.07290
Neuberger	0.07286
Noyce	0.07266
NDF	0.07260
NLRA	0.07254
neoadjuvant	0.07245
nebular	0.07244
Nagorno	0.07216
nonstructural	0.07208
notionally	0.07203
nylons	0.07202
nuevas	0.07176
Ninh	0.07147
Norgate	0.07147
neurofibrillary	0.07142
narratively	0.07141
Nessus	0.07136
NCEP	0.07124
narthex	0.07120
Nels	0.07120
negroid	0.07119
Narciso	0.07112
NACA	0.07107
NLA	0.07091
naturale	0.07052
noms	0.07044
Nazarenes	0.07042
nucleate	0.07038
Nyanza	0.07037
nonconscious	0.07022
NQ	0.07016
nonconventional	0.07006
nght	0.07002
Niirnberg	0.06992
n7	0.06967
Neurospora	0.06966
Norwell	0.06961
Nahman	0.06958
Nieves	0.06956
nore	0.06952
Narr	0.06950
neurite	0.06945
nettled	0.06943
Nanaimo	0.06940
neutralisation	0.06940
Nishikawa	0.06931
nent	0.06929
nori	0.06922
nonperformance	0.06906
nephrotoxic	0.06903
notching	0.06902
nibbles	0.06896
nubile	0.06892
NDT	0.06887
Northwind	0.06885
noncritical	0.06881
Norberg	0.06877
nidus	0.06875
neces	0.06873
NMD	0.06872
Nicolet	0.06868
Nahua	0.06867
newlywed	0.06866
NRI	0.06861
Nazim	0.06861
NCBI	0.06855
noncooperative	0.06849
nonaligned	0.06848
Nevil	0.06843
neorealist	0.06841
Nauman	0.06840
naysayers	0.06831
Nordhaus	0.06829
NOP	0.06823
noncurrent	0.06822
NTU	0.06818
nitrides	0.06813
nonindigenous	0.06811
Needleman	0.06809
noncontact	0.06808
nonaggressive	0.06807
Naranjo	0.06807
nuevos	0.06783
novus	0.06773
nondirective	0.06769
Nebo	0.06762
Niigata	0.06756
nonbank	0.06755
Nyman	0.06754
Nicias	0.06752
Nain	0.06743
nearsighted	0.06733
nonviable	0.06732
noncombatant	0.06732
Nazianzus	0.06730
nags	0.06728
negligee	0.06722
neurotics	0.06721
nonuse	0.06712
Nueces	0.06709
Nashua	0.06709
nonhumans	0.06697
Nass	0.06651
NREM	0.06640
Novikov	0.06628
N02	0.06624
neverending	0.06620
Nesta	0.06619
nonscientific	0.06619
nonlethal	0.06571
noncovalent	0.06560
needled	0.06550
neatest	0.06544
Norval	0.06538
nonhierarchical	0.06529
noncommunist	0.06506
Nikko	0.06498
N.I.	0.06497
Neave	0.06489
nonwork	0.06489
Nerva	0.06480
nonsingular	0.06476
nontarget	0.06470
Nabil	0.06469
Nystrom	0.06460
neuropsychologist	0.06447
Niu	0.06443
nucleophile	0.06440
NCHS	0.06429
nauseam	0.06423
naso	0.06418
naturals	0.06405
Naropa	0.06392
nominates	0.06385
Noma	0.06373
Nuys	0.06363
¶	0.06362
nerdy	0.06355
nugatory	0.06351
Nicanor	0.06347
newspapermen	0.06341
Neyman	0.06332
niceness	0.06331
nerveless	0.06307
Nettleton	0.06294
Nadi	0.06292
nonmagnetic	0.06292
Norrie	0.06274
NRL	0.06260
nationstates	0.06249
Naperville	0.06234
Noy	0.06227
★	0.06220
Nacion	0.06216
nonfood	0.06216
nightie	0.06204
NWS	0.06202
NISO	0.06176
ninetieth	0.06171
nakedly	0.06158
nitration	0.06157
Naboth	0.06150
Newstead	0.06147
Nisa	0.06147
Nicea	0.06145
necromancer	0.06127
Nahal	0.06124
northeasterly	0.06109
nocturia	0.06103
Neoplatonists	0.06089
nuestros	0.06085
northwesterly	0.06083
NRDC	0.06081
Newhaven	0.06076
NCL	0.06075
Nasik	0.06073
NST	0.06071
n.l	0.06064
nectarines	0.06064
neurotoxins	0.06056
nonusers	0.06055
nonexperimental	0.06046
Nadja	0.06041
neodymium	0.06033
nullifies	0.06030
Negras	0.06026
nonlegal	0.06023
Ningxia	0.06020
newsreader	0.06020
neurosurgeons	0.05994
Nove	0.05993
número	0.05990
naturam	0.05987
nuclide	0.05980
ngs	0.05976
newts	0.05975
Neuropsychopharmacology	0.05973
Nikolaevich	0.05970
Neuilly	0.05970
Niel	0.05968
Neutra	0.05966
nostrums	0.05958
nurturer	0.05955
nurturant	0.05947
nativists	0.05946
Nazca	0.05940
nonself	0.05936
Neuroradiology	0.05928
Neapolitans	0.05918
noncontiguous	0.05907
navigations	0.05903
nuthin	0.05896
Najib	0.05890
nasolabial	0.05875
▲	0.05856
nein	0.05851
nonpoor	0.05849
nonmalignant	0.05846
Newberg	0.05843
Nightline	0.05840
nou	0.05833
necropsy	0.05824
nonabsorbable	0.05820
nomogram	0.05812
Nono	0.05786
Naturwissenschaften	0.05785
n'ai	0.05782
Nerval	0.05777
nonideal	0.05774
Nygren	0.05770
Naguib	0.05768
nociception	0.05764
Newcomen	0.05761
Nanni	0.05759
Novara	0.05748
Northwood	0.05747
name>	0.05745
nonhomogeneous	0.05740
numeraire	0.05740
Norodom	0.05723
nonrelativistic	0.05718
nev	0.05716
NPH	0.05713
nullius	0.05711
Nason	0.05710
Netaji	0.05706
Nourse	0.05701
nación	0.05691
Norplant	0.05687
naughtiness	0.05683
nonaggression	0.05681
nonrecurring	0.05675
né	0.05673
nonformal	0.05669
nya	0.05669
Newsline	0.05668
nian	0.05661
Noli	0.05655
negatived	0.05649
Nicomedia	0.05648
nomina	0.05648
nodosum	0.05637
nastier	0.05631
nystatin	0.05626
nother	0.05620
nays	0.05618
Naismith	0.05618
Nessa	0.05616
nestles	0.05592
Nigam	0.05592
Nobili	0.05587
nonclassical	0.05585
Neander	0.05584
Napoleons	0.05567
nonuniformity	0.05564
nevermore	0.05554
noncooperation	0.05551
Nippur	0.05546
noncognitive	0.05545
nucleosomes	0.05544
Narita	0.05542
Nuba	0.05525
nombreux	0.05522
nucleosides	0.05522
nucleolar	0.05506
²	0.05497
Naftali	0.05485
Nordin	0.05483
Nirmal	0.05471
neutralising	0.05471
nitrile	0.05464
nonorganic	0.05426
Nakata	0.05424
nivel	0.05422
¸	0.05415
nadie	0.05407
Northanger	0.05407
noumenon	0.05394
NFP	0.05382
NMP	0.05379
nonmonotonic	0.05376
nightgowns	0.05371
Niskanen	0.05369
Nadar	0.05368
nosebleeds	0.05367
Nadal	0.05363
Nicolette	0.05361
nitroglycerine	0.05360
Norge	0.05357
nosey	0.05354
Niue	0.05346
nanocomposite	0.05344
NOK	0.05343
Naito	0.05329
nits	0.05326
Natarajan	0.05325
noontide	0.05318
neutrophilic	0.05318
nigricans	0.05315
naturaleza	0.05315
Nalini	0.05308
Noumea	0.05302
neuroectodermal	0.05300
Neumark	0.05298
nuovi	0.05297
Nemeroff	0.05292
Northside	0.05292
NLB	0.05288
Narva	0.05287
Nuno	0.05284
Neher	0.05282
Neukirchen	0.05278
nihilists	0.05273
nonrandomized	0.05267
Ninon	0.05263
˚	0.05257
nonmoral	0.05254
nesters	0.05240
Newry	0.05237
Northbrook	0.05233
neoliberals	0.05231
nudist	0.05229
nosegay	0.05220
neuropsychologists	0.05210
nondepressed	0.05209
Numidia	0.05207
nonbiological	0.05201
Namib	0.05200
Nebel	0.05197
NRT	0.05192
nastiest	0.05188
narratological	0.05183
nostris	0.05180
nominalization	0.05179
Navarrete	0.05178
Naka	0.05175
neuromas	0.05173
nuove	0.05170
nécessaire	0.05164
nehmen	0.05163
Noord	0.05162
nitre	0.05158
Nextel	0.05156
Neuropharmacology	0.05153
nonrestrictive	0.05149
narcissists	0.05144
Norberto	0.05137
nata	0.05137
Nederlandsche	0.05136
nonfamily	0.05128
nonmetals	0.05126
Newkirk	0.05124
Novaya	0.05123
Nsukka	0.05120
nullum	0.05114
Noss	0.05112
nervy	0.05107
neuroscientist	0.05106
Nikhil	0.05101
nonoperating	0.05100
NYS	0.05091
nonroutine	0.05090
neuroscientific	0.05086
newsboy	0.05084
noncriminal	0.05079
nacionales	0.05065
nobodies	0.05064
narratorial	0.05052
northsouth	0.05051
Nidal	0.05046
NWP	0.05033
notte	0.05007
nonaqueous	0.04998
noncitizen	0.04994
Nusa	0.04988
neighborliness	0.04984
Naidoo	0.04978
Napolitano	0.04964
neurofibromas	0.04960
nefazodone	0.04959
noblewomen	0.04957
nonfunctioning	0.04956
nonfederal	0.04952
NME	0.04950
nontax	0.04947
Nascimento	0.04942
N.Z.	0.04932
Natta	0.04930
Nazaire	0.04929
Newham	0.04925
nachos	0.04924
newsmagazine	0.04914
Nirmala	0.04907
Neimeyer	0.04896
NCSA	0.04896
Nicolle	0.04889
nosebleed	0.04887
noto	0.04887
Noticias	0.04879
narco	0.04877
noncanonical	0.04855
normalise	0.04855
NRS	0.04850
Nonna	0.04847
nosology	0.04842
nonpathogenic	0.04840
Nkosi	0.04840
Nunnally	0.04829
neoconservatism	0.04824
Naas	0.04821
nonlinearly	0.04807
¹	0.04800
newsboys	0.04799
Naya	0.04798
nonporous	0.04797
Nikitin	0.04790
nonjudicial	0.04787
Noriko	0.04780
Nepos	0.04776
nonmetal	0.04775
nated	0.04774
naves	0.04773
Nanterre	0.04768
Ningbo	0.04755
notifiable	0.04747
Nagler	0.04740
Naim	0.04735
Naude	0.04721
normalising	0.04719
nastily	0.04714
Nishiyama	0.04711
nonfictional	0.04707
Noa	0.04705
NIMBY	0.04701
noggin	0.04692
∂	0.04690
novation	0.04690
nucleosome	0.04689
neutralist	0.04689
nonresponders	0.04686
Nena	0.04682
Nagin	0.04681
napus	0.04681
ninny	0.04679
Neuroimage	0.04677
nonparticipants	0.04676
n8	0.04673
Nyack	0.04672
narcosis	0.04669
netiquette	0.04667
neuroprotection	0.04663
necessario	0.04654
n9	0.04639
Netter	0.04637
nuzzle	0.04636
Neuberg	0.04635
naturelles	0.04630
n'	0.04614
nitrosamines	0.04613
neueren	0.04608
NLD	0.04608
Noël	0.04606
NTSB	0.04586
nahe	0.04579
nigrum	0.04579
nibs	0.04577
nonconsensual	0.04572
neocons	0.04564
neighed	0.04563
Nawal	0.04556
nonChristian	0.04552
Nationalbibliografie	0.04548
nombres	0.04545
Nickles	0.04538
Nikolaos	0.04536
Newmann	0.04534
Nibelungen	0.04530
Namath	0.04529
NTV	0.04523
nicking	0.04522
negre	0.04521
nulliparous	0.04516
neckerchief	0.04514
Newall	0.04513
nonequivalent	0.04508
Naiman	0.04502
Nausicaa	0.04500
novae	0.04495
noumena	0.04495
Navratilova	0.04489
NetBEUI	0.04486
nullo	0.04482
Newfield	0.04476
newel	0.04465
nasolacrimal	0.04464
Nuits	0.04463
Nachlass	0.04461
Neiv	0.04456
Narcisse	0.04445
newsagent	0.04437
nanostructure	0.04436
NRO	0.04436
neediest	0.04435
nonindustrial	0.04434
nitrofurantoin	0.04431
Nagao	0.04430
NWA	0.04423
noncorporate	0.04419
nonidentical	0.04412
Noller	0.04410
nonnuclear	0.04405
Nilo	0.04404
naturall	0.04401
niños	0.04399
Nasrallah	0.04398
Nikes	0.04392
Novy	0.04385
ν	0.04385
Nizami	0.04369
Neurochir	0.04366
noncontroversial	0.04352
Nini	0.04352
novas	0.04349
Neckar	0.04347
Nari	0.04347
née	0.04343
nametag	0.04342
Nicolaides	0.04341
nontraumatic	0.04334
nonconceptual	0.04331
nonparticipation	0.04328
Nakao	0.04325
nonresponsive	0.04319
nowe	0.04315
NPK	0.04314
nongenetic	0.04309
neutralism	0.04302
Nepean	0.04291
nimmt	0.04287
nationalen	0.04285
Nicolau	0.04282
nonracial	0.04279
Nureyev	0.04274
Nguni	0.04273
nondegenerate	0.04269
nonthermal	0.04265
notepads	0.04263
Nakuru	0.04251
nightclothes	0.04249
Neoplatonist	0.04248
Nocardia	0.04246
Narasimhan	0.04241
newscasters	0.04237
NaF	0.04237
Navidad	0.04224
Nogueira	0.04219
neuraminidase	0.04214
Nnamdi	0.04207
Nahar	0.04205
naturalistically	0.04204
nucleases	0.04203
Noordwijk	0.04199
Naseby	0.04194
Norges	0.04188
nog	0.04185
Nieuw	0.04178
▼	0.04163
noncompete	0.04162
Netzer	0.04155
necessitous	0.04153
Nelkin	0.04149
navvies	0.04146
negotiability	0.04145
NAIC	0.04139
N.Y.U.	0.04139
Navin	0.04138
Nairne	0.04137
NVQ	0.04137
nuh	0.04137
nonsocial	0.04134
Nosferatu	0.04129
NHLBI	0.04116
neighbourliness	0.04115
NAICS	0.04114
numismatics	0.04111
Norske	0.04105
Naquet	0.04104
neurasthenic	0.04101
nonconfrontational	0.04101
Nowlan	0.04095
neuralgic	0.04092
noncommittally	0.04089
ndi	0.04087
NRF	0.04085
NT/2000	0.04084
Nohria	0.04082
Najjar	0.04081
nurturers	0.04074
nii	0.04072
newe	0.04068
Nardo	0.04067
nne	0.04066
nonprice	0.04061
neere	0.04052
Namier	0.04047
nosedive	0.04033
northeastward	0.04028
Nehruvian	0.04028
nombreuses	0.04026
naiveté	0.04025
Naisbitt	0.04020
noisiest	0.04017
neady	0.04011
nonmetropolitan	0.04010
Neuromancer	0.04008
Navas	0.03997
nati	0.03997
noncontingent	0.03993
nonimmune	0.03987
ninguna	0.03982
neap	0.03979
nebulized	0.03979
nephrogenic	0.03975
nämlich	0.03963
naïveté	0.03962
Nassar	0.03959
newsworthiness	0.03959
nocturnes	0.03956
natality	0.03956
nonobese	0.03953
netball	0.03950
Nagara	0.03948
nitrobenzene	0.03942
nester	0.03942
Nolde	0.03941
nonadherence	0.03939
Newnes	0.03938
nigrostriatal	0.03934
nonliteral	0.03930
necrophilia	0.03908
nobilis	0.03903
Noronha	0.03902
N/m2	0.03898
NPI	0.03897
neurosecretory	0.03895
nationbuilding	0.03893
ninos	0.03892
Nighthawk	0.03883
nonprofessionals	0.03882
Nestlé	0.03881
Newburn	0.03879
navigability	0.03874
Nauta	0.03863
noised	0.03856
Nakazawa	0.03855
nightstick	0.03853
nondirectional	0.03850
Nasmyth	0.03845
Nicollet	0.03839
nant	0.03837
Napoléon	0.03835
n'avait	0.03828
Nanga	0.03824
nux	0.03822
narrativa	0.03818
necesario	0.03818
naturalizes	0.03814
neurosyphilis	0.03812
nonresistance	0.03810
nder	0.03809
nonnormative	0.03803
newbie	0.03802
nonbeliever	0.03802
Nuremburg	0.03802
nondiagnostic	0.03793
NERC	0.03791
Nandini	0.03790
nonparticipating	0.03789
Noyon	0.03784
noncoercive	0.03780
Nationalbibliothek	0.03779
NORC	0.03771
nonpersonal	0.03769
Naha	0.03760
nonsmoker	0.03759
noninvasively	0.03759
Nabal	0.03758
Nevitt	0.03756
N.C	0.03754
Neapolis	0.03740
Nicolini	0.03730
nonrepresentational	0.03728
Nicos	0.03723
nized	0.03723
NSI	0.03722
nonobvious	0.03717
Naiad	0.03715
Novelli	0.03714
Nilson	0.03708
Neubert	0.03698
Nikolaev	0.03692
nipper	0.03682
Nacho	0.03682
nonadjacent	0.03681
nek	0.03680
niver	0.03676
nearsightedness	0.03675
nch	0.03675
naturali	0.03671
neuritic	0.03670
nitely	0.03666
Niamey	0.03665
nonspecialist	0.03664
nooses	0.03664
Nicoletti	0.03659
numberof	0.03657
Nyasa	0.03649
nonradioactive	0.03648
nonstatutory	0.03647
Nurmi	0.03647
nippers	0.03646
nontender	0.03644
nohow	0.03644
nucleating	0.03641
necesidad	0.03638
nasturtium	0.03636
Nissenbaum	0.03634
NF1	0.03634
nonradiative	0.03633
niveaux	0.03632
Neukirchener	0.03630
nly	0.03628
necesse	0.03618
nectarine	0.03616
Numidian	0.03614
nonspatial	0.03611
Nirenberg	0.03610
nasally	0.03609
Nicephorus	0.03609
nuestras	0.03593
Novarum	0.03588
Northcott	0.03584
niggas	0.03582
NNP	0.03582
NCV	0.03581
nennen	0.03576
Nigro	0.03570
nebst	0.03569
Neuroendocrinology	0.03569
Nicolaas	0.03566
Nadim	0.03565
nonvisual	0.03565
Neils	0.03564
Nevo	0.03562
nimbleness	0.03557
N03	0.03556
Nelsen	0.03552
Nematoda	0.03548
Nataraja	0.03547
nonelite	0.03545
nutcase	0.03545
nonterminal	0.03540
Nakahara	0.03535
Nigg	0.03534
Neuwirth	0.03527
neurohormonal	0.03525
Nygaard	0.03525
Nagaoka	0.03522
Neth	0.03519
novena	0.03510
nixed	0.03509
neurally	0.03502
Nazar	0.03502
nasturtiums	0.03502
Nowotny	0.03500
noncore	0.03498
nightspots	0.03496
nonprogressive	0.03493
Nelsons	0.03493
Navona	0.03488
nonlawyers	0.03485
negativa	0.03485
nonEuropean	0.03481
Nijkamp	0.03479
Niwa	0.03479
NiO	0.03474
Notts	0.03470
ners	0.03469
NSERC	0.03469
Novack	0.03468
nonredundant	0.03464
newsmagazines	0.03462
neurophysiologic	0.03455
Nemoto	0.03450
Negeri	0.03450
noninteractive	0.03448
neckcloth	0.03444
nonJewish	0.03442
nonliterary	0.03441
Nilgiri	0.03437
Nutley	0.03428
nontransferable	0.03426
Noboru	0.03425
Nebr	0.03424
nephrolithiasis	0.03421
Neilsen	0.03414
Nochlin	0.03413
NIF	0.03408
nanoscience	0.03405
nonmanual	0.03404
nonaction	0.03403
notwendig	0.03403
nullus	0.03403
Nestler	0.03396
nondual	0.03395
Northants	0.03394
nonenzymatic	0.03393
northwestward	0.03381
nattering	0.03378
nominalists	0.03377
Nagashima	0.03375
nonMuslims	0.03375
nonpharmacological	0.03368
Novosti	0.03368
nonblack	0.03367
nonreciprocal	0.03362
necessarv	0.03361
nding	0.03360
NEMA	0.03355
nondurable	0.03354
noncapital	0.03347
Nias	0.03346
networker	0.03346
nunquam	0.03345
newbies	0.03342
Neveu	0.03335
nighters	0.03333
Nagarajan	0.03331
Nishio	0.03331
Numan	0.03326
N.O.	0.03316
namesakes	0.03313
Ngan	0.03312
Naoki	0.03309
nonhazardous	0.03309
n'était	0.03309
noninflammatory	0.03307
Northup	0.03307
Nordiska	0.03306
notetaking	0.03305
Norgaard	0.03294
Naresh	0.03293
noninstitutional	0.03287
nonsterile	0.03287
nitrifying	0.03279
Nordrhein	0.03279
nof	0.03277
Nishioka	0.03276
nonofficial	0.03274
nesses	0.03273
newsagents	0.03270
Neeley	0.03270
Nowicki	0.03269
Nimrud	0.03263
Nelder	0.03262
nonemergency	0.03261
nonnormal	0.03258
Nonesuch	0.03252
Nordland	0.03250
Nitschke	0.03248
novelette	0.03248
nonspecifically	0.03243
niners	0.03238
Nakane	0.03238
necklines	0.03238
nondrug	0.03236
Nazianzen	0.03231
nontherapeutic	0.03230
Narvik	0.03224
Nees	0.03223
Nederlanden	0.03219
nonspecialists	0.03217
Nitta	0.03215
nontradable	0.03214
nto	0.03211
neuromodulators	0.03210
nited	0.03202
Nationalmuseum	0.03202
nomenclatures	0.03200
Natanson	0.03193
nontraded	0.03191
nonliterate	0.03190
nighter	0.03189
Nordberg	0.03186
Nichole	0.03185
Nathans	0.03181
Nicopolis	0.03171
nostrae	0.03170
nanomolar	0.03167
neutering	0.03166
nonMuslim	0.03166
Nunberg	0.03159
≠	0.03157
NBR	0.03157
nonminority	0.03155
Naukowe	0.03155
NatWest	0.03151
nonpecuniary	0.03150
Nishino	0.03145
naif	0.03143
numerological	0.03143
notjust	0.03138
Nishizawa	0.03133
nonalignment	0.03127
nonentities	0.03124
NSCLC	0.03121
nomi	0.03120
¬	0.03119
nontransparent	0.03117
nett	0.03116
Norseman	0.03114
normocytic	0.03113
Nakatani	0.03103
noninteracting	0.03102
neurites	0.03100
necessaria	0.03097
nonpsychotic	0.03096
Nobuo	0.03094
nonconservative	0.03090
NFER	0.03087
Nemean	0.03085
natron	0.03079
³	0.03079
N.S.W.	0.03074
niversity	0.03073
niemand	0.03067
Niekerk	0.03061
Norbury	0.03059
Nicolás	0.03055
nonmanufacturing	0.03055
Niedergang	0.03053
nondiscretionary	0.03045
Niccolò	0.03042
NCERT	0.03041
Nordhoff	0.03040
nonphysician	0.03032
noes	0.03030
˙	0.03026
nonviral	0.03021
Nanci	0.03020
Newburg	0.03013
Nyhan	0.03008
⋆	0.03003
nutraceuticals	0.02997
nents	0.02995
nécessité	0.02994
Nezu	0.02994
nonoccurrence	0.02991
neurotrophins	0.02988
Niwot	0.02987
nescience	0.02987
nonintrusive	0.02982
numen	0.02977
Notwendigkeit	0.02975
Nanus	0.02965
Noack	0.02960
nursemaids	0.02959
nolle	0.02957
numerously	0.02957
NSO	0.02944
Noemi	0.02938
NCAR	0.02937
Newlin	0.02934
nonperiodic	0.02932
nai've	0.02932
nese	0.02929
nitroso	0.02924
Neurontin	0.02921
Northport	0.02914
navi	0.02909
Norquist	0.02906
nondecreasing	0.02904
noncombat	0.02903
nurseryman	0.02899
nonsexist	0.02899
Naciones	0.02898
nonword	0.02894
nonadherent	0.02893
Na'im	0.02892
nonspeech	0.02890
Nayyar	0.02890
Nupe	0.02887
nere	0.02885
noninstitutionalized	0.02883
nology	0.02880
nonschool	0.02880
naturopathy	0.02877
natus	0.02868
nickered	0.02867
natter	0.02856
noncontributory	0.02856
neuromotor	0.02854
Niessen	0.02852
nonrigid	0.02852
nowt	0.02848
Nakamoto	0.02843
numbs	0.02842
N.W	0.02839
narcissistically	0.02835
notate	0.02830
naphthol	0.02829
nubs	0.02829
n.d	0.02828
nondairy	0.02825
Nilus	0.02824
Nürnberg	0.02824
NTL	0.02817
Naveh	0.02813
Naqvi	0.02812
NCIC	0.02803
Nitin	0.02802
needlelike	0.02799
nonideological	0.02796
nosological	0.02793
NaHCO3	0.02793
nonstandardized	0.02790
nonpermanent	0.02778
nymphomaniac	0.02777
nonmusical	0.02775
Nitsch	0.02775
nected	0.02774
noncrystalline	0.02766
Nanchang	0.02762
Newmeyer	0.02757
nineyear	0.02756
Nakhon	0.02747
Nogent	0.02745
nondramatic	0.02743
nonnatural	0.02742
Nationen	0.02742
Nila	0.02739
nonconstant	0.02734
numerus	0.02734
nucleophiles	0.02733
nonunionized	0.02732
nightlight	0.02732
nnder	0.02729
Nusbaum	0.02729
Nettl	0.02728
nabobs	0.02726
Naum	0.02724
noninterest	0.02722
nonadaptive	0.02720
Navarino	0.02718
nonsymmetric	0.02716
nonconducting	0.02716
Northgate	0.02714
Nainital	0.02712
nonparticipant	0.02712
nonspherical	0.02707
nonproprietary	0.02706
navels	0.02704
NMFS	0.02701
Najera	0.02699
nondomestic	0.02692
Nagasawa	0.02691
nonpareil	0.02687
Nisha	0.02687
nitrophenyl	0.02686
numerics	0.02684
Nereus	0.02678
nippy	0.02675
Nesmith	0.02674
Nishihara	0.02670
nonprint	0.02665
Neith	0.02664
Neuwied	0.02663
Nichomachean	0.02654
Nisibis	0.02654
nonshared	0.02648
NASSP	0.02647
Neeson	0.02642
narrowminded	0.02642
Nahor	0.02641
Nidditch	0.02641
Narula	0.02639
Naz	0.02638
nonobjective	0.02638
nonrespondents	0.02638
niques	0.02631
nonissue	0.02628
nonconductive	0.02627
nucleoprotein	0.02624
nevirapine	0.02622
nonsystematic	0.02620
Nederlandsch	0.02615
Newey	0.02612
N.Y.C.	0.02612
nonflammable	0.02609
nahm	0.02607
navvy	0.02595
nates	0.02594
Nelles	0.02591
N.Y.S.	0.02591
nachdem	0.02590
Norland	0.02583
¾	0.02581
noncausal	0.02580
Nutzen	0.02579
Neef	0.02578
Nivedita	0.02575
nounced	0.02569
nameplates	0.02568
nonviolently	0.02566
necessaire	0.02564
noncombustible	0.02562
noches	0.02557
nificant	0.02556
neurofibroma	0.02554
nonrelational	0.02553
noncapitalist	0.02552
nonvascular	0.02551
Naumburg	0.02548
∈	0.02548
nonexecutive	0.02547
neostigmine	0.02547
nonmoving	0.02547
Naish	0.02542
nonparallel	0.02538
nonempirical	0.02538
nononsense	0.02538
Nagi	0.02538
Naxalite	0.02534
Niranjan	0.02534
Norristown	0.02533
nocked	0.02530
nonurban	0.02529
nonscientists	0.02524
norther	0.02523
Nesse	0.02518
nightspot	0.02517
nominalistic	0.02512
negativistic	0.02509
nodularity	0.02509
Nordics	0.02505
noncontradiction	0.02503
Norvell	0.02503
Natorp	0.02502
N.J	0.02501
Nemi	0.02500
Neisse	0.02498
neoclassic	0.02498
narrational	0.02495
nutmegs	0.02491
Neuville	0.02487
nonexpert	0.02486
NCJ	0.02484
noncircular	0.02481
Niehaus	0.02478
NACLA	0.02477
nonoptimal	0.02475
nonidentity	0.02472
numerate	0.02471
nostram	0.02470
nonwage	0.02469
noisemakers	0.02467
Nhu	0.02463
nativeborn	0.02456
Nakada	0.02456
nti	0.02456
nonmainstream	0.02447
Nunan	0.02445
nacelle	0.02444
Natividad	0.02439
nondiscursive	0.02438
noncumulative	0.02435
necromancers	0.02435
nonmaleficence	0.02433
NTIS	0.02426
Nats	0.02426
Newbridge	0.02425
Nieminen	0.02424
nonChristians	0.02423
neurosensory	0.02418
noncredit	0.02412
necrolysis	0.02411
Netto	0.02407
nghts	0.02404
nonhomologous	0.02402
NavPress	0.02400
Naji	0.02398
nanotech	0.02398
nue	0.02398
nection	0.02393
Nterminal	0.02393
NYHA	0.02389
nonHispanic	0.02387
niente	0.02385
Neuropsychol	0.02382
nonblocking	0.02382
noncancerous	0.02381
NSR	0.02380
nomes	0.02376
noires	0.02375
nonrepresentative	0.02371
nonreproductive	0.02371
Namba	0.02359
NWO	0.02356
nones	0.02356
N.Y.2d	0.02356
Noguera	0.02356
Nescafe	0.02350
Nardil	0.02350
NRIs	0.02349
Ninevites	0.02344
Nadab	0.02340
nities	0.02338
needin	0.02337
ninepence	0.02334
NBT	0.02333
Nicoletta	0.02332
neurochemicals	0.02331
nonEnglish	0.02330
nough	0.02327
nanowire	0.02325
nonplanar	0.02322
nonstationarity	0.02319
noninvolvement	0.02319
networkers	0.02316
necromantic	0.02309
nasties	0.02308
Naturwissenschaft	0.02307
needeth	0.02299
noninfected	0.02298
Nankai	0.02294
Nooo	0.02291
nursling	0.02290
ninetynine	0.02290
newsreaders	0.02282
Nostromo	0.02281
Nucci	0.02280
NSPCC	0.02267
Nordlinger	0.02266
nex	0.02266
notso	0.02263
nonvoluntary	0.02261
noticeboard	0.02260
numbingly	0.02259
nonarbitrary	0.02249
nonproduction	0.02241
nonconsenting	0.02240
Nibelungenlied	0.02237
Newspeak	0.02236
Netta	0.02233
nonrelatives	0.02233
nameable	0.02231
nuff	0.02228
nane	0.02226
noninstrumental	0.02224
n'existe	0.02217
nak	0.02215
NorthHolland	0.02214
nonexperts	0.02209
nitpicking	0.02199
Niklaus	0.02195
nonfamilial	0.02193
Neuse	0.02190
nows	0.02190
nebulizers	0.02189
Nederveen	0.02186
Nokes	0.02184
nanometres	0.02184
Neoptolemus	0.02181
Nellore	0.02180
Nereids	0.02179
Naor	0.02172
naturopath	0.02172
nascita	0.02170
Neuhauser	0.02168
narrativization	0.02159
Napper	0.02155
neige	0.02153
nnn	0.02152
nonneoplastic	0.02149
Nutzung	0.02149
NSB	0.02146
narra	0.02146
naturalise	0.02145
narcoleptic	0.02145
neurotically	0.02142
Nozaki	0.02141
Nishimoto	0.02140
niemals	0.02139
Normann	0.02137
News.com	0.02137
natürlich	0.02135
notfor	0.02135
naiads	0.02134
Neidhardt	0.02132
newsgathering	0.02130
Neugarten	0.02130
nasality	0.02129
Novelle	0.02124
Nung	0.02124
Nobuyuki	0.02122
nosegays	0.02116
Netherlanders	0.02113
nitwit	0.02112
Nour	0.02110
netstat	0.02109
Nabors	0.02106
nately	0.02106
nuper	0.02104
Nandan	0.02101
Neihardt	0.02097
Naturforsch	0.02095
nonaccidental	0.02092
Nayarit	0.02091
nsk	0.02084
nonHodgkin	0.02083
numquam	0.02082
natu	0.02082
nonpunitive	0.02082
Neverland	0.02081
ninths	0.02080
nanotechnologies	0.02079
nonslip	0.02079
nationalizations	0.02077
nationalise	0.02072
nativistic	0.02069
Nadav	0.02063
Ninomiya	0.02061
nincompoop	0.02060
ndex	0.02060
neurotropic	0.02059
niters	0.02058
nymphomania	0.02057
nonsequential	0.02051
nonconsecutive	0.02033
Nestorianism	0.02026
ninefold	0.02022
Nien	0.02022
noncontinuous	0.02018
nightsticks	0.02018
NEJM	0.02018
Naturphilosophie	0.02015
newsy	0.02013
nonbiblical	0.02006
neonatorum	0.02006
niter	0.02006
neurotrophin	0.01997
Noordhoff	0.01996
neuroplasticity	0.01993
nulle	0.01993
Nizar	0.01992
neurolinguistic	0.01990
nonparental	0.01989
NCT	0.01983
Noida	0.01981
Neufchatel	0.01979
nanograms	0.01979
Nuria	0.01979
nephrologist	0.01978
nonstarter	0.01977
noisiness	0.01977
namby	0.01974
Nemec	0.01974
NW1	0.01971
netic	0.01968
nocte	0.01967
˘	0.01965
Notizen	0.01962
Nahas	0.01961
nating	0.01961
nish	0.01958
Neosho	0.01952
nonvanishing	0.01950
NewsHour	0.01949
nudists	0.01948
nard	0.01947
nonreflective	0.01943
Nikolic	0.01943
Noooo	0.01939
noncoms	0.01937
nepotistic	0.01931
nonstrategic	0.01931
NWT	0.01929
Northam	0.01929
Nayan	0.01929
noninterventionist	0.01927
nanosized	0.01927
não	0.01926
Newhart	0.01924
Niethammer	0.01924
Nelli	0.01922
noncovalently	0.01918
nextdoor	0.01918
newes	0.01908
n'importe	0.01908
nontheistic	0.01906
nitrogens	0.01906
nonessentials	0.01905
naptime	0.01899
nonpaying	0.01898
nega	0.01898
nubby	0.01896
nominis	0.01896
novenas	0.01893
neuere	0.01889
Netflix	0.01887
nonperishable	0.01887
NTR	0.01886
nonmotile	0.01883
Nasar	0.01882
nonhistorical	0.01879
neous	0.01875
Normen	0.01872
Nizamuddin	0.01869
noninsulin	0.01868
nique	0.01864
necessite	0.01863
nonnegligible	0.01861
nonnarrative	0.01861
nettlesome	0.01855
nonattachment	0.01853
nonrelated	0.01842
nonpalpable	0.01839
nonskid	0.01837
nafs	0.01834
Nocera	0.01833
Nephilim	0.01832
nonrelative	0.01831
Novoa	0.01830
÷	0.01829
nonprotein	0.01828
nonintentional	0.01826
nism	0.01824
ndon	0.01823
Neuss	0.01823
nonprivileged	0.01823
nial	0.01817
nitions	0.01815
Nadkarni	0.01814
Nivelle	0.01813
newsmakers	0.01812
naturellement	0.01811
nattered	0.01809
nonJews	0.01801
nonserious	0.01796
neurophysiologist	0.01794
nametags	0.01791
nanocrystal	0.01787
nonavailability	0.01786
nonactive	0.01782
Nelken	0.01781
Nadya	0.01780
Negishi	0.01779
nonvoters	0.01778
NVQs	0.01776
nattily	0.01773
nonintegrated	0.01773
novelization	0.01773
naething	0.01772
nondum	0.01771
Naeem	0.01768
NTBs	0.01765
Neta	0.01765
Nagendra	0.01765
nonuniformly	0.01758
nominalized	0.01754
nonlogical	0.01754
newish	0.01753
narod	0.01752
notbe	0.01748
Nemea	0.01748
neuropathologic	0.01747
nization	0.01746
nontreatment	0.01743
Norn	0.01743
nonwoven	0.01741
NCATE	0.01733
nonaffiliated	0.01732
niggard	0.01731
northcentral	0.01725
Nevadas	0.01724
NAMI	0.01724
normochromic	0.01722
neutralises	0.01721
nonpreferred	0.01720
Norio	0.01718
nephritic	0.01715
Ni2	0.01713
nonquantitative	0.01712
Naimark	0.01711
Najd	0.01711
nonmanagement	0.01711
nonassertive	0.01709
nonindustrialized	0.01707
nimis	0.01707
neurohormones	0.01706
NutraSweet	0.01705
nonmechanical	0.01705
Nordmann	0.01703
Nigella	0.01701
NTD	0.01699
noughts	0.01696
NHC	0.01696
NAEYC	0.01695
nondividing	0.01694
nonethnic	0.01691
n'etait	0.01691
neutralizer	0.01690
nonteaching	0.01686
nonevent	0.01686
Nagase	0.01680
noviembre	0.01675
Natali	0.01674
naturels	0.01672
Nikolayevich	0.01669
norvegicus	0.01667
Nouri	0.01666
Narang	0.01665
NNW	0.01661
neuroanatomic	0.01659
nonmathematical	0.01658
nicker	0.01656
nonorthogonal	0.01656
normes	0.01655
neurodevelopment	0.01654
Niobrara	0.01646
nego	0.01643
namque	0.01641
Netanya	0.01640
nnt	0.01635
nonrecursive	0.01635
nennt	0.01634
nals	0.01634
Ndembu	0.01633
notating	0.01632
nonperson	0.01632
⇒	0.01631
nonattendance	0.01626
Nawabs	0.01624
notabilities	0.01623
Nursia	0.01617
Necho	0.01617
Niamh	0.01617
nonutilitarian	0.01615
negativities	0.01611
nonelected	0.01611
Novem	0.01610
Novocain	0.01606
Nevinson	0.01604
nonadditive	0.01598
nonduality	0.01594
nonathletes	0.01591
ninepins	0.01588
niggled	0.01587
nonadversarial	0.01581
nondualistic	0.01580
nonpathological	0.01580
nimodipine	0.01575
NH4OH	0.01574
nigher	0.01574
Namaste	0.01563
nationalising	0.01562
NINDS	0.01559
nonwords	0.01557
nanogram	0.01554
Nierenberg	0.01554
noncommunicative	0.01553
nonsupportive	0.01547
Núñez	0.01546
NationsBank	0.01545
nomograms	0.01539
Naoko	0.01538
nonsymmetrical	0.01537
N/mm2	0.01537
nonpolluting	0.01534
nightcaps	0.01533
nonreaders	0.01529
nurserymen	0.01527
nonplused	0.01524
nearlv	0.01519
Novecento	0.01519
natalist	0.01519
narwhal	0.01518
Newbolt	0.01517
nomme	0.01515
narcissi	0.01514
Ntozake	0.01514
neuroactive	0.01510
nished	0.01508
nonreversible	0.01507
Naser	0.01507
nineteenyear	0.01505
Nordlund	0.01502
nonrepudiation	0.01502
Narcissa	0.01500
NTLM	0.01498
NT/2000/XP	0.01496
nonmanagerial	0.01496
nondefensive	0.01496
neocon	0.01490
nuthatches	0.01485
nonpsychiatric	0.01485
nid	0.01485
NABARD	0.01484
nickelodeons	0.01482
norme	0.01482
nical	0.01480
Netz	0.01480
neuesten	0.01480
Nazification	0.01480
n!	0.01475
nonIndian	0.01471
novelettes	0.01468
Nazarite	0.01465
nougat	0.01465
naturopaths	0.01461
Nettleship	0.01459
nuthatch	0.01458
Neuropsychopharmacol	0.01458
noncompeting	0.01454
nonappearance	0.01453
Nepomuk	0.01450
nourisher	0.01449
notto	0.01447
Newsnight	0.01446
nulli	0.01444
noncommunicable	0.01442
netmask	0.01441
nécessaires	0.01436
neurohumoral	0.01435
Nera	0.01429
nonpartisanship	0.01427
noons	0.01425
nonconformance	0.01425
Neuroimmunol	0.01422
Naveen	0.01417
nonemployee	0.01416
narrativized	0.01408
nonracist	0.01404
nanofibers	0.01401
nacre	0.01399
nabbing	0.01397
Nietzche	0.01395
Newgen	0.01394
nication	0.01393
Neurotoxicology	0.01393
nacimiento	0.01392
nighties	0.01383
nipa	0.01381
nge	0.01381
nondependent	0.01379
narc	0.01375
Naber	0.01371
noncancer	0.01370
nephrosis	0.01368
nutri	0.01366
NewYorkTimes	0.01358
nte	0.01354
nightshirts	0.01353
nonconvex	0.01351
nivalis	0.01351
necessarie	0.01350
nauseum	0.01348
nonreferential	0.01346
N.A.V.H.	0.01346
nonbacterial	0.01345
Neronian	0.01341
Niblo	0.01339
nemeses	0.01336
Nevermind	0.01336
Nanook	0.01335
ninetyfive	0.01331
nied	0.01330
nonenforcement	0.01324
Neuchâtel	0.01318
nominalizations	0.01318
NSM	0.01317
necessarium	0.01317
namic	0.01317
nebulization	0.01315
Niccold	0.01313
Newbern	0.01309
nullam	0.01306
nontreated	0.01305
naturalising	0.01304
Nessie	0.01303
noncorrosive	0.01303
nankeen	0.01303
nonpoisonous	0.01301
Nationalismus	0.01301
Nathanial	0.01299
noninteger	0.01297
Nahant	0.01297
Nazirite	0.01291
↑	0.01289
Notizie	0.01289
Notitia	0.01288
nonexisting	0.01288
newspeople	0.01285
n'avons	0.01280
nucifera	0.01278
Normanby	0.01272
nutcrackers	0.01272
Nordheim	0.01270
nsed	0.01269
neare	0.01268
neovascular	0.01262
nonautonomous	0.01260
NTB	0.01257
nion	0.01255
numberone	0.01253
Natalis	0.01250
nativities	0.01250
NIAAA	0.01248
Netley	0.01245
nacreous	0.01243
nonacceptance	0.01242
nosiness	0.01240
Nieuport	0.01238
Nardin	0.01237
nauseatingly	0.01236
namlich	0.01236
Napolean	0.01233
nonjudgmentally	0.01232
neurophysiologists	0.01231
nonterritorial	0.01230
noti	0.01230
nightstands	0.01230
noncontractual	0.01229
niggardliness	0.01229
nonspecialized	0.01229
nobilities	0.01224
Nuss	0.01224
nuthouse	0.01222
Naugahyde	0.01216
nanometre	0.01216
NRCS	0.01210
nethermost	0.01208
Narragansetts	0.01207
nonsocialist	0.01205
nonvisible	0.01203
niner	0.01202
Nachfolger	0.01196
nectars	0.01195
nich	0.01192
NCD	0.01192
nonhealing	0.01188
naïvely	0.01186
nuzzles	0.01182
nueve	0.01182
nter	0.01179
nonemotional	0.01174
NovemberDecember	0.01173
notecards	0.01172
nonelectronic	0.01172
Neumayer	0.01170
neuroepithelial	0.01166
nonpositive	0.01164
Nedlands	0.01163
neering	0.01162
nonintellectual	0.01162
ninteenth	0.01160
narrowcasting	0.01158
Newfoundlanders	0.01153
Nando	0.01153
Nembutal	0.01152
ningún	0.01151
N10	0.01151
Nickson	0.01148
nonambulatory	0.01148
Nationalsozialistische	0.01145
nucleosynthesis	0.01144
Nachum	0.01144
nonrepetitive	0.01140
nuda	0.01138
nescio	0.01136
nor'easter	0.01135
nonchemical	0.01134
nickering	0.01133
nonbiodegradable	0.01132
nell'Italia	0.01132
NMT	0.01132
negresses	0.01128
Neera	0.01128
nostras	0.01124
neously	0.01123
Niemen	0.01120
Negritos	0.01119
noisemaker	0.01116
Ninette	0.01114
nonunique	0.01113
NYNEX	0.01113
Naprosyn	0.01113
negociation	0.01108
Norns	0.01106
needier	0.01105
niched	0.01103
novitiates	0.01099
NCF	0.01099
nformation	0.01095
namelessness	0.01095
nisms	0.01092
Nephthys	0.01087
nonexhaustive	0.01086
nationalsozialistischen	0.01085
nonallergic	0.01085
necesita	0.01084
nullah	0.01084
namecalling	0.01077
nontextual	0.01076
nonfinite	0.01074
Numidians	0.01073
nationaler	0.01069
neurobiologists	0.01069
neocolonialist	0.01066
Neven	0.01065
narrowmindedness	0.01064
nextgeneration	0.01061
nisus	0.01060
Northumbrians	0.01060
Nizhny	0.01060
Nollet	0.01059
Nachweis	0.01056
Niedersachsen	0.01055
needlestick	0.01052
NWSA	0.01050
Napoca	0.01050
Nilgiris	0.01048
neoplasias	0.01047
Nambu	0.01045
Nieuwenhuis	0.01038
Napo	0.01038
nize	0.01037
nuffin	0.01036
naos	0.01034
nificantly	0.01031
NEFA	0.01029
nonintuitive	0.01029
nonoperational	0.01029
nimbler	0.01029
∫	0.01028
nominibus	0.01025
Northcutt	0.01025
Napoleone	0.01024
Neuburg	0.01022
←	0.01022
nocere	0.01021
nightwatchman	0.01020
Newdigate	0.01019
Nicolosi	0.01019
Neddy	0.01017
Neela	0.01016
naughtily	0.01013
Nipissing	0.01011
nonpersistent	0.01009
nre	0.01009
necessitation	0.01006
Nonsuch	0.009996
Nadeem	0.009987
nonsupervisory	0.009951
Nicklas	0.009937
Nardelli	0.009931
neuromodulation	0.009921
nonCatholic	0.009919
Neh.	0.009915
Northway	0.009895
nonconvertible	0.009894
napery	0.009875
Nylander	0.009872
Nebraskan	0.009854
ntroduction	0.009838
NFkB	0.009829
nucleo	0.009827
nationalisme	0.009780
Norderstedt	0.009780
Nihal	0.009773
noodling	0.009769
nat'ral	0.009706
nerving	0.009706
nightshift	0.009702
nebber	0.009692
Nankin	0.009675
numhers	0.009661
nominator	0.009650
nonstatistical	0.009565
normalizations	0.009563
nobs	0.009545
nonmotorized	0.009511
Nymphaea	0.009430
Noren	0.009425
nitrophenol	0.009416
nologies	0.009376
Nuc	0.009363
Noga	0.009334
nonresistant	0.009333
noncom	0.009327
nutans	0.009322
nonscience	0.009297
Nabhan	0.009271
neurofilament	0.009264
nonsupport	0.009248
Najm	0.009233
nr2	0.009230
Nagari	0.009190
Na2CO3	0.009176
neuroglia	0.009172
negotia	0.009172
N.C.O.	0.009167
Nerf	0.009167
Nicolls	0.009156
Nervi	0.009095
Noddy	0.009087
nonnumeric	0.009068
nij	0.009068
nieder	0.009064
Numenius	0.009064
Nedra	0.009051
nonketotic	0.009042
nutshells	0.009024
nonpolyposis	0.009019
Naseem	0.008985
nitive	0.008985
Nariman	0.008965
Nepaul	0.008959
nuked	0.008934
neccessary	0.008857
NewJersey	0.008830
nanoscopic	0.008813
Newlyn	0.008806
noncentral	0.008804
Nasim	0.008736
nih.gov	0.008718
Nehamas	0.008709
ninguno	0.008700
NewMedia	0.008698
Nordlingen	0.008680
Naoroji	0.008664
negligees	0.008655
↓	0.008651
nutation	0.008617
nondrinkers	0.008590
n'aurait	0.008588
nna	0.008536
Niemela	0.008534
Nuland	0.008532
nonrenewal	0.008530
nubbin	0.008516
Norwest	0.008471
Nalebuff	0.008458
Naville	0.008458
noter	0.008449
nuttin	0.008386
namo	0.008290
Noort	0.008265
nonlife	0.008258
Nierstrasz	0.008256
nette	0.008251
Naivasha	0.008238
nefesh	0.008215
Naturgeschichte	0.008207
neutrophilia	0.008204
necessitas	0.008177
Netcom	0.008160
NAVH	0.008160
nuce	0.008150
nontemporal	0.008148
needto	0.008144
Nooooo	0.008139
ninjas	0.008126
nonpainful	0.008124
nostrorum	0.008124
namaz	0.008123
neral	0.008108
n22	0.008099
nonkin	0.008083
normlessness	0.008056
nauseate	0.008014
numbskull	0.008011
Nasu	0.007978
nonage	0.007967
Nua	0.007904
Naumov	0.007888
nowa	0.007845
nage	0.007841
naysayer	0.007838
Nehemia	0.007834
naan	0.007829
Nereid	0.007798
Nagayama	0.007796
nonrealistic	0.007793
ny.com	0.007789
Northman	0.007773
needlewoman	0.007765
notthe	0.007720
Nachwort	0.007677
naturaliter	0.007655
neonatology	0.007639
NARAL	0.007623
Noman	0.007596
neant	0.007594
nonsensically	0.007582
noventa	0.007580
nonathletic	0.007517
nettings	0.007497
Negrito	0.007446
nternational	0.007385
ninetenths	0.007378
natio	0.007331
Neurotrauma	0.007327
nondelivery	0.007322
numerable	0.007318
nual	0.007221
nonprinting	0.007214
nécessairement	0.007206
nutters	0.007197
nonemployees	0.007194
n'ait	0.007190
nni	0.007163
nodiing	0.007140
natum	0.007138
Neter	0.007134
Nysa	0.007107
necessar	0.007105
na'ive	0.007102
nonobstructive	0.007073
Newcasde	0.007069
ninnies	0.007051
notonly	0.007019
Nardini	0.007015
Nahr	0.007015
Nitti	0.006997
niggle	0.006986
nondogmatic	0.006986
NetRatings	0.006968
nulling	0.006967
niloticus	0.006954
Nika	0.006934
nubes	0.006927
nimium	0.006920
nger	0.006912
novocaine	0.006909
Neuropsychobiology	0.006903
nightwear	0.006882
Nagaraj	0.006844
Norpramin	0.006828
Nowakowski	0.006821
nonspecificity	0.006821
nosh	0.006813
nm2	0.006795
NBD	0.006793
nonpersons	0.006788
nonevaluative	0.006783
NPE	0.006783
NNS	0.006757
nuther	0.006734
negociations	0.006669
Nurnberger	0.006646
Netherby	0.006637
nonheterosexual	0.006631
nido	0.006620
nowheres	0.006615
NotreDame	0.006577
nonabusive	0.006545
noncompetition	0.006536
nucleoplasm	0.006523
nascitur	0.006519
Ninus	0.006501
Natsume	0.006501
neuropil	0.006490
nebulosity	0.006471
Nusrat	0.006467
nances	0.006431
neuters	0.006427
Nanning	0.006400
numeri	0.006375
nless	0.006368
ninetyeight	0.006341
noviciate	0.006332
nettement	0.006330
nitida	0.006319
neighs	0.006312
ntil	0.006308
Neptunian	0.006305
nudism	0.006299
nanometric	0.006298
Nibelung	0.006288
NMA	0.006287
Neumeister	0.006279
nence	0.006261
nonconformism	0.006260
Nismes	0.006227
Nesselrode	0.006193
nolens	0.006191
nonmetric	0.006184
Nims	0.006146
Nase	0.006137
Nossa	0.006135
nosis	0.006108
nntil	0.006103
notability	0.006099
Nergal	0.006096
Nancie	0.006081
nefas	0.006077
Nauheim	0.006059
nexuses	0.006054
nitriles	0.006040
nomenon	0.006022
noways	0.006018
neaten	0.006005
nuking	0.005998
noesis	0.005993
NFB	0.005991
Nokomis	0.005989
nonagenarian	0.005989
negocio	0.005986
Negi	0.005977
nobody'll	0.005958
Noten	0.005957
numerum	0.005940
nullement	0.005922
naff	0.005921
nier	0.005903
Ningpo	0.005899
Nacionalista	0.005895
noticia	0.005859
nonmatching	0.005845
neuromodulator	0.005841
Nordhausen	0.005838
noddle	0.005816
Nehring	0.005800
newspa	0.005796
nections	0.005784
Netw	0.005780
Nabonidus	0.005771
notyet	0.005762
nonresonant	0.005758
Negrete	0.005753
nomics	0.005722
Naja	0.005720
Nuñez	0.005717
nineteenthand	0.005717
neurokinin	0.005704
neckerchiefs	0.005688
Nagra	0.005661
Nyon	0.005655
nost	0.005652
needest	0.005645
natriuresis	0.005643
NewEngland	0.005637
Nyassa	0.005610
Newcomes	0.005600
NIAID	0.005598
Nield	0.005587
nebulas	0.005574
nonirritating	0.005569
nitwits	0.005560
nothink	0.005533
Nima	0.005497
neuralgias	0.005495
Narses	0.005491
negativo	0.005488
NCW	0.005448
noncontrast	0.005445
nurslings	0.005437
nium	0.005405
NYPL	0.005390
neuroblasts	0.005387
Naini	0.005353
Nobu	0.005349
nucleocapsid	0.005324
nighty	0.005311
nightlong	0.005286
neede	0.005284
nocht	0.005264
NIEO	0.005252
NCSL	0.005250
nicknaming	0.005246
nslookup	0.005246
nonprobability	0.005246
neuropsychologic	0.005228
nade	0.005221
nalidixic	0.005214
nonstatic	0.005212
ninetythree	0.005199
natch	0.005190
nonregular	0.005179
❖	0.005179
nuancing	0.005179
notis	0.005170
nightjar	0.005167
Nantz	0.005167
Northhampton	0.005156
necessity7	0.005156
nearside	0.005147
NSD	0.005143
nahin	0.005111
Nodier	0.005087
NT4	0.005086
No.l.	0.005082
nourriture	0.005077
nnto	0.005077
nonnutritive	0.005069
Nikolov	0.005051
nationalistically	0.005046
Neelam	0.005032
Noctes	0.004992
Nappi	0.004979
nothave	0.004943
n21	0.004931
Nili	0.004929
Nidhi	0.004914
nighdy	0.004869
nlike	0.004866
Nithsdale	0.004864
noctis	0.004860
nectaries	0.004846
Norham	0.004846
negligences	0.004844
Nahrung	0.004842
necessitatem	0.004837
Neuropharmacol	0.004826
negotium	0.004808
Nonne	0.004802
nappe	0.004786
nonauthoritarian	0.004781
nanoporous	0.004747
nuttier	0.004725
nonischemic	0.004723
nobody'd	0.004700
nibbed	0.004696
Nambiar	0.004694
Nagaraja	0.004674
namings	0.004669
nomenclatural	0.004640
nowl	0.004640
neurohypophysis	0.004638
naebody	0.004637
nutcases	0.004631
niy	0.004629
nostros	0.004628
novelas	0.004613
Nomex	0.004599
Neira	0.004566
NewDelhi	0.004554
Norvig	0.004552
Nennius	0.004539
Nouchette	0.004537
NaHC03	0.004532
Nizet	0.004523
nonsecure	0.004512
Niazi	0.004489
Nemes	0.004458
neckwear	0.004456
neckband	0.004451
Neurologie	0.004451
nincompoops	0.004431
Naib	0.004429
nondisruptive	0.004422
nucleates	0.004409
nans	0.004377
necnon	0.004353
Nationaal	0.004352
Nishitani	0.004335
Nicols	0.004330
Nettesheim	0.004328
nerer	0.004326
Nicholsen	0.004323
nor'	0.004321
Nerissa	0.004316
neardeath	0.004308
naturans	0.004303
Nighthawks	0.004287
n'ayant	0.004269
NRZ	0.004265
nonsuit	0.004263
nozze	0.004243
Nort	0.004240
neurobiologist	0.004227
nommer	0.004215
ncss	0.004207
Novatian	0.004204
Negley	0.004193
Nessler	0.004193
naturalmente	0.004177
ninetytwo	0.004173
neighbored	0.004146
Neustria	0.004124
Namu	0.004115
Netherlander	0.004114
Nachtigall	0.004096
nanodevices	0.004094
NWC	0.004079
Novoe	0.004074
Neidig	0.004068
nonsynonymous	0.004054
neber	0.004054
⋅	0.004045
ninemonth	0.004023
nonabused	0.004023
Nagelkerke	0.004020
Najibullah	0.003978
n'avaient	0.003966
Noni	0.003957
n'avoir	0.003937
N.N.E.	0.003933
Nicklin	0.003931
Nevile	0.003922
NPVs	0.003908
Nepomuceno	0.003906
Ndiaye	0.003903
Nevilles	0.003895
neti	0.003892
nearterm	0.003890
nonspeaking	0.003886
nonobservance	0.003879
Nagpore	0.003857
nonbasic	0.003834
nificance	0.003823
Na2SO4	0.003814
néanmoins	0.003809
nonproblematic	0.003805
naturalibus	0.003805
nonaffected	0.003782
Nicetas	0.003758
nstead	0.003753
nonfulfillment	0.003744
NCCAM	0.003710
nonprimary	0.003683
Noether	0.003683
nerveux	0.003663
Nawa	0.003630
nonquantifiable	0.003628
nooning	0.003618
nobby	0.003618
Neurocomputing	0.003612
nevei	0.003610
nepenthe	0.003587
neonatologist	0.003567
Nogues	0.003556
nouses	0.003556
Nijni	0.003546
narratio	0.003544
nommé	0.003544
numismatist	0.003535
Nith	0.003527
Nantasket	0.003524
namer	0.003517
nempe	0.003509
nuncios	0.003493
NSAlDs	0.003491
Neot	0.003491
Nejad	0.003482
Na2O	0.003477
Neagh	0.003446
noosed	0.003445
Navia	0.003443
N14	0.003432
	0.003419
Neagle	0.003394
∇	0.003390
neoessary	0.003378
npper	0.003374
Note.	0.003358
nevah	0.003356
Niyogi	0.003324
Notb	0.003318
nelfinavir	0.003316
nonbiased	0.003316
nesded	0.003304
Nyland	0.003298
nondefault	0.003295
Nym	0.003286
nominatives	0.003280
needna	0.003279
Nimeguen	0.003275
Nabeshima	0.003273
newlines	0.003264
nautch	0.003243
noradrenalin	0.003223
nasalized	0.003221
nomena	0.003217
Noue	0.003215
noseless	0.003214
n.i	0.003214
nectary	0.003205
nearinfrared	0.003201
Nachdruck	0.003197
Nepalis	0.003196
Nantwich	0.003187
NTIA	0.003176
NTNU	0.003176
numskull	0.003165
Nasby	0.003161
necessitie	0.003154
Netherton	0.003145
nessuno	0.003096
novit	0.003084
nudum	0.003082
nullahs	0.003082
Newmarch	0.003077
⊥	0.003073
necklet	0.003064
Nbw	0.003055
Neame	0.003023
nictitating	0.003014
northing	0.003006
No'm	0.002985
Northey	0.002979
Northallerton	0.002958
norfloxacin	0.002958
nnnn	0.002952
naughtiest	0.002931
Nead	0.002920
nonnational	0.002909
nighest	0.002896
Noachian	0.002889
Northen	0.002889
nullifiers	0.002889
Nervii	0.002885
nightdresses	0.002885
Nauck	0.002851
Narcan	0.002831
Nhut	0.002830
ninetyseven	0.002828
negocios	0.002819
Normanton	0.002819
Nesle	0.002817
Niemoller	0.002812
nonfeminist	0.002804
nateral	0.002801
nomas	0.002795
Nicolaitans	0.002790
Nicomedes	0.002777
Nicomachus	0.002768
Naila	0.002754
Namaqualand	0.002752
Natoli	0.002741
neminem	0.002739
nontargeted	0.002736
NFT	0.002734
Navan	0.002732
noncontradictory	0.002712
necrophiliac	0.002709
Nearchus	0.002700
nolonger	0.002694
nud	0.002694
Naur	0.002694
Numantia	0.002678
nächsten	0.002669
niggah	0.002669
Noorani	0.002664
Naruse	0.002655
Navon	0.002646
naı	0.002642
Nunley	0.002640
Northington	0.002638
Nähe	0.002631
noway	0.002628
noyse	0.002626
nontheological	0.002619
neverfailing	0.002617
nonwood	0.002615
natnre	0.002613
Nuyorican	0.002611
N.N.W.	0.002602
Nansemond	0.002597
numéro	0.002597
nigbt	0.002588
negat	0.002581
Nîmes	0.002575
nonrevolutionary	0.002570
n.a	0.002568
notioe	0.002561
newsweekly	0.002555
neckcloths	0.002552
Nagourney	0.002546
northeaster	0.002541
Nuneham	0.002501
Neros	0.002500
nailer	0.002498
nube	0.002485
nondescripts	0.002481
nonphysiological	0.002478
naturalem	0.002476
noncollege	0.002460
nnmber	0.002449
nonpracticing	0.002449
∪	0.002445
Nonjurors	0.002445
noticeboards	0.002438
Nuneaton	0.002426
Narlikar	0.002411
notwith	0.002406
Narni	0.002391
nfo	0.002386
nonfluorescent	0.002384
nonreductive	0.002377
nightlights	0.002377
neotraditional	0.002373
nonuniformities	0.002364
nternet	0.002359
nonimportation	0.002352
negare	0.002341
negativing	0.002332
Nassim	0.002328
necke	0.002326
nudo	0.002325
NMI	0.002323
nam'd	0.002316
Niña	0.002312
nater	0.002299
NFI	0.002296
N1H	0.002287
n12	0.002281
Neurologica	0.002280
nondisjunction	0.002280
nyght	0.002270
Nazarites	0.002269
Norgay	0.002260
ndo	0.002260
Nissl	0.002256
Novr	0.002229
neglige	0.002227
nizations	0.002225
Nachricht	0.002222
nient	0.002216
neurotensin	0.002206
Namah	0.002202
nopal	0.002202
nutraceutical	0.002193
Neske	0.002186
nudie	0.002186
Norths	0.002175
naturalia	0.002164
nebulously	0.002157
Naegele	0.002157
nng	0.002151
nieve	0.002144
näher	0.002135
nois	0.002135
nted	0.002133
nondeterminism	0.002130
nues	0.002114
neeessary	0.002114
Niesen	0.002112
neanderthalensis	0.002106
Namiki	0.002103
nutria	0.002096
noyau	0.002088
ndow	0.002074
novelized	0.002070
newsflash	0.002070
n25	0.002069
nonexposed	0.002069
nill	0.002067
Nouv	0.002058
nsec	0.002054
Neueste	0.002050
navire	0.002049
neveT	0.002049
nists	0.002041
Neivs	0.002031
neutestamentliche	0.002029
Nimoy	0.002025
negociate	0.002020
nearthe	0.002007
nonsuited	0.002000
⊆	0.001993
nailers	0.001989
notum	0.001986
northwardly	0.001966
nacido	0.001957
necessaiy	0.001940
nerveracking	0.001940
nimblest	0.001935
nonjuring	0.001924
nullities	0.001921
Nachbarn	0.001919
Nortons	0.001919
novam	0.001897
Nitzan	0.001897
needlewomen	0.001895
needfully	0.001892
noncommunication	0.001892
Nooteboom	0.001890
Nardone	0.001876
nicelooking	0.001863
Nicander	0.001861
nover	0.001859
n24	0.001845
nt.com	0.001836
natur'd	0.001832
negotio	0.001823
nescit	0.001820
nutriments	0.001820
need'st	0.001818
nitrated	0.001802
Netv	0.001796
neverthe	0.001793
nobiscum	0.001789
nonbelief	0.001782
∧	0.001738
navy7	0.001737
n'avez	0.001733
NRG	0.001722
Nebat	0.001715
neek	0.001713
neng	0.001708
neurasthenics	0.001706
Neosporin	0.001704
nullis	0.001704
noctem	0.001697
naître	0.001697
needst	0.001681
notitiam	0.001681
nusquam	0.001675
noiselessness	0.001666
nacks	0.001661
niay	0.001647
noncomplying	0.001643
Nicator	0.001641
Navarrese	0.001639
Nejd	0.001627
Nimrods	0.001625
nat'rally	0.001623
nixt	0.001619
nondemented	0.001614
Nieuwkoop	0.001610
necrology	0.001607
novis	0.001601
neas	0.001591
nequit	0.001589
nitpick	0.001589
nonsymbolic	0.001583
Neerlandica	0.001576
Negron	0.001574
nessed	0.001571
necessaires	0.001569
naturo	0.001567
nimirum	0.001565
Noix	0.001565
nohle	0.001558
niello	0.001555
nonopioid	0.001549
nrst	0.001547
nequaquam	0.001529
notbeen	0.001520
nonphilosophical	0.001518
nameth	0.001515
noneducational	0.001508
notin	0.001506
NHPA	0.001506
nonmarried	0.001504
nottoo	0.001500
Nihonjin	0.001491
N00014	0.001490
neuroblastomas	0.001484
nede	0.001482
nyi	0.001481
Narraganset	0.001481
nipt	0.001477
ninetysix	0.001463
n'aura	0.001461
nostalgias	0.001457
neuraxis	0.001452
Nerbudda	0.001450
nosse	0.001448
nently	0.001446
northers	0.001441
ngton	0.001439
notl	0.001439
Nonius	0.001437
NaN3	0.001437
Nourrit	0.001426
nty	0.001421
Nerone	0.001419
nonaddictive	0.001417
nigged	0.001414
Nowy	0.001414
neyther	0.001414
nocking	0.001412
noninflationary	0.001403
ndeed	0.001403
neet	0.001394
nny	0.001380
ninepin	0.001378
ntly	0.001374
nnable	0.001372
nings	0.001372
nded	0.001371
neorealists	0.001371
Nahid	0.001365
naptha	0.001363
newsmongers	0.001360
netlike	0.001356
noblehearted	0.001356
Nikolaj	0.001353
nobiles	0.001349
nses	0.001345
Nordquist	0.001345
nonphysicians	0.001344
nonlabor	0.001340
Newtonians	0.001336
nefer	0.001331
nowhither	0.001329
Noricum	0.001322
ninetyfour	0.001320
Nyborg	0.001316
nauseates	0.001302
ngly	0.001298
ninthcentury	0.001298
naphthyl	0.001297
Nicolis	0.001293
nuclearization	0.001291
nobleminded	0.001284
Notley	0.001279
Naggar	0.001275
Niort	0.001275
nocturnally	0.001259
Nichola	0.001253
nable	0.001253
Nasreen	0.001252
novia	0.001250
Nobre	0.001248
numina	0.001239
nobbut	0.001239
neyer	0.001239
Naunyn	0.001235
navis	0.001234
nothing1	0.001230
nncle	0.001230
Neitge	0.001230
necesary	0.001230
nust	0.001226
noil	0.001223
nicknacks	0.001223
nons	0.001221
newmade	0.001217
Norf	0.001214
natureof	0.001212
Numerische	0.001208
neighboured	0.001208
nodus	0.001199
normalises	0.001196
nions	0.001190
NH4Cl	0.001190
nsual	0.001183
Nexium	0.001174
necrosed	0.001167
Nollekens	0.001158
neuromodulatory	0.001154
nomber	0.001149
Nicaise	0.001147
noticable	0.001140
Nat.	0.001138
nificent	0.001131
netded	0.001120
necting	0.001120
neverceasing	0.001118
noplace	0.001118
nnion	0.001115
ninetyone	0.001105
nontechnological	0.001104
nqt	0.001098
naughtier	0.001096
nervelessly	0.001096
n23	0.001089
Nivea	0.001086
Niederlanden	0.001084
newsmonger	0.001082
nonkosher	0.001082
nemine	0.001071
nised	0.001066
Neuner	0.001062
nibbing	0.001051
nonfeasance	0.001042
nental	0.001041
necessitarian	0.001030
n30	0.001026
needes	0.001014
Nalgene	0.001010
≡	0.001006
nautically	0.001006
needlessness	0.001003
noiv	0.0009955
nefariously	0.0009919
novos	0.0009847
noddles	0.0009774
n.ll	0.0009630
Naze	0.0009540
nonincreasing	0.0009504
nological	0.0009414
noos	0.0009324
nervewracking	0.0009306
n26	0.0009306
n11	0.0009197
Northwich	0.0009197
noua	0.0009143
NewTestament	0.0009143
noz	0.0009125
Nathless	0.0008819
n'avoit	0.0008783
n28	0.0008729
niti	0.0008674
Nagpal	0.0008674
NewYorker	0.0008674
nounce	0.0008584
nowledge	0.0008566
nomade	0.0008548
nytimes.com	0.0008512
negativ	0.0008494
neun	0.0008458
neighb'ring	0.0008404
nickeled	0.0008386
nry	0.0008350
ne'e	0.0008332
nect	0.0008296
Nyet	0.0008278
nativo	0.0008278
n'aime	0.0008260
nver	0.0008260
narcotized	0.0008242
nonplus	0.0008169
nourisheth	0.0008043
nationes	0.0008025
nervo	0.0007989
noncommunicating	0.0007863
nany	0.0007845
nare	0.0007809
nark	0.0007809
natters	0.0007809
neofascist	0.0007755
noblo	0.0007737
nulled	0.0007737
noces	0.0007719
negotiis	0.0007646
ncy	0.0007628
nown	0.0007610
nonnulli	0.0007502
nudus	0.0007430
nocent	0.0007412
nece	0.0007394
nuch	0.0007358
number'd	0.0007322
n'étaient	0.0007286
nothiug	0.0007286
nglish	0.0007160
nayther	0.0007123
nostalgie	0.0007123
neid	0.0007105
newed	0.0007069
neit	0.0007015
nnless	0.0007015
narrer	0.0006997
normalen	0.0006961
nookie	0.0006961
nasci	0.0006943
Niebelungen	0.0006943
nake	0.0006817
nonresponsiveness	0.0006745
nourrir	0.0006727
Ninevah	0.0006727
nidi	0.0006691
nearsurface	0.0006673
nve	0.0006582
nearty	0.0006528
networkbased	0.0006492
nickle	0.0006474
nor'west	0.0006474
nemus	0.0006474
neatiy	0.0006456
necklets	0.0006384
nonhostile	0.0006276
nobbing	0.0006276
nno	0.0006222
nascendi	0.0006150
nobility7	0.0006114
nouse	0.0006059
notus	0.0006005
nympho	0.0005987
nterest	0.0005933
numeros	0.0005861
nordi	0.0005861
ndian	0.0005861
nimia	0.0005861
numbei	0.0005753
nner	0.0005717
neverto	0.0005645
nursin	0.0005645
neys	0.0005609
noj	0.0005591
nius	0.0005573
nationallevel	0.0005518
noticin	0.0005482
nineteeth	0.0005428
notf	0.0005428
notiiing	0.0005392
nesa	0.0005338
nurst	0.0005284
nettling	0.0005284
no1	0.0005284
neai	0.0005194
neers	0.0005176
nizing	0.0005068
necessaryto	0.0004995
niore	0.0004977
nobrainer	0.0004923
ntter	0.0004905
notwithstand	0.0004851
nightmarishly	0.0004833
nmst	0.0004815
Novascience@earthlink.net	0.0004707
nouncing	0.0004635
notj	0.0004617
