very	315.9
value	128.0
view	104.1
various	83.74
values	74.19
v.	72.22
voice	65.24
v	50.11
volume	45.56
vol	38.89
variety	36.33
visit	33.49
violence	32.72
version	31.44
village	30.97
vision	30.52
van	30.14
views	28.68
variable	28.45
variables	26.24
visual	25.44
via	23.74
valley	20.69
video	18.85
visible	18.55
von	18.26
vast	16.92
Virginia	16.83
versus	16.42
variation	16.27
vote	16.25
valuable	16.20
viewed	15.02
vehicle	14.45
virtue	14.33
vice	14.10
victory	14.09
vary	14.07
vertical	13.97
violent	13.68
vi	13.50
vital	13.43
victims	13.41
victim	13.34
visited	12.80
velocity	12.74
valid	12.25
voices	12.23
virtually	12.17
virtual	12.15
vessels	11.82
variations	11.72
voltage	11.34
vector	11.06
vessel	10.94
Vietnam	10.85
virus	10.67
verse	10.41
visitors	10.26
ve	10.21
verbal	9.863
villages	9.827
versions	9.784
validity	9.705
varied	9.647
vs.	9.261
vii	9.198
varying	9.066
voluntary	8.872
volumes	8.786
venture	8.507
vehicles	8.500
visits	8.456
visiting	8.270
void	8.171
verb	8.115
voting	8.011
variance	7.991
vulnerable	7.988
violation	7.504
varies	7.304
vegetables	7.105
vitamin	7.090
viii	7.028
vocabulary	6.910
virgin	6.897
votes	6.689
vols	6.658
Victoria	6.654
voters	6.626
viewing	6.509
valve	6.440
valued	6.411
vascular	6.269
varieties	6.151
vain	6.078
Victor	5.918
volunteers	5.844
virtues	5.798
vein	5.734
visitor	5.700
Vienna	5.644
vague	5.624
variability	5.508
vegetation	5.431
voyage	5.414
vacuum	5.371
verses	5.349
volunteer	5.090
visions	5.017
Victorian	4.876
vis	4.859
VA	4.793
vegetable	4.731
validation	4.606
viable	4.593
Verlag	4.577
vacation	4.515
violations	4.463
vocal	4.455
verify	4.409
verbs	4.370
voted	4.352
ventricular	4.348
veins	4.340
vectors	4.281
vitro	4.275
vulnerability	4.262
viral	4.222
veterans	4.220
Venice	4.177
valuation	4.075
vivid	4.024
violated	3.996
vigorous	3.969
Vincent	3.874
Vietnamese	3.855
verification	3.790
viruses	3.745
viewpoint	3.740
variant	3.703
viewer	3.684
ventilation	3.683
vanished	3.604
vicinity	3.590
vendor	3.536
vivo	3.505
villa	3.487
venous	3.432
veil	3.423
vocational	3.358
villagers	3.325
vapor	3.307
•	3.286
verdict	3.252
versa	3.248
vaccine	3.238
vendors	3.224
Venus	3.217
veteran	3.180
vomiting	3.137
viewers	3.122
vs	3.092
visibility	3.066
volatile	3.033
variants	2.981
vibration	2.981
valleys	2.929
ventures	2.897
violate	2.892
vicious	2.850
Vatican	2.732
virtuous	2.705
violet	2.670
vanity	2.648
vengeance	2.619
voluntarily	2.609
viz	2.595
viscosity	2.580
volatility	2.559
visualization	2.550
vitality	2.548
verified	2.544
vested	2.508
Vermont	2.490
vaginal	2.480
Vegas	2.456
visa	2.449
var	2.446
visually	2.424
vigorously	2.421
velvet	2.415
Vancouver	2.412
volcanic	2.390
violently	2.375
vacant	2.365
vintage	2.363
vitamins	2.357
valves	2.326
videos	2.294
vernacular	2.272
vowel	2.267
voter	2.263
vertically	2.175
victories	2.172
vaguely	2.154
viability	2.147
vine	2.123
ventured	2.121
voiced	2.097
vulgar	2.047
victorious	2.028
venue	2.007
Venezuela	1.974
vertex	1.964
Vera	1.951
violin	1.945
vista	1.912
Vernon	1.910
vinegar	1.888
velocities	1.880
vibrations	1.863
vastly	1.859
veto	1.857
vent	1.842
Viking	1.824
vocation	1.792
validated	1.783
violating	1.779
validate	1.772
vividly	1.769
verge	1.766
vines	1.763
volunteered	1.759
vault	1.747
venerable	1.737
visualize	1.734
veterinary	1.715
vow	1.706
vie	1.700
vows	1.691
Valentine	1.686
vibrant	1.684
visionary	1.677
Vladimir	1.672
ventral	1.662
ventricle	1.633
vertebral	1.626
vase	1.622
Virgil	1.611
Venetian	1.602
vagina	1.596
Val	1.593
vet	1.587
variously	1.578
vat	1.573
vertices	1.557
vaccines	1.546
vaccination	1.513
visibly	1.498
volcano	1.494
vowels	1.488
vantage	1.470
vices	1.459
vigor	1.458
viewpoints	1.451
vanilla	1.425
vita	1.420
V2	1.412
VP	1.390
vol.	1.384
vous	1.382
veiled	1.380
vanish	1.375
Versailles	1.367
Voltaire	1.363
voyages	1.363
vampire	1.362
vigilance	1.341
vowed	1.333
vest	1.329
VT	1.326
valence	1.323
violates	1.319
VC	1.311
vortex	1.304
vineyard	1.300
visceral	1.294
Vedic	1.292
venues	1.284
visitation	1.276
vile	1.272
verso	1.269
vapour	1.268
vanishing	1.258
vegetarian	1.255
variances	1.255
verbally	1.252
villain	1.239
victimization	1.236
vinyl	1.226
Valerie	1.199
Viet	1.192
vicar	1.192
vogue	1.165
vanguard	1.158
viceroy	1.155
voltages	1.150
vigour	1.139
versatile	1.136
vacancy	1.131
Va.	1.129
vesicles	1.124
viscous	1.121
veritable	1.109
Vic	1.100
visualized	1.088
Vaughan	1.071
vom	1.062
valuing	1.057
videotape	1.023
vigilant	1.017
vulnerabilities	1.003
vacations	0.9842
Vivian	0.9798
vale	0.9665
Vince	0.9562
vor	0.9560
Veronica	0.9558
vineyards	0.9550
VPN	0.9329
vegetative	0.9281
vertebrae	0.9267
volcanoes	0.9214
Vance	0.9170
valiant	0.9080
volts	0.9071
virginity	0.9062
vacancies	0.8949
viola	0.8883
verifying	0.8856
vestibular	0.8805
veneration	0.8769
vibrational	0.8762
vodka	0.8750
Vanessa	0.8708
verily	0.8604
vertebrates	0.8521
vehemently	0.8520
ver	0.8474
visas	0.8397
Valencia	0.8291
ville	0.8286
vibrating	0.8276
volumetric	0.8267
VB	0.8220
vo	0.8197
vases	0.8134
vertebrate	0.8117
vexed	0.8028
venom	0.7901
volition	0.7873
Viscount	0.7843
volunteering	0.7820
vouchers	0.7815
Verde	0.7776
virgins	0.7726
VR	0.7718
Vishnu	0.7700
vida	0.7632
Vanderbilt	0.7615
vindication	0.7589
voluminous	0.7587
versed	0.7584
vertigo	0.7568
vanishes	0.7553
villas	0.7529
Vogel	0.7456
veranda	0.7409
VM	0.7383
validating	0.7358
vel	0.7348
vial	0.7347
Veda	0.7345
vacated	0.7297
verbatim	0.7292
veracity	0.7265
virulent	0.7242
voucher	0.7165
vanquished	0.7160
virulence	0.7147
valor	0.7110
Vinci	0.7048
vicarious	0.7010
Vedas	0.7003
vigil	0.6996
vena	0.6944
villains	0.6943
vainly	0.6902
Vega	0.6896
Vargas	0.6883
vomit	0.6864
valet	0.6792
vagueness	0.6777
vicissitudes	0.6701
vou	0.6691
victimized	0.6599
Vicki	0.6563
vitally	0.6529
vu	0.6477
veneer	0.6459
voicing	0.6459
vaulted	0.6388
voor	0.6360
vestiges	0.6319
varnish	0.6309
vaults	0.6259
veterinarian	0.6226
ventricles	0.6189
vaudeville	0.6158
voids	0.6147
Vaughn	0.6130
vos	0.6121
ventilator	0.6102
Vygotsky	0.6032
volley	0.6023
veal	0.5974
Vichy	0.5955
Vicente	0.5949
vents	0.5942
Vicksburg	0.5932
venturing	0.5894
visuals	0.5882
vane	0.5861
vide	0.5856
vehement	0.5848
volt	0.5825
vindicated	0.5795
vestibule	0.5774
vistas	0.5774
visualizing	0.5757
valuations	0.5742
versatility	0.5725
vampires	0.5719
vitreous	0.5690
VL	0.5662
ventilated	0.5542
vesicle	0.5509
veils	0.5497
volleyball	0.5426
vapors	0.5420
victors	0.5415
venereal	0.5406
Valle	0.5374
vas	0.5372
vans	0.5363
Vikings	0.5317
Verona	0.5316
Vidal	0.5303
VOC	0.5290
VCR	0.5290
Viennese	0.5252
valour	0.5220
vagaries	0.5215
vers	0.5207
Vickers	0.5196
vandalism	0.5155
Viktor	0.5150
vignette	0.5147
verifiable	0.5145
vv	0.5140
Ventura	0.5134
variegated	0.5060
vertebra	0.5037
VBA	0.4977
Vicky	0.4975
vibrate	0.4973
verandah	0.4961
vignettes	0.4928
Venezuelan	0.4875
valuables	0.4868
vin	0.4845
voir	0.4840
Verdi	0.4824
vesting	0.4822
Vedanta	0.4797
Volkswagen	0.4757
venerated	0.4741
vultures	0.4737
Virgo	0.4730
vindictive	0.4682
vials	0.4668
visage	0.4649
voodoo	0.4616
videotapes	0.4611
vindicate	0.4593
ven	0.4588
vitae	0.4566
vending	0.4559
violets	0.4553
vocabularies	0.4511
vulgaris	0.4476
vasculitis	0.4474
venison	0.4450
vassal	0.4446
vehemence	0.4440
vulture	0.4437
Voyager	0.4379
VIP	0.4357
VoIP	0.4357
vasoconstriction	0.4344
vassals	0.4338
verdicts	0.4333
veered	0.4329
vermin	0.4328
vastness	0.4327
VEGF	0.4313
Vries	0.4293
£	0.4275
Virol	0.4267
Veblen	0.4263
viewport	0.4259
Valdez	0.4220
vengeful	0.4218
Volga	0.4206
v1	0.4198
varsity	0.4187
Vere	0.4146
voiding	0.4142
venomous	0.4135
ventilatory	0.4132
Volk	0.4113
vn	0.4105
Virginian	0.4063
vestige	0.4052
vero	0.4032
violinist	0.4023
voiceless	0.4014
viva	0.4006
Vail	0.3915
vulgarity	0.3893
Verne	0.3880
voluptuous	0.3871
virile	0.3843
violins	0.3822
votive	0.3799
vizier	0.3795
vulva	0.3761
verifies	0.3759
vests	0.3743
Valera	0.3738
vacate	0.3731
virtuoso	0.3725
vexation	0.3723
vasopressin	0.3716
VW	0.3710
vented	0.3702
volta	0.3681
Vasari	0.3670
vaccinated	0.3665
viciously	0.3658
vortices	0.3655
Victorians	0.3645
venting	0.3644
videotaped	0.3625
valvular	0.3620
vetoed	0.3609
vasculature	0.3602
vir	0.3600
Villiers	0.3599
veer	0.3590
vehicular	0.3564
voracious	0.3548
Vico	0.3539
Vivekananda	0.3511
vj	0.3511
Venetians	0.3489
Visnu	0.3483
VF	0.3477
vestments	0.3437
Vogt	0.3436
vermilion	0.3415
Veracruz	0.3412
Volvo	0.3385
vocals	0.3379
Vulcan	0.3377
viscera	0.3370
variational	0.3356
vegetarians	0.3348
verity	0.3343
V3	0.3325
Valentin	0.3320
viscoelastic	0.3310
Vittorio	0.3302
vivacity	0.3302
Voss	0.3299
vesicular	0.3270
varicella	0.3269
Venn	0.3264
viper	0.3254
vancomycin	0.3232
V4	0.3214
vasodilation	0.3209
vour	0.3209
Virginians	0.3197
VD	0.3188
verdant	0.3171
Vito	0.3167
vagus	0.3156
vaccinations	0.3154
violators	0.3120
vise	0.3117
VCH	0.3106
Verdun	0.3100
Vasquez	0.3087
Vergil	0.3068
Vasco	0.3063
vestry	0.3055
VHS	0.3051
volitional	0.3035
■	0.3019
validates	0.3011
vorticity	0.3010
vying	0.3010
villager	0.2995
vagabond	0.2992
Vespasian	0.2985
vicariously	0.2975
vv.	0.2965
vociferous	0.2961
Virology	0.2930
vividness	0.2926
virility	0.2925
vied	0.2923
vanadium	0.2920
Visser	0.2900
vibrated	0.2897
vandals	0.2896
vagal	0.2895
vocations	0.2895
Vulgate	0.2891
validly	0.2890
veterinarians	0.2877
vexing	0.2874
valiantly	0.2874
vaporization	0.2851
valerian	0.2847
Vac	0.2842
Venezia	0.2832
vagrant	0.2830
virtuosity	0.2820
virginal	0.2808
visionaries	0.2803
verba	0.2784
Vinnie	0.2781
visor	0.2778
vomited	0.2776
Vinson	0.2769
Valdes	0.2757
Vermeer	0.2757
vapours	0.2750
Vincenzo	0.2745
voce	0.2723
voxel	0.2721
Varanasi	0.2720
Vivien	0.2716
vernal	0.2711
vaunted	0.2711
vivacious	0.2708
velvety	0.2704
VH	0.2698
Vanuatu	0.2685
varicose	0.2675
Velazquez	0.2672
vue	0.2658
visualisation	0.2650
vouch	0.2638
Viagra	0.2632
Venturi	0.2629
vive	0.2625
Vilnius	0.2614
videoconferencing	0.2594
Valery	0.2593
vanities	0.2567
votre	0.2556
Volker	0.2541
Vt.	0.2533
veiling	0.2521
vigilante	0.2519
Velasco	0.2502
visitations	0.2497
voluntarism	0.2491
vinaigrette	0.2480
Vesuvius	0.2460
VLSI	0.2459
Verma	0.2435
Valentino	0.2432
Vila	0.2430
villi	0.2427
Valois	0.2402
vez	0.2389
Vaux	0.2386
vaulting	0.2361
vellum	0.2360
verisimilitude	0.2353
vouchsafed	0.2342
VLAN	0.2340
v0	0.2337
VG	0.2335
vegetarianism	0.2335
Vassar	0.2332
Vincennes	0.2328
vibratory	0.2326
Visconti	0.2319
vets	0.2304
victuals	0.2303
Valium	0.2290
V.A.	0.2282
villainous	0.2276
vagabonds	0.2274
Vilna	0.2266
verbalize	0.2257
verdure	0.2229
vee	0.2222
varna	0.2219
valueless	0.2213
Varela	0.2200
Vazquez	0.2197
Vern	0.2193
§	0.2191
vocalist	0.2190
vox	0.2188
VBScript	0.2183
vendetta	0.2179
verapamil	0.2160
Vallejo	0.2157
vocalizations	0.2146
voyeurism	0.2141
vats	0.2137
Vajpayee	0.2130
vagrants	0.2130
Vijay	0.2126
vacuous	0.2126
vespers	0.2105
vowing	0.2104
valproate	0.2104
Virago	0.2094
verbose	0.2079
vibrates	0.2074
Velasquez	0.2073
varices	0.2067
voltmeter	0.2059
Valerius	0.2054
vitiated	0.2053
verve	0.2036
visualizations	0.2029
voided	0.2027
volcanism	0.2026
volleys	0.2023
vieux	0.2023
Vitruvius	0.2019
Voigt	0.2016
vilified	0.2007
Vander	0.2006
vivendi	0.2003
VHF	0.2002
vicarage	0.1995
villainy	0.1993
vegan	0.1992
varnished	0.1989
vexatious	0.1983
Valparaiso	0.1983
Vibrio	0.1979
Visio	0.1968
VPNs	0.1964
vim	0.1958
vagrancy	0.1955
volatiles	0.1946
Valladolid	0.1944
viewfinder	0.1943
VOCs	0.1936
Varian	0.1928
Vivaldi	0.1922
Vann	0.1920
vex	0.1918
V.S.	0.1905
vigilantes	0.1904
Valenzuela	0.1898
vacuoles	0.1896
vasoactive	0.1895
vocalization	0.1873
Vaclav	0.1870
vert	0.1868
Varro	0.1858
Vesta	0.1854
voxels	0.1848
voyagers	0.1844
Vecchio	0.1844
Vitale	0.1843
victimisation	0.1838
veggies	0.1837
Velcro	0.1834
VK	0.1828
vestal	0.1825
visualise	0.1817
Vaca	0.1816
vestigial	0.1816
valgus	0.1813
varus	0.1812
Villard	0.1808
Vandenhoeck	0.1805
vx	0.1803
vasospasm	0.1799
valorem	0.1797
VCRs	0.1797
vanes	0.1793
vibe	0.1784
vipers	0.1782
veined	0.1779
Volterra	0.1777
©	0.1773
veering	0.1771
ves	0.1765
»	0.1756
variably	0.1753
Veneto	0.1751
Verna	0.1748
Vladivostok	0.1741
vires	0.1739
Vonnegut	0.1737
V.P.	0.1734
Voegelin	0.1733
vivre	0.1720
Vittoria	0.1717
valise	0.1715
Valentina	0.1694
vasodilator	0.1689
vacillating	0.1688
vasa	0.1688
Veritas	0.1680
Vasc	0.1677
voi	0.1674
Villanueva	0.1670
venal	0.1666
Viacom	0.1666
Vives	0.1664
Varma	0.1664
ventilating	0.1659
Vickie	0.1656
vegetal	0.1651
Vinny	0.1646
vibrator	0.1645
voidable	0.1644
viejo	0.1639
verging	0.1637
volunteerism	0.1635
Vietcong	0.1626
voix	0.1623
Verizon	0.1619
Valeria	0.1610
voyeuristic	0.1608
Vivienne	0.1604
violator	0.1601
Varuna	0.1597
vaporized	0.1597
Venables	0.1590
vacationing	0.1590
viz.	0.1589
vid	0.1589
ventilators	0.1586
Vz	0.1586
vociferously	0.1581
valproic	0.1576
viel	0.1575
Velde	0.1569
V.M.	0.1562
vulvar	0.1557
Vieira	0.1556
voila	0.1556
vanquish	0.1554
vears	0.1553
Villeneuve	0.1547
viaduct	0.1546
votaries	0.1543
visioning	0.1541
vibrancy	0.1537
Venetia	0.1536
vil	0.1534
Vashem	0.1532
vacuole	0.1530
vixen	0.1529
vilest	0.1529
vit	0.1529
Vidya	0.1522
virtualization	0.1521
«	0.1521
vascularity	0.1518
vino	0.1517
vitals	0.1509
venerate	0.1508
Valentinian	0.1501
V.V.	0.1498
Vientiane	0.1492
visualised	0.1490
vitriolic	0.1485
vacillation	0.1481
vasomotor	0.1481
V6	0.1474
veggie	0.1471
vacuity	0.1471
Versuch	0.1471
valorization	0.1470
Vandenberg	0.1470
VSD	0.1468
Vater	0.1467
Vauxhall	0.1464
VLDL	0.1461
vigils	0.1461
verges	0.1457
vibes	0.1453
Veronese	0.1453
vascularized	0.1451
VMI	0.1451
versioning	0.1448
visuospatial	0.1446
vajra	0.1444
vill	0.1439
vegetated	0.1438
Virilio	0.1436
Vistula	0.1435
vibrato	0.1434
Viv	0.1432
V8	0.1431
vari	0.1426
Visigoths	0.1420
voyeur	0.1418
VCs	0.1418
Vikas	0.1416
vicars	0.1416
Vlad	0.1415
Venter	0.1415
valine	0.1410
Vesey	0.1410
voluble	0.1408
vaginitis	0.1408
versification	0.1402
videocassette	0.1399
Vasconcelos	0.1395
veld	0.1393
Virchow	0.1392
vitriol	0.1391
verbum	0.1390
vole	0.1383
vincristine	0.1383
volar	0.1382
vasodilatation	0.1381
videotaping	0.1380
Vigo	0.1378
Vaillant	0.1375
voles	0.1366
verbiage	0.1358
vivos	0.1358
vasectomy	0.1358
Vicomte	0.1356
Villanova	0.1351
vasodilators	0.1350
Valsalva	0.1343
VHP	0.1343
ved	0.1341
vier	0.1337
viciousness	0.1336
Vienne	0.1335
Velez	0.1329
voicemail	0.1321
Varney	0.1316
Valens	0.1316
Vallee	0.1315
vocally	0.1314
verstehen	0.1310
vaccinia	0.1302
Velma	0.1300
Villon	0.1299
ventrally	0.1299
Verein	0.1297
vivant	0.1295
Vitoria	0.1295
Verlaine	0.1293
valency	0.1290
vetoes	0.1289
vaseline	0.1286
vaginalis	0.1286
verite	0.1285
Volpe	0.1281
Vanzetti	0.1278
V.I.	0.1278
vear	0.1277
vivisection	0.1277
valeur	0.1275
ventilate	0.1274
VHDL	0.1273
virions	0.1273
verities	0.1273
virtuality	0.1269
viele	0.1265
Vergleich	0.1262
Vina	0.1261
vai	0.1256
Verney	0.1255
verv	0.1254
Valhalla	0.1254
vnto	0.1254
veridical	0.1249
Vict	0.1244
vasoconstrictor	0.1241
Vikram	0.1239
Vicenza	0.1237
vulgare	0.1237
vacationers	0.1231
vindictiveness	0.1228
veers	0.1223
vindicating	0.1223
vintages	0.1220
Voronoi	0.1218
Vinaya	0.1212
vales	0.1211
Vesalius	0.1209
villus	0.1209
vicepresident	0.1207
Vergennes	0.1207
virion	0.1205
V5	0.1199
Viner	0.1197
victimhood	0.1193
vpon	0.1192
venules	0.1191
Vickery	0.1187
Virgen	0.1186
vamp	0.1181
verum	0.1175
voz	0.1170
Vela	0.1168
V.K.	0.1158
Vernunft	0.1157
vy	0.1156
Valenti	0.1156
VGA	0.1154
voluntariness	0.1153
variate	0.1152
vernier	0.1151
vara	0.1149
voyageurs	0.1147
vaster	0.1146
V.C.	0.1146
vernaculars	0.1144
Vadim	0.1142
vandal	0.1140
vilification	0.1137
Valdivia	0.1130
veg	0.1129
Volcker	0.1124
vouched	0.1124
venipuncture	0.1123
Vyasa	0.1122
verbalized	0.1121
vacantly	0.1116
Vasily	0.1115
Varley	0.1112
venial	0.1112
vacuuming	0.1110
vapid	0.1109
varietal	0.1104
volatilities	0.1103
Valmiki	0.1102
vetted	0.1101
vrai	0.1101
Valla	0.1101
Verner	0.1100
Vechten	0.1099
villes	0.1099
viscosities	0.1097
Veronique	0.1096
Victoire	0.1095
Variorum	0.1094
vocalists	0.1093
vingt	0.1093
virtus	0.1093
®	0.1090
vetting	0.1088
V.N.	0.1087
vitalism	0.1083
voit	0.1083
verschiedenen	0.1081
veneers	0.1080
Verena	0.1079
vite	0.1073
volte	0.1072
Vasudeva	0.1072
volitions	0.1070
viceroys	0.1068
Volkov	0.1068
veces	0.1067
varnishes	0.1065
viol	0.1065
Vader	0.1064
vaguest	0.1064
visuality	0.1064
veut	0.1062
Valverde	0.1059
vastus	0.1055
vertue	0.1054
vermillion	0.1050
Vijaya	0.1044
verbalization	0.1037
Vespucci	0.1035
Vashti	0.1035
verbena	0.1034
vertu	0.1034
VRML	0.1031
validator	0.1031
vandalized	0.1030
Vendee	0.1029
verdad	0.1029
vesper	0.1028
violative	0.1025
volatilization	0.1019
viene	0.1018
Vendome	0.1017
Varese	0.1012
villous	0.1012
vertiginous	0.1009
Veen	0.1006
viceroyalty	0.1001
verifier	0.1000
visualizes	0.09963
Valente	0.09944
vitiate	0.09938
VIPs	0.09926
Vaishnava	0.09902
Vroom	0.09859
voyaging	0.09853
velar	0.09842
voiceover	0.09820
venlafaxine	0.09802
Verfahren	0.09796
Varga	0.09744
verandas	0.09720
Vollmer	0.09717
vacillated	0.09691
voraciously	0.09674
vascularization	0.09667
venir	0.09649
vient	0.09642
viands	0.09638
volvulus	0.09623
Vincente	0.09591
Vick	0.09581
Vitellius	0.09569
Vliet	0.09495
valance	0.09488
V.L.	0.09486
vetch	0.09486
vexations	0.09469
Villette	0.09464
valorized	0.09457
venality	0.09438
Vetter	0.09428
VCO	0.09428
vaporize	0.09420
Vogler	0.09384
Villars	0.09371
Veit	0.09349
vies	0.09320
Vinh	0.09305
vacating	0.09292
Viterbo	0.09274
Vodafone	0.09261
victoriously	0.09247
Vernet	0.09230
Vanya	0.09222
varia	0.09198
V.R.	0.09166
Vajrayana	0.09143
Vosges	0.09134
Virgilio	0.09104
Vigna	0.09033
Verhoeven	0.09016
vieja	0.09005
Violette	0.08904
Vali	0.08901
VAD	0.08897
violencia	0.08868
virtuously	0.08862
Villegas	0.08854
Vostok	0.08804
viewable	0.08801
Valenciennes	0.08794
verticals	0.08769
ventrolateral	0.08763
Vitus	0.08732
Virginie	0.08705
voltaic	0.08678
vio	0.08666
vielleicht	0.08666
vaginosis	0.08657
Visigothic	0.08650
ventre	0.08627
visto	0.08608
verger	0.08598
vouchsafe	0.08567
voie	0.08567
В	0.08500
ventromedial	0.08466
VQ	0.08463
Vinton	0.08461
VB.NET	0.08448
Visayas	0.08437
Vojvodina	0.08433
valentines	0.08433
Voorhees	0.08428
vith	0.08384
Vansittart	0.08373
venturesome	0.08371
vermouth	0.08341
ventriloquist	0.08328
vitiligo	0.08314
Valerio	0.08290
violinists	0.08271
V.J.	0.08266
Versace	0.08235
Vedder	0.08221
vacuolar	0.08178
Villani	0.08162
Vandana	0.08161
Vrin	0.08132
V.G.	0.08121
vaporous	0.08109
Vedantic	0.08065
victimology	0.08062
Vella	0.08057
Vinod	0.08040
Vergara	0.08037
Vmax	0.08015
Vetus	0.08011
VMS	0.08002
VOA	0.08000
valences	0.07970
vulgarly	0.07967
Veena	0.07938
vesture	0.07919
varchar	0.07899
¨	0.07896
Vermeulen	0.07883
Vermes	0.07850
voluptuousness	0.07816
Vorstellung	0.07801
vinblastine	0.07798
valorous	0.07794
vituperative	0.07791
valets	0.07763
Violetta	0.07712
Vineland	0.07711
Vayu	0.07632
verifications	0.07624
Vining	0.07611
vinca	0.07590
VSS	0.07548
Vizcaya	0.07529
vocative	0.07516
verticality	0.07496
versicolor	0.07492
vocalic	0.07491
Vitis	0.07490
Vrije	0.07459
viceregal	0.07457
vectorial	0.07446
valedictorian	0.07444
vigilantly	0.07428
vestment	0.07421
Vorlesungen	0.07420
±	0.07417
Vergangenheit	0.07417
Vaticana	0.07401
Vaz	0.07398
Valli	0.07378
V.E.	0.07376
Vuitton	0.07376
Vertov	0.07365
Verdes	0.07358
Virgilian	0.07358
victimised	0.07356
videtur	0.07340
Vishny	0.07337
Vanden	0.07327
vilify	0.07320
Vilas	0.07313
voll	0.07309
VPs	0.07297
verged	0.07292
viridis	0.07261
viticulture	0.07259
vassalage	0.07246
vitrification	0.07226
Vallarta	0.07208
Volkmar	0.07201
Venable	0.07182
Volney	0.07159
Vlastos	0.07130
viaje	0.07126
venography	0.07106
Vasilii	0.07100
Venta	0.07089
vaccinate	0.07087
Viollet	0.07065
valedictory	0.07059
vituperation	0.07054
VPI	0.07029
vileness	0.06998
Vyas	0.06986
virtu	0.06975
Viswanathan	0.06972
Viterbi	0.06954
vindicates	0.06951
variates	0.06944
Vang	0.06941
Vitalis	0.06937
Vereinigung	0.06916
virial	0.06911
vegans	0.06883
Valentinus	0.06879
Vaidya	0.06878
voyageur	0.06873
vermis	0.06868
veux	0.06847
Villar	0.06843
Vinland	0.06829
Viale	0.06826
Valjean	0.06824
vermiculite	0.06811
vacillate	0.06802
VSP	0.06797
venire	0.06763
voy	0.06751
VeriSign	0.06750
Verwoerd	0.06742
vainglorious	0.06738
vacuumed	0.06731
velvets	0.06704
Vanbrugh	0.06688
verbosity	0.06687
Veitch	0.06686
Vll	0.06676
Vitebsk	0.06676
validations	0.06661
Verrier	0.06659
voluntarist	0.06645
V7	0.06637
Valeri	0.06634
votary	0.06609
visualising	0.06609
valeurs	0.06604
vacuo	0.06600
Valles	0.06586
Valero	0.06586
Vecchia	0.06566
velum	0.06565
vielen	0.06557
vacuums	0.06548
viremia	0.06546
vitam	0.06520
Vandiver	0.06512
violas	0.06509
VDC	0.06505
™	0.06503
VLA	0.06494
vainglory	0.06491
Vinogradov	0.06467
Voisin	0.06465
Verbindung	0.06441
Vitry	0.06432
√	0.06421
veriest	0.06415
verbo	0.06414
Voronezh	0.06413
Verus	0.06403
vaginally	0.06399
Volkmann	0.06393
Visscher	0.06391
Vespa	0.06385
verifiability	0.06385
verandahs	0.06381
Varner	0.06380
verbalizing	0.06359
vendre	0.06357
Vauban	0.06346
V.D.	0.06337
Vattel	0.06331
Venezuelans	0.06330
vintners	0.06323
vaqueros	0.06311
Vieques	0.06299
vobis	0.06291
Villers	0.06287
Valdés	0.06276
vieille	0.06264
viscerally	0.06263
virulently	0.06262
Vorster	0.06245
visite	0.06240
vomits	0.06239
VO2	0.06238
VDI	0.06237
Valletta	0.06232
voltammetry	0.06228
vigilantism	0.06226
valent	0.06221
vias	0.06219
voluntaristic	0.06208
videoconference	0.06182
vibrators	0.06172
vaguer	0.06160
valorize	0.06154
Vercelli	0.06128
Vendler	0.06122
victimize	0.06111
Valdemar	0.06097
vihara	0.06083
Valk	0.06063
Viana	0.06058
Vasili	0.06046
Voight	0.06012
Vernant	0.06009
Venkatesh	0.05999
Verband	0.05994
Valkyrie	0.05990
Vanda	0.05985
Vladislav	0.05984
Vattimo	0.05964
Vaccaro	0.05956
voto	0.05951
vocalize	0.05947
videogames	0.05942
Veron	0.05932
Vande	0.05920
Veatch	0.05917
V.B.	0.05907
vocalizing	0.05887
Vanni	0.05885
Verlagsgesellschaft	0.05877
Varennes	0.05849
viewership	0.05836
Viscountess	0.05826
Venda	0.05822
Vidor	0.05820
vegetations	0.05818
verbalizations	0.05815
vitrified	0.05810
versity	0.05806
volubility	0.05778
veldt	0.05772
Vuh	0.05746
vocalized	0.05744
Verhandlungen	0.05742
Violeta	0.05730
viri	0.05722
videogame	0.05715
verschiedene	0.05706
virginiana	0.05702
Vioxx	0.05692
viscid	0.05664
Viljoen	0.05655
Vanna	0.05639
vanquishing	0.05637
Vaccinium	0.05633
Venkataraman	0.05633
visages	0.05629
vaquero	0.05626
virtuosic	0.05623
velour	0.05620
Verwaltung	0.05612
vaporizer	0.05605
voces	0.05590
Vischer	0.05587
vivifying	0.05580
ventriloquism	0.05576
vided	0.05558
violences	0.05557
vana	0.05557
Vlasov	0.05551
Vellore	0.05504
Vyacheslav	0.05498
vampirism	0.05492
Verwendung	0.05482
Verhältnis	0.05482
VFR	0.05457
Verfassung	0.05446
vérité	0.05437
valueadded	0.05436
vivax	0.05426
vibrantly	0.05420
Vreeland	0.05419
Veloso	0.05415
Vygotskian	0.05408
Veronika	0.05399
Voet	0.05392
Vannevar	0.05386
Vestnik	0.05374
vaginas	0.05356
Varick	0.05350
valuer	0.05342
voile	0.05340
VRS	0.05332
Vaal	0.05324
Vigne	0.05295
Vereins	0.05286
Volz	0.05273
Viereck	0.05270
vanishingly	0.05270
viscoelasticity	0.05262
Vimy	0.05261
Voprosy	0.05248
volcanics	0.05226
Vinay	0.05221
Vitousek	0.05211
Verhaltnis	0.05199
V.O.	0.05197
varnas	0.05196
Vermonters	0.05182
volute	0.05181
vergleichende	0.05169
Verdier	0.05168
Vadis	0.05162
VCD	0.05156
Veni	0.05156
virtuosi	0.05155
Vth	0.05152
Viney	0.05149
veritate	0.05148
Vansina	0.05140
°	0.05129
vidual	0.05117
voyeurs	0.05115
Vachon	0.05100
Volpone	0.05082
visuo	0.05065
veneered	0.05057
varicosities	0.05051
Vaticano	0.05046
Varda	0.05045
VSO	0.05038
Velarde	0.05020
vinifera	0.05016
vacationed	0.05016
visors	0.05008
Vogelstein	0.05004
Vietnamization	0.04988
vetoing	0.04984
VAX	0.04983
Vanier	0.04982
vaso	0.04981
VFW	0.04967
Vig	0.04962
voluntas	0.04954
Vira	0.04953
verbis	0.04939
Vilma	0.04938
Viviani	0.04935
□	0.04924
Viti	0.04903
vintner	0.04898
vont	0.04891
Verhalten	0.04884
vegetational	0.04881
Villarreal	0.04878
varios	0.04876
Vose	0.04858
vivants	0.04855
Vivek	0.04853
Vand	0.04848
Veith	0.04828
Verhulst	0.04821
Villalobos	0.04820
velveteen	0.04820
vielmehr	0.04812
Vsevolod	0.04812
Vaid	0.04809
VCAM	0.04807
videocassettes	0.04802
V.H.	0.04778
Vasil	0.04774
VLDB	0.04768
vasovagal	0.04768
VZV	0.04767
venoms	0.04767
Volkes	0.04764
Victorine	0.04754
Viator	0.04742
Vlll	0.04740
Vik	0.04740
Valdosta	0.04732
Vigny	0.04727
Valencian	0.04723
Vaishnavism	0.04723
van't	0.04715
viviparous	0.04707
verbunden	0.04706
vulval	0.04706
Verdana	0.04698
voung	0.04695
vides	0.04689
volubly	0.04684
villeins	0.04674
Vessey	0.04663
viscometer	0.04657
vergence	0.04654
vasodilatory	0.04650
Verga	0.04646
voulu	0.04637
Versuche	0.04623
Verdugo	0.04618
vento	0.04610
VTA	0.04602
vaporizing	0.04598
Viviana	0.04586
Verlagsanstalt	0.04579
vendettas	0.04574
Vitali	0.04568
Victrola	0.04567
veracious	0.04561
Viburnum	0.04556
voilà	0.04555
visitant	0.04552
vivir	0.04540
vesical	0.04534
Vicia	0.04532
vois	0.04532
Vasey	0.04527
Visegrad	0.04525
vraiment	0.04515
♦	0.04511
vegetatively	0.04510
vicissitude	0.04510
vint	0.04509
volutes	0.04509
Vecchi	0.04508
vulcanization	0.04504
verte	0.04499
viscus	0.04492
Vasile	0.04491
Varenne	0.04488
vivere	0.04483
vant	0.04472
versts	0.04471
Vacca	0.04471
Vandalia	0.04468
Verneuil	0.04466
venosus	0.04462
Vogelsang	0.04462
virtute	0.04458
viewings	0.04452
vation	0.04446
viaggio	0.04442
Volstead	0.04434
VBR	0.04427
vasoconstrictors	0.04425
Venizelos	0.04417
Vieweg	0.04414
vitiates	0.04409
vermicelli	0.04385
veritatis	0.04373
Visakhapatnam	0.04366
Vaud	0.04365
vomitus	0.04357
Vaucluse	0.04354
Vijayanagar	0.04350
vitalizing	0.04349
Viotti	0.04340
Victorinus	0.04338
Venuti	0.04322
versified	0.04311
Valais	0.04311
vampiric	0.04304
virilization	0.04299
Valette	0.04297
venerating	0.04295
voire	0.04288
veiy	0.04287
victimizing	0.04283
vender	0.04282
valorisation	0.04282
Vidalia	0.04279
Venner	0.04278
Vavilov	0.04277
videlicet	0.04276
veritably	0.04275
Voorhis	0.04266
Vandyke	0.04261
Vierge	0.04257
Vasant	0.04257
Vallance	0.04245
voracity	0.04239
Vorstellungen	0.04238
vidi	0.04237
vate	0.04226
vaunt	0.04225
Vilar	0.04211
volonté	0.04207
vais	0.04206
Viviane	0.04203
vamos	0.04201
violendy	0.04184
Verdon	0.04180
Verrocchio	0.04180
Valentini	0.04172
virginica	0.04168
Vardi	0.04166
victimizer	0.04165
Vasiliev	0.04163
vata	0.04147
Vidyasagar	0.04139
V.T.	0.04130
verdigris	0.04124
vacillates	0.04124
verwendet	0.04122
valorizes	0.04119
Verres	0.04102
vada	0.04100
valorizing	0.04090
Ventana	0.04081
Verlags	0.04076
vitalist	0.04074
Vietminh	0.04073
villany	0.04049
valore	0.04047
victimless	0.04045
vivas	0.04039
vacillations	0.04035
vimentin	0.04035
visita	0.04034
Verrazano	0.04033
Venise	0.04033
varie	0.04031
Verghese	0.04027
vilifying	0.04026
vix	0.04021
Vlach	0.04019
viaducts	0.04012
Verbeke	0.04011
viento	0.04010
Valeo	0.03999
Veiga	0.03984
vasculopathy	0.03976
vente	0.03974
viscose	0.03973
venturers	0.03968
Vallon	0.03962
vitalized	0.03961
vaccinating	0.03960
victimizations	0.03950
verre	0.03945
Varvara	0.03936
vouloir	0.03933
Venusian	0.03922
Vence	0.03919
vocationally	0.03916
virtuosos	0.03915
vulcanized	0.03915
variegation	0.03913
Valliere	0.03912
variabilities	0.03908
Violante	0.03894
varias	0.03891
vicinal	0.03885
vi.	0.03880
VAP	0.03873
varmints	0.03867
Vass	0.03866
vaunting	0.03865
Vilfredo	0.03855
Vasu	0.03850
Varghese	0.03843
Villareal	0.03834
vult	0.03833
voyaged	0.03824
V.F.	0.03817
Voraussetzungen	0.03817
Viscusi	0.03791
Victoriano	0.03784
vicegerent	0.03776
visco	0.03767
validities	0.03763
victimizers	0.03752
Vluyn	0.03752
venit	0.03751
vinegars	0.03748
VDRL	0.03748
Valen	0.03746
Vaudreuil	0.03738
violoncello	0.03737
Verdery	0.03737
varnishing	0.03735
Vachel	0.03728
vulgarities	0.03725
vot	0.03718
Vassily	0.03718
vegetate	0.03717
Vihar	0.03708
Vicinus	0.03707
vaporizes	0.03707
vasopressors	0.03685
veri	0.03684
Varshney	0.03677
Veneziano	0.03676
Vidler	0.03673
vomica	0.03669
varmint	0.03667
Verbeek	0.03667
Vikramaditya	0.03665
Voragine	0.03659
Vicks	0.03659
VCI	0.03657
Venkata	0.03655
Vitaly	0.03644
Vishwa	0.03636
volonte	0.03628
vectored	0.03626
vention	0.03612
Vaterland	0.03606
Vereniging	0.03600
Veyne	0.03598
videographer	0.03596
Veuve	0.03592
Valkyries	0.03584
velocimetry	0.03578
Vitek	0.03576
viziers	0.03572
Viera	0.03570
versucht	0.03568
Virtanen	0.03552
validators	0.03539
Valentia	0.03538
verbalizes	0.03534
verbe	0.03518
Vien	0.03507
vedere	0.03503
Vakil	0.03497
vhen	0.03496
Vindhya	0.03495
verstanden	0.03492
viols	0.03467
VHI	0.03462
vasopressor	0.03448
Vaticanus	0.03448
Vulpes	0.03446
vend	0.03444
Verlagsbuchhandlung	0.03435
vaste	0.03433
Voelker	0.03432
vexes	0.03431
Verhoef	0.03421
Venkatraman	0.03421
Vereeniging	0.03417
venturer	0.03416
Victorianism	0.03415
Vogl	0.03415
veka	0.03411
véritable	0.03403
vitalistic	0.03400
Vickrey	0.03393
Velho	0.03391
voici	0.03390
vindictively	0.03384
Vani	0.03383
vade	0.03372
vouching	0.03366
vols.	0.03362
vamps	0.03352
VLANs	0.03352
Verantwortung	0.03347
verschiedener	0.03336
Valmont	0.03329
variola	0.03326
Velázquez	0.03315
Verbrugge	0.03311
Virchows	0.03309
VDU	0.03308
vasoconstrictive	0.03304
vitiating	0.03301
victualling	0.03287
VEB	0.03285
Volpi	0.03285
vacuolated	0.03281
Valiente	0.03279
Verbreitung	0.03278
vilely	0.03271
Veale	0.03260
verano	0.03259
Vargo	0.03253
Vilhelm	0.03253
Vaisnava	0.03248
Valetta	0.03236
venders	0.03231
voluptuary	0.03229
valises	0.03229
valores	0.03226
Volgograd	0.03224
verloren	0.03218
Varnum	0.03215
VSA	0.03212
vivified	0.03210
volatilized	0.03210
Vanderbilts	0.03205
vostre	0.03198
Vink	0.03194
velopment	0.03189
vars	0.03185
vestibules	0.03177
visaged	0.03167
verdadera	0.03165
vigueur	0.03163
vraie	0.03162
Valeriano	0.03140
Vohra	0.03137
vertebrobasilar	0.03132
Visalia	0.03118
verie	0.03116
Venustiano	0.03116
Vallandigham	0.03111
verra	0.03100
veinte	0.03089
Valkenburg	0.03086
Vittore	0.03077
valuers	0.03077
Verzeichnis	0.03071
Venema	0.03058
Vishwanath	0.03048
vouches	0.03045
vif	0.03034
Vignola	0.03025
Virginius	0.03021
viduals	0.03018
VTR	0.03016
venomously	0.03013
Vevey	0.03010
Vortrag	0.03001
votives	0.02999
vse	0.02997
vagotomy	0.02994
viris	0.02988
venu	0.02988
visioned	0.02977
Viorst	0.02972
verboten	0.02970
Vorgeschichte	0.02958
vengefulness	0.02952
Valse	0.02948
virally	0.02946
verts	0.02944
vaut	0.02929
►	0.02926
Valeriana	0.02922
ving	0.02915
volo	0.02912
videophone	0.02905
voluptuously	0.02901
Volks	0.02895
Vajda	0.02891
Varden	0.02889
Viertel	0.02886
Vapnik	0.02885
Vesna	0.02877
vocabulaire	0.02871
V.W.	0.02864
Valéry	0.02862
VCC	0.02862
Vortrage	0.02859
Vicodin	0.02856
vivify	0.02855
vhat	0.02849
VTI	0.02842
valved	0.02840
victual	0.02829
virological	0.02828
Varaha	0.02823
venation	0.02820
velut	0.02810
volved	0.02807
viennent	0.02797
Vologda	0.02793
Veroffentlichungen	0.02785
Valerii	0.02783
vitesse	0.02783
vicuna	0.02770
Verlauf	0.02768
Volhynia	0.02760
vould	0.02758
vede	0.02743
vittles	0.02741
viens	0.02741
VIH	0.02741
vertus	0.02738
vinous	0.02738
Verhagen	0.02735
Voroshilov	0.02732
Vartan	0.02731
Vala	0.02728
vortexing	0.02727
veno	0.02719
voluntad	0.02718
verifiers	0.02710
Vannes	0.02708
vnder	0.02704
virum	0.02702
vestries	0.02701
Volf	0.02699
VSM	0.02693
Vandamme	0.02689
Vossen	0.02680
verry	0.02679
Vian	0.02676
vorhanden	0.02672
voudrais	0.02670
Vázquez	0.02667
Vitruvian	0.02665
vanguards	0.02663
¥	0.02661
Vladimirovich	0.02656
varimax	0.02650
vocables	0.02645
Vizcaino	0.02645
veining	0.02640
VH1	0.02637
Vanek	0.02633
vacates	0.02608
verborum	0.02607
vulgarized	0.02604
vitalize	0.02597
veille	0.02593
Vemon	0.02587
Valmy	0.02585
vanillin	0.02584
VTT	0.02574
venerates	0.02568
Vijver	0.02568
Vorwort	0.02568
visuomotor	0.02562
Vielfalt	0.02561
varlet	0.02560
Vasudevan	0.02550
viridans	0.02542
vandalizing	0.02540
viceversa	0.02535
Vaillancourt	0.02525
viewless	0.02517
vortexes	0.02517
volcanos	0.02513
vagabondage	0.02513
Vanstone	0.02512
vacua	0.02505
Vora	0.02501
vidas	0.02494
volumen	0.02488
vaporisation	0.02487
vulgo	0.02487
vaudevillian	0.02483
voluminously	0.02482
Venegas	0.02480
Varon	0.02457
Vaidyanathan	0.02452
veneris	0.02452
vicinities	0.02452
Verulam	0.02450
Vikki	0.02450
Vitelli	0.02445
vertuous	0.02438
veulent	0.02437
VOD	0.02435
Vrba	0.02433
Virginis	0.02430
voies	0.02430
vised	0.02429
Volkman	0.02421
VTC	0.02419
VHL	0.02415
Verbesserung	0.02413
Vojislav	0.02411
Volkskunde	0.02410
vergessen	0.02402
versifier	0.02398
vay	0.02394
valde	0.02388
Vertreter	0.02386
Vaught	0.02373
varicocele	0.02371
vortical	0.02370
Vereinigten	0.02366
voiture	0.02366
variceal	0.02360
virginianus	0.02357
Vaishya	0.02356
venae	0.02351
Visigoth	0.02350
visitants	0.02349
VEP	0.02345
vegetating	0.02332
vervet	0.02329
vuelta	0.02328
Vlaanderen	0.02316
vecinos	0.02309
viam	0.02308
vacuously	0.02307
Vaduz	0.02305
Volmer	0.02301
vocalisation	0.02297
Veenstra	0.02296
verdadero	0.02283
Vassa	0.02267
Verkehr	0.02266
virtutis	0.02265
vacuolation	0.02265
Voraussetzung	0.02261
villainies	0.02261
viro	0.02261
Villena	0.02252
vey	0.02249
verrucous	0.02249
venule	0.02246
vermiform	0.02243
venti	0.02239
vaine	0.02238
Venkatesan	0.02221
Verstandnis	0.02217
veritatem	0.02217
videre	0.02214
Veeck	0.02212
vii.	0.02205
Vitex	0.02201
Villalba	0.02199
Vermonter	0.02178
voulait	0.02178
vated	0.02178
Venuses	0.02175
Vertebrata	0.02174
Vetterling	0.02168
Villefranche	0.02163
Vinayak	0.02154
Vulcans	0.02153
veterum	0.02151
Vollrath	0.02149
voulez	0.02128
vulgarization	0.02110
Vanguardia	0.02103
Veintiuno	0.02103
videoconferences	0.02103
vagary	0.02101
vues	0.02101
virorum	0.02100
Viggo	0.02097
ViceChancellor	0.02080
völlig	0.02071
vasodilating	0.02068
Villafranca	0.02058
voicings	0.02052
Veii	0.02050
VTs	0.02048
Vincenti	0.02047
Voth	0.02046
vanitas	0.02042
Voort	0.02039
vious	0.02036
Verständnis	0.02030
vanquishes	0.02021
vandalised	0.02019
Vertrag	0.02009
Vishal	0.02008
volatilize	0.02004
Vadodara	0.02002
VIIL	0.01999
virtuousness	0.01998
Victoriana	0.01990
Vatikiotis	0.01989
verifiably	0.01982
Varnhagen	0.01981
virtutem	0.01977
Vallone	0.01969
Valin	0.01966
Vaudois	0.01960
Volkenkunde	0.01959
Vaisya	0.01953
villanous	0.01952
vociferated	0.01944
Vulliamy	0.01944
valediction	0.01944
volleyed	0.01931
vodkas	0.01928
Vorlage	0.01927
verlassen	0.01926
vaya	0.01924
voltmeters	0.01909
Veltman	0.01906
valorised	0.01906
Vallet	0.01905
Vegetius	0.01900
vnd	0.01899
Vergilius	0.01894
Vercingetorix	0.01893
valuably	0.01890
vivi	0.01889
verzeichnet	0.01886
visualises	0.01879
volver	0.01879
voraus	0.01863
vinegary	0.01857
Verbrechen	0.01856
viously	0.01855
volumetrically	0.01852
viaticum	0.01852
Victorias	0.01848
Virmani	0.01848
vergleichenden	0.01848
valenced	0.01839
Vaishyas	0.01832
Virgina	0.01832
variabilis	0.01828
victimizes	0.01827
voicelessness	0.01826
vervain	0.01813
vallies	0.01810
Vietnams	0.01805
VAM	0.01798
Villari	0.01797
vertues	0.01795
videographers	0.01793
·	0.01791
Viktoria	0.01788
Visayan	0.01785
Vergine	0.01785
veloped	0.01779
viselike	0.01778
Vipassana	0.01776
verted	0.01771
vasdy	0.01766
verbi	0.01763
versteht	0.01757
volcanically	0.01756
Verschueren	0.01752
Ventnor	0.01743
verbalise	0.01740
valu	0.01738
vengefully	0.01736
vacuolization	0.01735
Vlissides	0.01729
visione	0.01727
vandalize	0.01721
Verfasser	0.01721
vantages	0.01720
Volkswagens	0.01720
velle	0.01719
Vlaamse	0.01718
Vache	0.01710
vhich	0.01696
●	0.01694
viler	0.01690
Varadarajan	0.01682
voluntate	0.01678
Verbindungen	0.01671
vacationer	0.01668
Vasubandhu	0.01666
vivifies	0.01665
VMA	0.01662
Verstand	0.01658
variableness	0.01655
virtualized	0.01655
¯	0.01655
visiter	0.01651
videodisc	0.01649
visored	0.01647
Valls	0.01646
Volvos	0.01645
Vallis	0.01644
Valenciana	0.01643
Vasconcellos	0.01643
Vassallo	0.01642
veo	0.01640
versal	0.01632
venant	0.01631
verminous	0.01630
Volkerkunde	0.01629
visum	0.01627
Vodou	0.01627
Verstraete	0.01618
velo	0.01617
Vernichtung	0.01616
volution	0.01616
vals	0.01610
venereum	0.01608
videntur	0.01600
viding	0.01600
Verh	0.01598
variegata	0.01596
Vieth	0.01587
Vaisyas	0.01586
visualisations	0.01586
vre	0.01582
votos	0.01576
vestals	0.01575
vuole	0.01565
Vorst	0.01564
velit	0.01563
vorliegenden	0.01560
venturous	0.01559
versation	0.01554
VSAT	0.01552
valances	0.01547
Velden	0.01544
victimes	0.01539
Veres	0.01539
Vidyalaya	0.01538
vWF	0.01537
Vinoba	0.01534
vises	0.01522
ver.	0.01519
Venugopal	0.01519
venery	0.01518
Vanderpool	0.01514
vvith	0.01513
villosa	0.01512
Vij	0.01509
vinced	0.01509
Villepin	0.01493
Velleius	0.01489
vorher	0.01488
vations	0.01487
Vuong	0.01487
Vertovec	0.01487
viribus	0.01487
videography	0.01481
Valladares	0.01480
Vandenberghe	0.01468
vindicator	0.01454
verbalised	0.01448
Verteilung	0.01447
VDT	0.01445
Vijayan	0.01444
voluntatem	0.01438
volitionally	0.01436
Verlagshaus	0.01435
volleying	0.01431
visi	0.01425
virtutibus	0.01419
vierten	0.01417
VMware	0.01414
versifying	0.01414
vork	0.01413
Vainio	0.01413
vec	0.01398
vulnerably	0.01396
vouchsafes	0.01396
verbals	0.01394
vicinage	0.01391
voyant	0.01390
Vojtech	0.01384
Virginias	0.01381
varlets	0.01378
vivace	0.01375
vaporised	0.01374
vrais	0.01372
Vavasour	0.01370
viso	0.01364
Vasseur	0.01361
Víctor	0.01355
vivaciously	0.01355
vitronectin	0.01353
voluntatis	0.01352
Vimala	0.01352
varv	0.01351
varietals	0.01348
Venkat	0.01348
vocationalism	0.01346
Volusia	0.01345
voluit	0.01345
vanous	0.01342
Vestergaard	0.01339
Viegas	0.01332
voiceovers	0.01328
viii.	0.01322
value2	0.01318
Vorbild	0.01314
vicino	0.01310
vasty	0.01308
vely	0.01307
Viardot	0.01306
Vasta	0.01305
villein	0.01294
venga	0.01292
vetches	0.01288
Volksraad	0.01285
Vossius	0.01282
visión	0.01281
Vianna	0.01281
versifiers	0.01280
Vesely	0.01278
ventriloquists	0.01273
vul	0.01272
verbale	0.01265
Vorbereitung	0.01257
versos	0.01251
Valderrama	0.01241
Virg	0.01239
Vandross	0.01234
Veranderungen	0.01231
variis	0.01230
vity	0.01228
versi	0.01228
vasculitic	0.01221
vus	0.01218
vocant	0.01218
voisins	0.01217
veiny	0.01210
Veneta	0.01206
vims	0.01204
Verlust	0.01198
Vails	0.01197
vocatur	0.01194
vah	0.01193
Vlaams	0.01192
vasectomies	0.01191
Viswanath	0.01190
vilifies	0.01190
vestigia	0.01181
vulgus	0.01180
Villasenor	0.01173
vanced	0.01172
varicolored	0.01172
vortexed	0.01170
vastest	0.01168
Vitiello	0.01162
volens	0.01162
voci	0.01157
veste	0.01144
Verarbeitung	0.01144
vard	0.01142
viscounts	0.01141
vanquisher	0.01137
victime	0.01136
Verfolgung	0.01134
villainess	0.01132
victualled	0.01129
Vathek	0.01129
Vestris	0.01127
Varmus	0.01126
Villaverde	0.01120
Vorschlag	0.01119
ventions	0.01119
Vaishnavas	0.01118
ventional	0.01115
vivent	0.01112
veteris	0.01105
valencies	0.01105
Visva	0.01103
vectoring	0.01102
vulpine	0.01101
Vought	0.01100
veluti	0.01098
V9	0.01097
varietv	0.01097
vestido	0.01096
virtutes	0.01095
Vamana	0.01093
Vandewalle	0.01092
Vortigern	0.01083
vivante	0.01077
vates	0.01077
Vermittlung	0.01077
volkisch	0.01067
voglio	0.01065
Vogels	0.01062
vaunts	0.01060
vociferating	0.01059
vainest	0.01057
veh	0.01056
voyeuristically	0.01052
vamping	0.01051
Vaugirard	0.01048
vellow	0.01042
Velveeta	0.01038
venait	0.01038
¡	0.01037
vulgarism	0.01034
Vaishnavite	0.01032
Vell	0.01030
Verwey	0.01025
videoed	0.01023
videri	0.01022
Volksgeist	0.01020
Virgilius	0.01018
vociferation	0.01018
Venturini	0.01016
Vili	0.01014
Viborg	0.01012
VNS	0.01011
Vaupel	0.01010
versehen	0.01009
versuchen	0.01007
VCT	0.01004
viably	0.009946
vomer	0.009940
➪	0.009930
vitelline	0.009921
Veli	0.009913
vini	0.009899
vestra	0.009859
Volksgemeinschaft	0.009852
vni	0.009836
Verweij	0.009823
V12	0.009749
vollkommen	0.009715
VDS	0.009643
veridicality	0.009619
Velleman	0.009605
venia	0.009592
vei	0.009562
VBS	0.009536
Vroman	0.009508
voller	0.009412
Vignes	0.009403
vincit	0.009369
vealed	0.009333
Veröffentlichung	0.009306
verbinden	0.009279
Vallombrosa	0.009270
vouchsafing	0.009253
Vicryl	0.009241
Vout	0.009233
vitiation	0.009221
Vlth	0.009158
voler	0.009098
visiters	0.009053
Vigyan	0.008967
viejos	0.008967
voient	0.008925
visitin	0.008907
vertreten	0.008891
volto	0.008889
vociferations	0.008851
Veränderungen	0.008792
vici	0.008786
valorise	0.008725
Verdean	0.008721
vocem	0.008719
→	0.008691
vist	0.008662
violaceous	0.008635
Vallier	0.008628
vended	0.008478
visibilities	0.008422
Vezelay	0.008402
vanadate	0.008375
volun	0.008371
valetudinarian	0.008335
Vrain	0.008328
vidit	0.008328
Vernadsky	0.008314
vano	0.008265
Vidocq	0.008263
Völker	0.008240
vernix	0.008200
veel	0.008189
Vinet	0.008166
volontaire	0.008160
Vacher	0.008132
vestryman	0.008117
viros	0.008076
Vandeleur	0.008004
Vernes	0.007998
Vautrin	0.007969
villanies	0.007960
victuallers	0.007948
versd	0.007935
volant	0.007886
Vonk	0.007875
V.Y.	0.007872
Videla	0.007841
vostra	0.007827
Verlagsprogramm	0.007800
¸	0.007755
visibles	0.007701
vitas	0.007670
varas	0.007636
vapory	0.007556
venesection	0.007533
Verhaltnisse	0.007533
vatic	0.007526
visu	0.007517
veneering	0.007435
vedi	0.007432
Vandyck	0.007426
vaga	0.007407
Vidarbha	0.007401
veram	0.007399
Vallabhbhai	0.007399
videatur	0.007383
vaginismus	0.007383
Volkan	0.007358
Verlagswebseite	0.007347
volunt	0.007309
vulgarisms	0.007309
vertiginously	0.007289
Villeroy	0.007279
Vassili	0.007268
voyons	0.007232
vieler	0.007217
videt	0.007194
Verhandelingen	0.007176
veness	0.007170
vignetting	0.007156
virtutum	0.007132
vermag	0.007104
Vohs	0.007084
v2.0	0.007041
voussoirs	0.007015
Vasudev	0.006990
Verplanck	0.006981
vehemendy	0.006954
VST	0.006952
velop	0.006940
veau	0.006938
Vandercook	0.006936
vamped	0.006909
vho	0.006898
vixens	0.006866
voyez	0.006851
Viacheslav	0.006846
vecu	0.006842
virtud	0.006822
vCJD	0.006792
Vijayawada	0.006766
Vicario	0.006756
veryone	0.006738
vulgarian	0.006725
varyingly	0.006714
Volscians	0.006701
Verbruggen	0.006658
Virginny	0.006613
vorbehalten	0.006581
vants	0.006545
Vertrauen	0.006527
villainously	0.006509
verst	0.006494
vaulter	0.006442
v3.0	0.006382
vival	0.006359
vitalizes	0.006328
vav	0.006310
Veneti	0.006296
vorgestellt	0.006281
Vallev	0.006276
Vyse	0.006258
Vivier	0.006251
Vannier	0.006229
vizor	0.006200
viven	0.006168
Volkow	0.006142
vety	0.006141
vultus	0.006139
vins	0.006119
Verd	0.006105
vindications	0.006068
Venere	0.006059
Vozes	0.006045
vocable	0.005975
VCDs	0.005962
Varina	0.005915
V02	0.005908
voraciousness	0.005894
voyce	0.005888
vich	0.005883
Valentinians	0.005850
vair	0.005834
Vigiliae	0.005820
vituperations	0.005803
vocalizes	0.005785
Verordnung	0.005782
Vijayanagara	0.005773
view'd	0.005771
vacuousness	0.005751
Venedig	0.005735
vienen	0.005720
verbaux	0.005715
Vcrlag	0.005699
Vicomtesse	0.005690
vulgarised	0.005690
vered	0.005666
vironment	0.005666
vative	0.005661
Voltairean	0.005648
visitings	0.005637
Voinovich	0.005607
vinylidene	0.005600
Vallée	0.005583
volves	0.005580
vuol	0.005553
violist	0.005524
volontiers	0.005509
vene	0.005497
Verrall	0.005493
Valori	0.005454
Vergniaud	0.005432
VWR	0.005416
vember	0.005396
†	0.005387
Valentinois	0.005385
voidness	0.005385
Vyvyan	0.005378
Vivanco	0.005367
Vawter	0.005360
Victorio	0.005353
ventriculoperitoneal	0.005325
veteres	0.005304
Vare	0.005279
visus	0.005219
virologist	0.005179
viginti	0.005179
Vergne	0.005167
Vardon	0.005145
Vardaman	0.005134
virilis	0.005118
volumus	0.005066
vendible	0.005051
vedettes	0.005048
Vendeans	0.005039
vainer	0.005037
vexatiously	0.005021
vibraphone	0.004994
vitrine	0.004981
Vau	0.004981
veris	0.004977
VDD	0.004974
Vorontsov	0.004972
volumed	0.004970
Véronique	0.004967
Voges	0.004949
vireo	0.004929
vinum	0.004846
VCE	0.004846
Vorträge	0.004842
virens	0.004839
valuel	0.004812
Venango	0.004810
versify	0.004797
verwandte	0.004777
Venereol	0.004750
vitia	0.004727
Veroff	0.004727
Vortrdge	0.004725
vapidity	0.004711
Vaters	0.004705
Vardar	0.004703
vivum	0.004671
Vedras	0.004664
Veratrum	0.004606
Vollendung	0.004606
vsed	0.004601
¼	0.004557
vestures	0.004536
valerate	0.004481
vanish'd	0.004474
Verhältnisse	0.004460
voluptas	0.004451
Vandenbroucke	0.004424
vaudevilles	0.004400
Vendemiaire	0.004386
viae	0.004384
valedictorians	0.004384
Varius	0.004348
vuelve	0.004335
vestrum	0.004328
vory	0.004326
verlieren	0.004310
Vignon	0.004278
vraisemblance	0.004240
vourself	0.004233
vulgaire	0.004224
voulons	0.004179
Vindex	0.004173
vulcanite	0.004173
Verteidigung	0.004144
vieilles	0.004141
Volumnia	0.004103
viand	0.004076
Varietes	0.004074
vestrymen	0.004056
vertebras	0.004038
vicegerents	0.004013
vitalization	0.003942
vota	0.003922
vasto	0.003922
Vrindavan	0.003915
Vahl	0.003867
Verl	0.003852
Verhaltens	0.003843
vorliegende	0.003836
Vizetelly	0.003825
Vicary	0.003823
Vorarlberg	0.003823
Verwertung	0.003818
vasculitides	0.003814
vacui	0.003803
volving	0.003767
Victrix	0.003762
virtualities	0.003755
Velletri	0.003755
vocality	0.003726
vulgarest	0.003722
Vigilius	0.003699
verticillata	0.003688
valne	0.003684
vapoury	0.003674
Vassall	0.003661
valacyclovir	0.003654
visuelle	0.003652
vécu	0.003630
Vire	0.003625
vagues	0.003625
varietyof	0.003623
voglia	0.003609
Villemain	0.003607
Veronesi	0.003594
vorstellen	0.003591
vulvovaginal	0.003574
videttes	0.003553
visant	0.003538
Versammlung	0.003531
Verden	0.003522
Victoires	0.003515
vergers	0.003509
VDSL	0.003490
velly	0.003472
Vendean	0.003446
Voysey	0.003421
voudrait	0.003417
vaisseaux	0.003414
vrith	0.003356
visitwww.bibliobazaar.com	0.003351
veramente	0.003345
Vatel	0.003329
vocab	0.003316
vobiscum	0.003313
Verwandlung	0.003298
valorously	0.003297
viride	0.003280
Viguerie	0.003270
Vfe	0.003259
ventriculography	0.003257
Vendôme	0.003255
vapeur	0.003234
Volscian	0.003234
vitium	0.003232
voioe	0.003230
VDM	0.003226
vow'd	0.003221
victualler	0.003210
verbenas	0.003210
verlangt	0.003188
virtù	0.003185
vivit	0.003183
viande	0.003181
Venite	0.003172
Vriend	0.003156
Vandervelde	0.003138
Vauquelin	0.003138
Vecellio	0.003133
Vásquez	0.003131
Valpy	0.003104
vetturino	0.003093
Virgile	0.003091
vapouring	0.003084
Vremya	0.003069
voneinander	0.003068
vireos	0.003066
vaisseau	0.003046
valere	0.003039
Vevay	0.003023
Vibert	0.003003
Vannucci	0.002997
vouth	0.002995
Vuillard	0.002992
Venddme	0.002992
verdurous	0.002988
vinery	0.002981
Voorst	0.002974
vulcanizing	0.002968
vailed	0.002958
Vernor	0.002938
vendue	0.002927
vinculo	0.002925
Villeurbanne	0.002918
Vesuvian	0.002894
VCA	0.002878
vedette	0.002864
Vorwarts	0.002862
valeat	0.002855
verbindet	0.002848
Ventoux	0.002837
VNTR	0.002828
Vermandois	0.002817
veniam	0.002815
Ventadour	0.002801
VNU	0.002801
Vincentius	0.002797
Verhey	0.002793
velocipede	0.002765
vivat	0.002761
value1	0.002738
Vezina	0.002720
Vleck	0.002718
Vllth	0.002714
V8T	0.002712
Vladivostock	0.002680
Valenstein	0.002647
volatilizes	0.002646
vicarages	0.002644
Vierteljahresschrift	0.002637
Vassilis	0.002617
vizard	0.002613
vasculogenesis	0.002613
virginals	0.002611
vertebrated	0.002606
vocalism	0.002593
virgine	0.002592
Vanderlip	0.002590
visà	0.002590
venient	0.002584
verj	0.002582
vocat	0.002581
VVe	0.002575
vitrines	0.002572
vinculum	0.002564
villeinage	0.002539
vea	0.002527
vago	0.002527
venez	0.002518
variety7	0.002505
volle	0.002500
vertexes	0.002496
Verbascum	0.002480
visitest	0.002478
veu	0.002472
viendra	0.002467
Verrill	0.002465
vincula	0.002445
voicemails	0.002422
Vasudha	0.002417
vacances	0.002413
VIIa	0.002402
vanety	0.002375
Vahlen	0.002366
Verene	0.002364
vulgarize	0.002359
vostro	0.002357
Vetera	0.002355
Vacaville	0.002339
voman	0.002335
Vincents	0.002328
volatilisation	0.002321
Vorrede	0.002319
verything	0.002310
Velia	0.002307
volante	0.002307
Veränderung	0.002305
Venkateswara	0.002303
vitalising	0.002301
vivification	0.002289
volatilised	0.002270
versicles	0.002263
Vanini	0.002256
voluntaries	0.002231
Vitaliano	0.002225
vish	0.002220
versioned	0.002206
venomed	0.002204
Vshaped	0.002191
vermifuge	0.002191
Ventimiglia	0.002182
vinces	0.002166
variantes	0.002166
vallum	0.002153
voulant	0.002144
Vertumnus	0.002135
violoncellos	0.002121
voiee	0.002106
veil'd	0.002099
Vorlesung	0.002083
Veröffentlichungen	0.002081
viceroyalties	0.002045
violacea	0.002034
vulgarisation	0.002031
verjuice	0.002023
vellet	0.002023
voo	0.002018
viu	0.002016
vex'd	0.002007
voluptuaries	0.001995
vieing	0.001993
vaunteth	0.001991
Vernonia	0.001984
valoir	0.001982
vanisheth	0.001975
vernment	0.001973
vulgarizing	0.001966
Vuk	0.001960
viction	0.001957
vermeil	0.001948
vorld	0.001948
vociferate	0.001948
vorbei	0.001937
Vettius	0.001937
vocis	0.001930
vext	0.001928
Verviers	0.001926
viij	0.001919
vigourous	0.001906
Vrij	0.001904
vhere	0.001904
variété	0.001897
VLF	0.001881
vegetates	0.001872
viewof	0.001870
verrons	0.001859
vivido	0.001830
vitalised	0.001827
vinedresser	0.001825
vermicular	0.001820
¿	0.001818
vaticinations	0.001814
vainqueur	0.001814
Villeroi	0.001807
Vaches	0.001807
victimise	0.001805
vola	0.001803
voluerit	0.001789
ViceAdmiral	0.001789
verbalism	0.001767
vui	0.001724
vidette	0.001719
verfolgt	0.001715
viperous	0.001713
vitiis	0.001708
vehemency	0.001706
vestri	0.001704
Vegetatio	0.001704
verbalisation	0.001701
videbatur	0.001693
videretur	0.001688
valueof	0.001674
vituperated	0.001661
venge	0.001652
vivd	0.001645
ventriloquial	0.001627
volve	0.001625
volet	0.001623
vornehmlich	0.001616
vexedly	0.001616
vife	0.001614
vaingloriously	0.001609
veyed	0.001607
vitio	0.001603
€	0.001603
vanquish'd	0.001598
vun	0.001592
votis	0.001580
×	0.001580
vege	0.001573
vord	0.001565
vintagers	0.001562
velis	0.001555
vulgarians	0.001553
vally	0.001546
vailing	0.001546
vitalities	0.001544
verm	0.001533
venience	0.001533
Vette	0.001533
vidua	0.001527
volgare	0.001518
vras	0.001499
vrill	0.001499
vigore	0.001497
videmus	0.001495
valuo	0.001495
vanity7	0.001493
versing	0.001493
victis	0.001491
Viareggio	0.001490
Vuuren	0.001490
vollies	0.001490
vacuities	0.001488
vocalise	0.001488
vultu	0.001486
vixit	0.001482
vaultings	0.001477
vieillesse	0.001475
vulnera	0.001470
vario	0.001466
valetudinarians	0.001463
Verfügung	0.001455
vomitings	0.001454
vilayet	0.001448
Voltairian	0.001443
veniunt	0.001441
variegate	0.001430
vrouw	0.001407
vivement	0.001396
vivis	0.001390
vidimus	0.001389
vvas	0.001387
valutazione	0.001376
vibrationally	0.001371
vocantur	0.001362
vising	0.001356
vi2	0.001353
videantur	0.001344
valiance	0.001344
valorising	0.001338
Verenigde	0.001331
vidence	0.001322
vixenish	0.001316
vulcanised	0.001315
veek	0.001311
vited	0.001302
vauntingly	0.001298
Vinita	0.001298
Vado	0.001289
vaporings	0.001284
vagi	0.001282
velint	0.001280
vantagepoint	0.001273
VTII	0.001270
vaporise	0.001253
vapourings	0.001248
V!	0.001235
villanelle	0.001232
varions	0.001208
versione	0.001205
vivaciousness	0.001185
vamoose	0.001183
Vindiciae	0.001178
vituperate	0.001172
verticale	0.001167
vermittelt	0.001165
vegeta	0.001161
voiceful	0.001160
visionless	0.001156
vords	0.001154
vaticination	0.001142
visibile	0.001136
vulgari	0.001131
vanishings	0.001127
verdancy	0.001125
V10	0.001125
vulgarise	0.001122
vindicators	0.001115
vived	0.001111
variante	0.001096
vray	0.001093
VTL	0.001091
venerableness	0.001078
vicinity7	0.001078
verpflichtet	0.001071
versy	0.001060
vengeances	0.001059
vitalise	0.001055
vait	0.001053
VLB	0.001046
Votta	0.001046
vestigation	0.001044
Venet	0.001041
varum	0.001039
venemous	0.001039
volenti	0.001033
virga	0.001026
vthe	0.001024
VUB	0.001021
votum	0.001019
vicepresidents	0.001014
valuefree	0.001006
vind	0.001006
Vergata	0.0009973
versant	0.0009901
veras	0.0009811
veery	0.0009648
vantageground	0.0009630
valiandy	0.0009612
villanously	0.0009612
vancing	0.0009540
venerably	0.0009468
vesica	0.0009342
vertice	0.0009288
veder	0.0009233
Vilaine	0.0009179
velours	0.0009107
verschieden	0.0008999
voisinage	0.0008927
vollig	0.0008891
vieil	0.0008656
veth	0.0008494
vra	0.0008440
vania	0.0008440
veree	0.0008440
Vicaire	0.0008350
vaporing	0.0008278
voiles	0.0008115
veneno	0.0008097
verae	0.0008043
velt	0.0007989
Virginibus	0.0007971
vincere	0.0007899
vilain	0.0007809
vaincre	0.0007719
venerabilis	0.0007701
vehementer	0.0007683
vicina	0.0007683
véritablement	0.0007610
ventriloquizing	0.0007592
vitse	0.0007574
vraisemblable	0.0007502
voulut	0.0007502
veines	0.0007484
voyait	0.0007466
vag	0.0007430
vivisectionist	0.0007340
vivisected	0.0007304
velim	0.0007250
▼	0.0007232
Veranderung	0.0007160
verti	0.0006925
vasoconstricting	0.0006925
vaincu	0.0006619
valeant	0.0006564
villian	0.0006564
vestro	0.0006546
victus	0.0006456
veteri	0.0006384
vivus	0.0006384
ventis	0.0006384
viveur	0.0006204
vulgi	0.0006186
vhile	0.0006150
Vandykes	0.0006096
voudra	0.0006077
vident	0.0006059
vacandy	0.0006041
vvc	0.0005987
vocare	0.0005987
vicepresidential	0.0005951
vum	0.0005861
volente	0.0005843
Vae	0.0005771
voke	0.0005771
vulgarising	0.0005645
vours	0.0005573
violentiy	0.0005573
visional	0.0005482
Verlages	0.0005482
valueladen	0.0005392
ventilates	0.0005248
vithout	0.0005230
vhe	0.0005104
vtry	0.0005013
veloping	0.0004995
verting	0.0004959
voured	0.0004815
verymuch	0.0004815
