zone	17.74
zero	17.70
z	12.61
Zealand	7.373
zones	6.915
zu	4.574
Z.	3.714
zur	3.698
zinc	3.390
Zhang	3.055
zeal	2.786
Zimbabwe	2.045
zoo	1.878
Zen	1.842
zoning	1.770
zum	1.759
zip	1.700
zoom	1.617
Zionist	1.594
Zeus	1.588
Zurich	1.563
Zhou	1.531
Zion	1.474
Zambia	1.200
zealous	1.072
Zhu	1.004
Zionism	0.9248
Zoe	0.9165
Zimmerman	0.8764
Zhao	0.8614
Zn	0.8594
zenith	0.8291
Zeit	0.8061
Zeitschrift	0.8022
Zulu	0.7991
zeros	0.7891
Zack	0.7784
zwischen	0.7440
Zach	0.7307
zest	0.7304
zoology	0.6895
zodiac	0.6433
za	0.6339
Zola	0.5741
Zheng	0.5699
Zaire	0.5558
Zanzibar	0.5481
zebra	0.5372
zoological	0.5280
Zed	0.5198
Zhongguo	0.5189
Zachary	0.5145
zigzag	0.4905
Zeitung	0.4826
Ziegler	0.4792
zipper	0.4771
Zechariah	0.4640
Zedong	0.4460
ze	0.4399
Zionists	0.4329
zi	0.4319
zona	0.4176
Zagreb	0.4119
Zimmermann	0.3987
Zia	0.3956
Zeno	0.3916
zonal	0.3809
zombie	0.3800
Zarathustra	0.3770
Zeke	0.3761
Zhong	0.3731
Zane	0.3712
zoster	0.3697
zucchini	0.3689
zooplankton	0.3662
zhi	0.3649
Zora	0.3532
Zondervan	0.3352
Zuckerman	0.3320
Zohar	0.3290
Zapata	0.3286
zealots	0.3216
zwei	0.3183
zoos	0.3162
Zuni	0.3136
Zimmer	0.3112
zooming	0.3074
zipped	0.2997
Zeppelin	0.2981
Zee	0.2932
Zizek	0.2883
Zelda	0.2847
zeta	0.2787
Zr	0.2777
zealously	0.2761
zeolite	0.2757
zoomed	0.2682
zig	0.2634
zombies	0.2601
Zool	0.2562
zygote	0.2556
Zhejiang	0.2497
Zinn	0.2396
Zara	0.2270
Zucker	0.2229
Zeng	0.2196
Zwingli	0.2149
Zoroaster	0.2146
Zoroastrian	0.2118
Zimbabwean	0.2115
Zapatista	0.2071
Zamora	0.2052
Zealanders	0.2033
zo	0.2009
zygomatic	0.2004
Zvi	0.2001
ZnO	0.1984
zeolites	0.1972
zeitgeist	0.1962
Zulus	0.1941
Zemin	0.1939
Zacharias	0.1937
Zaragoza	0.1912
Zambian	0.1870
zirconium	0.1869
zephyr	0.1831
zijn	0.1826
zoned	0.1793
Zeller	0.1763
zag	0.1760
Zhen	0.1752
Zweig	0.1736
Zeb	0.1728
Zak	0.1727
Zapatistas	0.1717
Zappa	0.1693
Zambezi	0.1647
Z39.48	0.1620
Zander	0.1615
Zeiss	0.1612
zircon	0.1611
zoologist	0.1609
zap	0.1597
Zoroastrianism	0.1587
zakat	0.1586
zealot	0.1560
Zeeman	0.1542
Zech	0.1514
Zygmunt	0.1513
Zahn	0.1491
Zea	0.1490
Zhuang	0.1472
zweiten	0.1464
Zhukov	0.1463
Zachariah	0.1428
Zbigniew	0.1412
zeroed	0.1406
zidovudine	0.1390
zebras	0.1381
zirconia	0.1376
zeroes	0.1360
zebrafish	0.1359
Zenobia	0.1352
Zapotec	0.1346
zamindars	0.1335
Zou	0.1323
Zukunft	0.1314
zs	0.1301
Zeitlin	0.1281
zodiacal	0.1278
zwar	0.1275
zipping	0.1268
zine	0.1247
Zululand	0.1237
Ziegfeld	0.1228
zai	0.1216
zooms	0.1184
Zeeland	0.1170
Zorn	0.1164
zoot	0.1146
Zephaniah	0.1140
Zhonghua	0.1136
zigzagging	0.1135
Zell	0.1135
z2	0.1134
Zaria	0.1124
Zedillo	0.1109
Zac	0.1099
Zaman	0.1097
Zahra	0.1088
Zavala	0.1086
Zusammenhang	0.1080
Zürich	0.1076
Zoltan	0.1070
Zalman	0.1058
zonation	0.1058
zeigt	0.1056
Zanuck	0.1055
Zadok	0.1020
Zacatecas	0.1011
Zinoviev	0.1007
Ziggy	0.1005
Zerubbabel	0.09954
Zedekiah	0.09917
zl	0.09817
Zaki	0.09727
Zentrum	0.09606
Zoroastrians	0.09582
Zebedee	0.09580
Zoloft	0.09532
Zadeh	0.09440
zigzags	0.09378
zines	0.09359
Zh	0.09344
Zahir	0.09264
Zenger	0.09249
Zakaria	0.09207
Zebulon	0.09072
Zan	0.08975
Zina	0.08969
Zawahiri	0.08925
zweite	0.08910
Zorro	0.08893
Zarqawi	0.08864
Zayas	0.08838
Zacchaeus	0.08775
zippers	0.08678
ZANU	0.08676
ZZ	0.08613
zany	0.08598
zigzagged	0.08598
Zar	0.08561
zt	0.08546
Zamboanga	0.08406
Ziel	0.08389
Zhdanov	0.08322
zeroing	0.08263
Zangwill	0.08251
zugleich	0.08249
Zigler	0.08087
z0	0.08037
Zafar	0.08027
Zang	0.08018
Zimbardo	0.08004
Zeitalter	0.07822
ZnS	0.07793
Zandt	0.07742
Zeichen	0.07739
Zuber	0.07731
zusammen	0.07689
zoologists	0.07624
Zanna	0.07608
Zealander	0.07604
Zoran	0.07542
zing	0.07531
z.B.	0.07527
Zuma	0.07526
Zald	0.07350
Zajonc	0.07323
zapped	0.07297
zygotes	0.07274
zj	0.07197
zamindar	0.07180
Zuo	0.07148
Zin	0.07137
Zeitgeschichte	0.07099
Zeeb	0.07067
Zuniga	0.07056
Zartman	0.07041
zeigen	0.07035
Zend	0.07000
zillion	0.06998
Zinzendorf	0.06993
Zippo	0.06752
zeroth	0.06718
Zeigler	0.06716
zm	0.06704
zoonotic	0.06655
Zipporah	0.06612
Zagros	0.06609
Zink	0.06600
ZP	0.06538
Zita	0.06526
Zaid	0.06524
Ziv	0.06504
Zayd	0.06499
Zusammenarbeit	0.06495
Zener	0.06458
Zinfandel	0.06430
Zeiten	0.06355
Zipes	0.06241
Zug	0.06238
Zeman	0.06187
Ziff	0.06184
Zena	0.06183
Zook	0.06171
Zambesi	0.06169
Zhan	0.06137
Zouaves	0.06133
Zito	0.06097
Zimbabweans	0.06074
Zollinger	0.06057
zither	0.05988
Zhongshan	0.05951
Zong	0.05900
Zellner	0.05875
Zarah	0.05857
Zevi	0.05843
Zhivago	0.05840
zippered	0.05817
Ze'ev	0.05767
Zimbalist	0.05765
Zahl	0.05764
ZF	0.05734
Zobel	0.05733
Zilla	0.05694
Zehnder	0.05692
Zarate	0.05650
Zyl	0.05646
Zipf	0.05602
Zeev	0.05595
Zeitlinger	0.05530
Zajac	0.05497
z1	0.05490
Zwicky	0.05479
Zeki	0.05471
zips	0.05426
Zwick	0.05425
Zenon	0.05374
Zillah	0.05331
Zorzi	0.05301
zoomorphic	0.05288
Zielinski	0.05242
Zelig	0.05156
Zohn	0.05155
Zukin	0.05152
Zhai	0.05151
Zwolle	0.05118
Zev	0.05114
ziggurat	0.05105
Zabel	0.05102
Zsa	0.05077
Z3	0.05037
Zimmern	0.05025
Zofia	0.05018
Zakir	0.05012
ZD	0.04996
Zaidi	0.04991
Zakharov	0.04961
zygotic	0.04948
Zelizer	0.04905
zazen	0.04860
Zeffirelli	0.04828
Zhuangzi	0.04811
Zoller	0.04775
Zn2	0.04707
Zinsser	0.04650
Zunz	0.04621
zealotry	0.04608
zation	0.04601
Ziyang	0.04595
Zutphen	0.04593
Zurcher	0.04555
Zeichner	0.04534
Zweifel	0.04439
Zemlya	0.04416
Zaller	0.04392
zurück	0.04377
Zelikow	0.04362
Zakkai	0.04346
zaibatsu	0.04303
Zemon	0.04270
Zulfikar	0.04264
zenana	0.04227
zhe	0.04227
Zamir	0.04208
Zon	0.04195
Zoellick	0.04180
Zumwalt	0.04173
Zollner	0.04166
Zernike	0.04152
Zdenek	0.04127
Zwicker	0.04124
zamindari	0.04082
Zanker	0.04054
Zhengzhou	0.04019
Zellweger	0.04012
zapping	0.04005
Zama	0.03954
Zimring	0.03946
Zwart	0.03936
Zeph	0.03931
Zweck	0.03920
Zapf	0.03913
Zacarias	0.03899
Zustand	0.03887
Zand	0.03881
Zain	0.03866
Zacks	0.03862
Zeppelins	0.03812
Zaleski	0.03788
Zim	0.03777
zunächst	0.03757
Ziploc	0.03727
Zoar	0.03723
Zanetti	0.03715
ZK	0.03703
zilch	0.03698
Zebulun	0.03684
Ziad	0.03676
Zosimus	0.03673
ZB	0.03664
Zeidler	0.03653
Zolberg	0.03635
ZPD	0.03632
Zantac	0.03630
Zoya	0.03612
Zabern	0.03599
Zasshi	0.03592
Zainab	0.03583
Ziolkowski	0.03581
Zeckhauser	0.03571
Zamboni	0.03560
zehn	0.03540
Zanesville	0.03515
zhuan	0.03498
Zelinsky	0.03481
Zeisel	0.03470
zephyrs	0.03446
Zeneca	0.03435
Zubin	0.03404
Zaccaria	0.03397
Zinni	0.03349
Ziele	0.03335
Zorba	0.03326
Zabriskie	0.03289
Zillmann	0.03289
Zinner	0.03273
zuletzt	0.03243
Zehr	0.03241
Zambrano	0.03179
Zhuhai	0.03176
ZC	0.03172
zinnias	0.03159
Zalewski	0.03147
Zelman	0.03124
zinger	0.03122
zesty	0.03118
Z.A.	0.03088
Zeldin	0.03086
Zeebrugge	0.03085
Zimri	0.03022
Zeithaml	0.03019
zeaxanthin	0.03012
Zomba	0.03010
Zimmerli	0.03008
Zuid	0.02966
Zoologie	0.02963
Zapiski	0.02945
Zeist	0.02928
zwitterionic	0.02880
Zepeda	0.02856
Zhurnal	0.02832
Zyprexa	0.02829
zillions	0.02815
zich	0.02797
Zech.	0.02793
Z4	0.02780
Znaniecki	0.02771
zy	0.02751
zit	0.02745
zat	0.02730
Zeiger	0.02697
Ziman	0.02673
Zahid	0.02670
Zaheer	0.02659
Ziya	0.02645
Zeuxis	0.02636
Zemke	0.02572
zuerst	0.02553
Ziauddin	0.02549
Zollverein	0.02515
Zein	0.02501
Zaslavsky	0.02479
Zayed	0.02474
Zerbe	0.02460
Zacher	0.02433
zags	0.02426
zoon	0.02416
Zogby	0.02409
Ziircher	0.02388
zagging	0.02386
zentralen	0.02386
Zouave	0.02382
Zermatt	0.02370
Zerah	0.02369
zentrale	0.02359
Zwaan	0.02353
Zahlen	0.02346
Zingales	0.02326
Zahavi	0.02323
ZX	0.02319
ziehen	0.02305
Zenker	0.02274
zweier	0.02262
Zyklon	0.02249
Zenda	0.02248
ZnSe	0.02241
zumindest	0.02220
Ziglar	0.02217
Zande	0.02200
ZrO2	0.02194
zits	0.02194
zealousness	0.02105
ZG	0.02104
zookeeper	0.02085
Zant	0.02076
zinging	0.02058
Zambians	0.02051
Zysman	0.02042
Zaynab	0.02041
Zusammenfassung	0.02041
Zervos	0.01983
Zwi	0.01981
Zugang	0.01946
zinged	0.01931
Zila	0.01926
zippy	0.01916
ziggurats	0.01909
Zha	0.01877
Z5	0.01874
Z39	0.01874
Zocor	0.01857
zolpidem	0.01856
zweiter	0.01844
zieht	0.01838
zestful	0.01835
zagged	0.01832
Zwickau	0.01820
zuvor	0.01803
Zoll	0.01784
Zaccheus	0.01766
Zahar	0.01763
Zingiber	0.01747
Zigmond	0.01720
Zounds	0.01715
Zacharia	0.01715
Zapatero	0.01708
Zeidner	0.01698
Zemel	0.01691
Zadie	0.01684
Zeitz	0.01648
Zhirinovsky	0.01638
Zante	0.01606
Zaretsky	0.01594
Zeugnis	0.01584
ZQ	0.01584
zis	0.01579
zloty	0.01577
Zaza	0.01567
ZDF	0.01541
zth	0.01537
zerosum	0.01536
Zerubavel	0.01531
Zaldivar	0.01522
ZW	0.01493
zuriick	0.01490
zal	0.01488
Ziska	0.01472
zations	0.01471
zonked	0.01471
Zoetrope	0.01461
Zalmay	0.01433
Zentralblatt	0.01406
zonas	0.01402
Zawadzki	0.01374
zaps	0.01365
ZDNet	0.01363
ziemlich	0.01358
Zarephath	0.01356
Z.M.	0.01353
Zivilisation	0.01351
Zeitschr	0.01343
Ziyad	0.01338
Zoologica	0.01324
Zentralbl	0.01324
Zairian	0.01320
zens	0.01318
Zoë	0.01313
Zanoni	0.01275
Zerbst	0.01232
zymogen	0.01214
zoonoses	0.01213
zer	0.01167
Zuleika	0.01138
Zilberman	0.01136
Z.J.	0.01135
zugrunde	0.01103
Zhongyang	0.01098
Zapruder	0.01078
Zecca	0.01067
zigged	0.01062
Zuboff	0.01061
Zeichnungen	0.01059
Zeitpunkt	0.01055
zahlreichen	0.01049
Zeid	0.01010
Zeugnisse	0.009892
ζ	0.009834
Zalta	0.009773
Zima	0.009697
ziprasidone	0.009488
Zukor	0.009457
Zeitgenossen	0.009423
Zulfiqar	0.009113
Zucchi	0.008815
Zammit	0.008786
Z.H.	0.008721
Zeeuw	0.008572
Zouch	0.008503
Z.S.	0.008471
Ziba	0.008463
zygoma	0.008395
Zill	0.008370
Zupan	0.008361
Zuk	0.008312
Zwingle	0.008209
Zufall	0.008175
Zinnia	0.008041
Zetland	0.007996
Zadig	0.007969
Žižek	0.007901
zeigte	0.007785
zemindars	0.007751
Zembla	0.007614
Zustimmung	0.007565
Zaehner	0.007544
Zyban	0.007439
Zentral	0.007360
zij	0.007221
Zam	0.007185
Zairean	0.006934
Zaitsev	0.006875
Zagat	0.006819
Zab	0.006772
Zurek	0.006375
Zins	0.006005
ziplock	0.005838
Zeitschrifi	0.005740
Zung	0.005695
Zophar	0.005690
Zwecke	0.005636
Zohra	0.005625
Zeynep	0.005580
ziti	0.005527
Zhuo	0.005435
zoophytes	0.005349
zydeco	0.005113
Zettel	0.005042
Zahara	0.005019
Ziller	0.005019
zefa	0.004999
zoonosis	0.004945
zookeepers	0.004810
Zapotecs	0.004766
Zaremba	0.004687
Zuyder	0.004644
Zeitraum	0.004507
Zenas	0.004487
Zygon	0.004447
Zouche	0.004422
Zeger	0.004343
Zeh	0.004279
zapper	0.004189
zymotic	0.004184
Zillman	0.004169
Zanichelli	0.004114
Zwang	0.004094
Zubair	0.004023
Z.Y.	0.003949
Zunis	0.003895
zii	0.003877
Zephyrus	0.003818
Ziirich	0.003807
Zagorin	0.003773
Zidane	0.003679
zog	0.003607
zay	0.003580
zingers	0.003558
Zulueta	0.003544
Zenner	0.003540
Zusammensetzung	0.003446
Zürcher	0.003280
Zilpah	0.003214
zebu	0.003210
Zinnemann	0.003068
zemindar	0.002997
Zoan	0.002961
Zoonomia	0.002822
Zwinglian	0.002810
Zoilus	0.002761
zahlreiche	0.002725
Zelle	0.002656
Zlotnik	0.002530
Z7	0.002503
Zirkel	0.002494
Zittel	0.002472
Zemeckis	0.002471
Zurita	0.002451
Zuinglius	0.002381
zoophyte	0.002362
ziii	0.002299
zigs	0.002249
Zijlstra	0.002245
Zabala	0.002115
Zoologique	0.002096
Zinman	0.002078
zv	0.002045
Zelter	0.002016
zeale	0.002004
zonder	0.001996
Zukowski	0.001861
Zidon	0.001845
zooo	0.001773
Zvezda	0.001769
zactly	0.001704
Zare	0.001699
Zendavesta	0.001692
zey	0.001690
Zauber	0.001647
zontal	0.001564
Z.L.	0.001526
z6	0.001417
zoogeography	0.001390
Zovirax	0.001349
zem	0.001344
znd	0.001342
Zsolt	0.001293
zoologically	0.001237
Zeugen	0.001098
Zoetermeer	0.001087
zaniness	0.001051
zwanzig	0.0009071
zele	0.0006438
Zeitschriftfur	0.0006384
zvii	0.0006294
zviii	0.0006041
zix	0.0005555
