know	250.9
known	108.8
knowledge	101.4
knew	90.14
kind	86.38
keep	84.12
king	73.66
key	66.74
kept	46.27
K.	34.70
k	32.04
knows	26.78
killed	26.64
knowing	23.64
kinds	23.62
kingdom	23.00
keeping	22.44
kids	20.08
kill	19.01
kitchen	18.80
Korea	11.86
killing	10.63
kings	9.724
km	9.316
Kennedy	9.232
knees	9.073
Kong	8.846
kid	8.688
kiss	8.613
keeps	8.431
knife	8.387
keys	8.348
Korean	8.188
knee	8.187
kg	8.180
Kim	6.534
Kate	6.488
Kant	6.479
kissed	6.390
knight	6.275
Kelly	5.946
Karl	5.880
Kansas	5.702
keen	5.427
kidney	5.023
kindness	5.019
Kentucky	4.844
knocked	4.717
Khan	4.623
Karen	4.535
Kevin	4.467
kit	4.372
kindly	4.324
Ken	4.321
knock	4.320
killer	4.208
Kenneth	4.084
kick	4.049
Kent	3.976
Keith	3.918
keyboard	3.645
kicked	3.536
Kenya	3.428
knights	3.414
kin	3.410
kinship	3.246
kinetic	3.232
Klein	3.143
kernel	3.093
kinase	2.705
knot	2.692
Katherine	2.630
ka	2.560
kilometers	2.555
kissing	2.486
Kay	2.449
keywords	2.408
Kashmir	2.349
Kaplan	2.322
kingdoms	2.262
Katie	2.253
knowledgeable	2.218
keeper	2.214
Kosovo	2.202
kills	2.172
knocking	2.158
Kathleen	2.132
Kirk	2.111
kinetics	2.075
knots	2.039
kicking	2.009
kisses	1.987
keyword	1.971
knelt	1.954
Krishna	1.943
knives	1.937
Kaiser	1.914
kidneys	1.905
Katz	1.874
Knox	1.863
Kurt	1.841
Kluwer	1.835
kb	1.762
Kathy	1.761
Kuwait	1.758
Kitty	1.738
kindergarten	1.721
Keller	1.702
karma	1.691
Kyoto	1.678
Kerry	1.663
Keynes	1.641
kilometres	1.630
kneeling	1.598
Kane	1.594
knit	1.574
Kyle	1.560
Kingston	1.525
Knopf	1.483
Kumar	1.482
ki	1.458
kidding	1.394
ku	1.381
Koch	1.377
Kai	1.376
Kramer	1.359
Kenny	1.346
kettle	1.302
Kelley	1.295
kindred	1.289
knowingly	1.288
killers	1.287
Kuhn	1.275
Kerr	1.273
keenly	1.259
Kaufman	1.248
Koreans	1.228
ke	1.219
Kissinger	1.203
ko	1.199
Kahn	1.193
killings	1.181
Klaus	1.174
KS	1.168
Kendall	1.168
Kierkegaard	1.168
Kerala	1.158
Kegan	1.128
kHz	1.104
Koran	1.086
Kantian	1.077
keepers	1.076
Kathryn	1.073
knob	1.065
kidnapping	1.033
Khrushchev	1.031
Klan	1.012
knitting	1.007
kidnapped	1.001
kitchens	0.9877
Kurdish	0.9836
kingship	0.9810
kits	0.9722
Kazakhstan	0.9716
Kirby	0.9708
Keats	0.9503
kW	0.8889
kicks	0.8840
Katrina	0.8812
Kemp	0.8777
kitten	0.8625
KJ	0.8532
knuckles	0.8518
Kabul	0.8472
kite	0.8459
Kafka	0.8340
Kingsley	0.8301
Khmer	0.8259
Kensington	0.8108
kneel	0.7982
Keynesian	0.7940
Kaufmann	0.7929
Kara	0.7845
Katharine	0.7839
KY	0.7754
Kurds	0.7717
KL	0.7670
Kuala	0.7648
kinder	0.7609
Kellogg	0.7386
Kodak	0.7356
kerosene	0.7349
Kali	0.7292
Kepler	0.7278
keel	0.7180
Kunst	0.7089
Kessler	0.7084
kann	0.7026
kDa	0.6994
knotted	0.6974
KGB	0.6954
Kipling	0.6938
kernels	0.6924
kindled	0.6895
kinda	0.6862
Kang	0.6850
keV	0.6837
kilograms	0.6833
Kremlin	0.6828
Karachi	0.6824
Kraft	0.6817
kiln	0.6791
kosher	0.6740
Karnataka	0.6676
kV	0.6649
knocks	0.6498
kinases	0.6429
knockout	0.6419
kung	0.6383
KD	0.6371
kappa	0.6349
Knoxville	0.6335
Katy	0.6260
Kern	0.6254
Kristeva	0.6220
kan	0.6201
Kiev	0.6189
km2	0.6173
Keating	0.6107
Kelvin	0.6006
kinematic	0.6001
kN	0.5973
KR	0.5960
keynote	0.5959
kittens	0.5836
khaki	0.5732
Knowles	0.5729
Kaye	0.5663
knack	0.5657
keyed	0.5612
kilometer	0.5550
keystone	0.5504
Konrad	0.5483
kbps	0.5479
Kimberly	0.5474
Kat	0.5398
knoll	0.5367
kt	0.5346
Kidd	0.5336
Kirkpatrick	0.5308
Kohl	0.5284
Kohler	0.5264
Kruger	0.5218
Kenyon	0.5196
Khomeini	0.5194
kinsman	0.5190
Kraus	0.5189
kPa	0.5185
kangaroo	0.5149
kilogram	0.5139
knitted	0.5124
Kristin	0.5098
Kimball	0.5085
kcal	0.5064
KC	0.5048
Knapp	0.5043
Klux	0.5032
Kris	0.4974
Kenyan	0.4962
Kurtz	0.4946
Kincaid	0.4790
Kathmandu	0.4776
Krause	0.4758
kindling	0.4740
Khartoum	0.4739
Kohn	0.4728
kinsmen	0.4679
Kline	0.4670
Kearney	0.4649
Koh	0.4467
kennel	0.4452
KP	0.4441
Karin	0.4433
Kato	0.4374
kinematics	0.4372
Krueger	0.4363
Kinsey	0.4362
knowledges	0.4351
Kabbalah	0.4347
Kazan	0.4330
Kitchener	0.4325
KH	0.4323
keyboards	0.4312
Kano	0.4275
Kelsey	0.4202
Kerouac	0.4187
KMT	0.4175
Kagan	0.4165
Kobayashi	0.4142
Kip	0.4116
Kew	0.4112
KJV	0.4096
K.A.	0.4030
Keane	0.3949
Kristen	0.3948
Ky.	0.3945
Kalman	0.3944
Keene	0.3936
Kobe	0.3863
karate	0.3853
knobs	0.3832
Krsna	0.3822
kibbutz	0.3808
Khalid	0.3797
Kama	0.3789
Krebs	0.3778
knowable	0.3777
Kohlberg	0.3759
knuckle	0.3725
Kippur	0.3707
Kuo	0.3690
K.M.	0.3670
Karim	0.3669
Kultur	0.3667
Kiel	0.3644
kilometre	0.3624
Kashmiri	0.3603
Kyrgyzstan	0.3600
Kemal	0.3594
kayak	0.3590
knower	0.3553
karmic	0.3533
kami	0.3520
Kolb	0.3516
Krugman	0.3511
K.J.	0.3485
Kimberley	0.3482
kindle	0.3481
Kgs	0.3479
Keenan	0.3467
kingly	0.3458
Kendra	0.3450
kidnap	0.3445
Kari	0.3422
kiosk	0.3406
k2	0.3377
kale	0.3376
Kofi	0.3366
Kirsten	0.3346
Keyes	0.3339
Kurdistan	0.3335
knighthood	0.3324
Koenig	0.3316
Kimura	0.3310
kelp	0.3301
knapsack	0.3283
K.S.	0.3276
ketchup	0.3270
Kerberos	0.3247
Kauffman	0.3242
keying	0.3240
kinesthetic	0.3238
kilns	0.3216
Krauss	0.3211
KK	0.3196
ketone	0.3195
Kirkland	0.3163
Kennan	0.3155
Knesset	0.3141
Kuan	0.3128
kaleidoscope	0.3120
Krieger	0.3115
Krakow	0.3097
kites	0.3084
Kamal	0.3082
Kao	0.3057
Kubrick	0.3055
kindest	0.3034
keener	0.3029
Kolkata	0.3008
K.C.	0.3006
Kirche	0.2989
Keegan	0.2951
Kahneman	0.2941
kilo	0.2940
Kilpatrick	0.2939
keine	0.2935
kms	0.2902
Kala	0.2885
Karlsruhe	0.2881
Kan.	0.2879
ketones	0.2875
Karp	0.2868
Kee	0.2855
Kean	0.2853
Kavanagh	0.2842
kam	0.2828
knave	0.2824
K.R.	0.2819
Kyrgyz	0.2801
Karel	0.2800
Kripke	0.2799
Koehler	0.2795
Kendrick	0.2793
karst	0.2791
keg	0.2790
Kampala	0.2786
Kayla	0.2777
Kabir	0.2776
K.L.	0.2767
Kinney	0.2763
Kalamazoo	0.2759
kar	0.2754
keyhole	0.2754
Karla	0.2748
Keohane	0.2729
Kemble	0.2722
Kenney	0.2722
Khalil	0.2702
Klee	0.2700
Kwame	0.2675
kitsch	0.2674
knowest	0.2665
Kawasaki	0.2661
Kwan	0.2630
kneading	0.2606
knoweth	0.2597
Kimmel	0.2586
Kogan	0.2573
Ker	0.2558
kiosks	0.2555
Kira	0.2551
ketamine	0.2550
kun	0.2550
kola	0.2543
Kuwaiti	0.2543
können	0.2542
Kazakh	0.2533
Kassel	0.2512
Keck	0.2509
keratinocytes	0.2499
K.E.	0.2490
Kildare	0.2483
Kellner	0.2473
Kaposi	0.2467
kimono	0.2449
Kampf	0.2447
kettles	0.2441
Kiowa	0.2434
Kemper	0.2431
kilos	0.2427
Kondo	0.2421
Kirkwood	0.2407
Keogh	0.2406
keratin	0.2403
kWh	0.2403
KF	0.2393
Kok	0.2393
knightly	0.2381
kink	0.2368
Konstantin	0.2364
kneeled	0.2364
Kandinsky	0.2361
kneels	0.2357
Knudsen	0.2355
Kieran	0.2353
knighted	0.2350
Keeler	0.2337
Kushner	0.2335
kava	0.2329
Kandahar	0.2316
Kyushu	0.2297
Kalimantan	0.2295
Kritik	0.2292
knell	0.2290
Kia	0.2284
Kikuyu	0.2274
Konig	0.2265
kidnappers	0.2264
Kroll	0.2263
keypad	0.2237
knead	0.2231
Krieg	0.2219
Keaton	0.2216
Kershaw	0.2213
Kovacs	0.2210
Kleinman	0.2209
Kilkenny	0.2197
keenest	0.2197
Kiki	0.2180
knowed	0.2176
Kress	0.2176
Kalahari	0.2163
Kenyatta	0.2162
Kearns	0.2159
kinks	0.2157
Kitab	0.2151
Koizumi	0.2142
kleine	0.2127
K.D.	0.2125
Kwon	0.2119
Kohut	0.2119
Kitts	0.2115
kiwi	0.2102
Kraemer	0.2099
Katya	0.2098
K.H.	0.2094
Kuomintang	0.2084
Knott	0.2083
Krupp	0.2076
Kempe	0.2072
Kannada	0.2070
Kanter	0.2066
Kenton	0.2053
Kelso	0.2052
Kowalski	0.2047
kabbalistic	0.2041
kicker	0.2034
kangaroos	0.2031
Kandel	0.2024
Kymlicka	0.2016
Kirchner	0.2013
karaoke	0.2006
Kennedys	0.2004
Kmart	0.1995
kilowatt	0.1993
Korn	0.1989
kundalini	0.1983
kerchief	0.1979
ketoacidosis	0.1968
Koln	0.1966
kayaking	0.1956
kein	0.1953
Kirsch	0.1947
kon	0.1945
Kasper	0.1939
keratitis	0.1936
Kylie	0.1927
Kargil	0.1910
Keil	0.1905
Kidder	0.1902
Koo	0.1901
Klamath	0.1900
kata	0.1900
Kroeber	0.1897
Kurz	0.1889
Khalsa	0.1888
Kolmogorov	0.1880
kg/m3	0.1879
Kearny	0.1878
Kantor	0.1874
kabuki	0.1872
Kirchhoff	0.1861
kyphosis	0.1856
Konigsberg	0.1848
Kinshasa	0.1841
Kenji	0.1839
Kendal	0.1831
Kleist	0.1829
K.B.	0.1826
kinky	0.1825
keystrokes	0.1824
kingfisher	0.1823
KwaZulu	0.1816
Kaldor	0.1812
Kino	0.1811
keenness	0.1810
Kettering	0.1809
knotty	0.1806
Knossos	0.1803
K.K.	0.1803
Kiefer	0.1795
Kingsbury	0.1792
K.G.	0.1783
Karol	0.1779
Kristina	0.1771
Kamil	0.1764
kurtosis	0.1746
Kamakura	0.1739
Kota	0.1723
Klerk	0.1718
Katerina	0.1717
Kush	0.1714
Krasner	0.1706
Kol	0.1705
KPMG	0.1702
Khalifa	0.1701
Kaya	0.1701
knickers	0.1692
Krishnan	0.1686
Kal	0.1685
Kass	0.1670
Kapoor	0.1660
Kooning	0.1658
kilt	0.1658
Kremer	0.1655
Kaul	0.1646
Karlsson	0.1646
Keefe	0.1645
Kiernan	0.1644
karyotype	0.1642
Kristine	0.1640
Koestler	0.1636
Kinsella	0.1633
Kool	0.1633
Krista	0.1631
Kamala	0.1630
Kilimanjaro	0.1629
Klondike	0.1629
Katharina	0.1628
Karger	0.1627
k1	0.1623
Kongo	0.1620
Kuiper	0.1620
kneaded	0.1608
Kaduna	0.1605
Kapur	0.1594
Karnak	0.1593
Kentish	0.1592
Knowlton	0.1586
Khaled	0.1586
K.P.	0.1583
Kelleher	0.1582
kaolin	0.1582
Kircher	0.1580
Kalam	0.1580
kamikaze	0.1579
kindliness	0.1577
Kleiner	0.1575
kennels	0.1575
K.W.	0.1572
Kotler	0.1571
Kling	0.1570
Kel	0.1559
keyframe	0.1550
Kermit	0.1546
Kaur	0.1544
Knightley	0.1543
Knickerbocker	0.1534
Kruse	0.1534
Killian	0.1528
Kraut	0.1525
Keppel	0.1513
Kleenex	0.1513
kiva	0.1506
Kyi	0.1504
kindergartens	0.1503
ketoconazole	0.1501
Kelman	0.1500
Khatami	0.1494
keystroke	0.1494
Kona	0.1492
Kanpur	0.1492
knaves	0.1476
KDE	0.1469
Kelsen	0.1468
Kowloon	0.1464
Keir	0.1463
Kahlo	0.1462
Kracauer	0.1459
Koster	0.1452
Kurosawa	0.1449
Kerrigan	0.1447
Kennett	0.1445
Kita	0.1444
Kamchatka	0.1441
kegs	0.1439
Kappan	0.1438
Keely	0.1435
Kopp	0.1432
kayaks	0.1432
Knut	0.1425
KLA	0.1424
kickbacks	0.1422
Kaspar	0.1421
Kropotkin	0.1419
Kuznets	0.1417
Khanna	0.1414
Kell	0.1412
Kigali	0.1408
Kaliningrad	0.1407
Kees	0.1400
konnte	0.1398
kidnappings	0.1396
Kenner	0.1392
Kroger	0.1389
Krug	0.1389
Keeley	0.1386
KKK	0.1386
keiretsu	0.1385
Klebsiella	0.1382
Kath	0.1381
kanji	0.1380
Kluge	0.1374
knocker	0.1374
Kirschner	0.1372
Keyser	0.1371
Kimble	0.1370
Kunz	0.1369
Kingdon	0.1369
Kamehameha	0.1367
kidnapper	0.1367
Kauai	0.1366
Kermode	0.1365
kiddie	0.1364
kaleidoscopic	0.1355
Kossuth	0.1351
Karan	0.1351
Kodiak	0.1349
Kruskal	0.1348
kth	0.1344
kestrel	0.1343
Kristi	0.1342
Kristol	0.1341
kindnesses	0.1340
kudos	0.1340
Kook	0.1339
Khaldun	0.1332
keyframes	0.1328
Kozlowski	0.1321
Kandy	0.1320
Kirsty	0.1317
Krantz	0.1307
Karamazov	0.1307
kraal	0.1305
Kikuchi	0.1301
Katzenstein	0.1301
Kursk	0.1296
Kabila	0.1296
Kaddish	0.1296
Koreas	0.1294
krill	0.1286
kommt	0.1281
Kamp	0.1280
Karr	0.1277
Kawai	0.1271
Kula	0.1271
kaolinite	0.1267
Ketchum	0.1265
Kamen	0.1262
Kessel	0.1262
Keeling	0.1259
Kirov	0.1258
Kampuchea	0.1256
Kalb	0.1255
Kapp	0.1255
Kunming	0.1253
Kazdin	0.1252
kaizen	0.1252
kickoff	0.1248
ket	0.1247
Klinger	0.1246
Knorr	0.1238
Krishnamurti	0.1235
Karbala	0.1233
Koko	0.1231
kairos	0.1228
Kampen	0.1225
Keizai	0.1225
Kessinger	0.1224
Kshatriya	0.1219
ketch	0.1211
Kundera	0.1210
Kohli	0.1210
Keele	0.1210
Kells	0.1209
Kuroda	0.1208
khadi	0.1201
Karsten	0.1201
kenkyu	0.1200
Kumasi	0.1199
Kehoe	0.1195
Kilgore	0.1195
Kaneko	0.1193
Karzai	0.1191
Kiribati	0.1190
Keble	0.1190
Krafft	0.1190
Kor	0.1189
kom	0.1189
Kuhl	0.1188
khakis	0.1187
Karabakh	0.1187
Kothari	0.1186
Kos	0.1185
Kwok	0.1185
Kazuo	0.1185
K.N.	0.1185
Kautilya	0.1183
Kerner	0.1183
Kish	0.1178
kneed	0.1178
kaffir	0.1178
Keisha	0.1177
kith	0.1174
kitchenette	0.1173
Kolk	0.1172
Kahane	0.1170
Kautsky	0.1170
Kevlar	0.1162
Keswick	0.1159
Kenyans	0.1158
Koller	0.1155
Kazakhs	0.1154
Kumari	0.1154
Kadar	0.1154
KCl	0.1153
Kingman	0.1152
koi	0.1148
Kojima	0.1148
Katha	0.1145
Khe	0.1145
Kock	0.1141
KPD	0.1140
kana	0.1138
Kunkel	0.1135
Keitel	0.1128
Klara	0.1127
Kodansha	0.1126
Kenrick	0.1125
keepsake	0.1124
KLM	0.1121
Kharkov	0.1117
Kubler	0.1116
Kotter	0.1115
Kuper	0.1113
Keiko	0.1111
Kwong	0.1111
Kitt	0.1106
kosmos	0.1106
Kerensky	0.1104
Kyiv	0.1103
Katanga	0.1101
Koss	0.1099
khans	0.1099
Kindersley	0.1094
Kimber	0.1094
Koranic	0.1093
kritische	0.1092
Kaunda	0.1092
Kommentar	0.1090
kinesiology	0.1089
kg/m2	0.1086
knotting	0.1079
Kuru	0.1079
keto	0.1079
Kenilworth	0.1077
Kaminsky	0.1076
Kulkarni	0.1073
Kaminski	0.1071
Kenan	0.1069
kilter	0.1068
Kalidasa	0.1065
Kallen	0.1064
Keynesianism	0.1061
Khoury	0.1060
Kellie	0.1056
Khayyam	0.1055
Khedive	0.1055
koinonia	0.1053
Kanawha	0.1052
Kosova	0.1050
koto	0.1041
Kraepelin	0.1037
Kugler	0.1036
kwa	0.1035
Kolbe	0.1034
Kathie	0.1033
Kamel	0.1031
Kubota	0.1031
Kwang	0.1031
Klemperer	0.1030
Kennard	0.1028
Keri	0.1026
Karenina	0.1026
Korner	0.1023
Kellerman	0.1022
kine	0.1021
Kono	0.1019
Kosovar	0.1019
Kalinga	0.1018
Kronos	0.1017
Kiley	0.1016
keening	0.1016
Kastner	0.1013
Kashmiris	0.1011
kinsfolk	0.1009
Knicks	0.1009
Kirtland	0.1006
Kashi	0.1004
Keynesians	0.1001
Kiswahili	0.09984
Kelli	0.09981
K.T.	0.09969
Kiowas	0.09954
Khwaja	0.09951
konnen	0.09941
koala	0.09933
Kirkham	0.09914
Kazantzakis	0.09908
Koppel	0.09908
Komsomol	0.09899
Kahler	0.09835
Kendler	0.09814
Kristensen	0.09813
kommen	0.09807
krypton	0.09796
Kain	0.09796
Killarney	0.09789
Keeton	0.09751
kerb	0.09751
Korda	0.09743
Kelantan	0.09694
kha	0.09681
Kiesler	0.09676
kak	0.09658
Kristy	0.09645
Kreis	0.09645
Komi	0.09639
Kans	0.09634
Karoo	0.09615
KFC	0.09611
Krystal	0.09606
Koerner	0.09591
Karina	0.09549
Karelia	0.09529
Kishore	0.09487
Kates	0.09479
Katzenbach	0.09473
Kutch	0.09467
Kirke	0.09463
Kareem	0.09431
Koninklijke	0.09425
Karadzic	0.09423
Kublai	0.09404
keeled	0.09382
Kirwan	0.09365
Klingon	0.09360
Khyber	0.09359
Keren	0.09342
Kefauver	0.09331
Kuznetsov	0.09329
Koop	0.09308
Kuang	0.09294
Kiran	0.09281
Kurland	0.09277
Krzysztof	0.09272
Knuth	0.09266
K.F.	0.09261
Kopf	0.09254
Klin	0.09250
kx	0.09235
Kuh	0.09234
Koopman	0.09229
Kilmer	0.09216
Klansmen	0.09207
kilobytes	0.09200
Kanner	0.09195
Koresh	0.09194
Kei	0.09171
Klassen	0.09171
Kinnock	0.09160
Kunsthalle	0.09155
Kot	0.09151
Kanda	0.09131
Kazin	0.09130
Keeney	0.09109
Kum	0.09109
knits	0.09074
knapsacks	0.09071
Koester	0.09066
kah	0.09053
Kitzinger	0.09049
KC1	0.08987
Kore	0.08979
Kyra	0.08976
k0	0.08972
Krogh	0.08966
Kinoshita	0.08961
Klimt	0.08959
Kevorkian	0.08958
Kanagawa	0.08936
Kayser	0.08931
Kersten	0.08927
Kawakami	0.08916
Krohn	0.08909
Kael	0.08898
Kazimierz	0.08875
knowers	0.08875
Kawamura	0.08851
Kovac	0.08824
koan	0.08819
Kuyper	0.08813
Kahan	0.08811
Kesey	0.08808
Kernberg	0.08802
Kittel	0.08795
Kea	0.08785
Kurd	0.08782
K3	0.08777
Katia	0.08776
Kyung	0.08766
Kesselring	0.08759
Koblenz	0.08754
kiri	0.08739
Kitayama	0.08737
Kupfer	0.08733
Krashen	0.08723
Knutson	0.08702
kilowatts	0.08694
Kapila	0.08692
Kittredge	0.08653
Komatsu	0.08633
Keefer	0.08628
Kernan	0.08621
Kubo	0.08608
K1A0N4	0.08594
Kitson	0.08588
Kozol	0.08584
Koren	0.08581
Klinefelter	0.08568
Kerber	0.08565
kiddo	0.08558
Kulik	0.08550
Kohonen	0.08536
Katsina	0.08530
Kirkby	0.08524
Kempis	0.08505
Koolhaas	0.08491
Kristallnacht	0.08483
Korsakoff	0.08468
Kitano	0.08444
Kapital	0.08428
Klotz	0.08413
kneecap	0.08389
Kitamura	0.08382
Kauffmann	0.08375
Kadesh	0.08372
Kodama	0.08350
Kutta	0.08349
Kawaguchi	0.08341
Kentuckians	0.08338
Karman	0.08337
Kshatriyas	0.08320
knockdown	0.08299
Katarina	0.08283
Kennebec	0.08280
Kantianism	0.08274
Kinsley	0.08263
Koyama	0.08254
kaum	0.08247
Kismet	0.08246
Killen	0.08243
Korps	0.08241
Kedar	0.08238
Kramers	0.08235
Kindleberger	0.08183
Kyd	0.08180
K.V.	0.08165
knobby	0.08163
Kyrie	0.08161
Kommission	0.08155
Kohen	0.08154
Kilda	0.08153
Kasai	0.08123
Khun	0.08122
Kuntz	0.08105
Kronecker	0.08091
Khilafat	0.08076
knickknacks	0.08073
Kham	0.08071
Kotzebue	0.08065
Kunda	0.08055
Klasse	0.08046
knifed	0.08036
Kaunas	0.08036
Koga	0.08032
kidded	0.08027
Koopmans	0.08024
Kontext	0.08012
Karo	0.08006
Kleinian	0.07989
Kader	0.07985
Kitcher	0.07972
Kishi	0.07952
kickback	0.07944
Keeble	0.07938
Klug	0.07935
Kitagawa	0.07934
Kilian	0.07920
Kedah	0.07912
klar	0.07910
Kirkuk	0.07909
kingdome	0.07903
Kluckhohn	0.07902
Kurtzman	0.07902
kiddies	0.07901
Kurukshetra	0.07893
Karlin	0.07876
Kahana	0.07875
Korah	0.07861
Kocher	0.07860
Kerman	0.07846
Knudson	0.07820
kulaks	0.07811
Kansai	0.07808
kindles	0.07790
Knightsbridge	0.07789
Kanto	0.07789
KPIs	0.07784
Kempton	0.07766
Katzman	0.07744
Kozak	0.07723
Kluger	0.07720
Knud	0.07716
Kipp	0.07711
Kailash	0.07707
Kuno	0.07696
Krell	0.07673
Kerri	0.07654
Kanazawa	0.07644
knuckled	0.07632
Katayama	0.07630
Kriiger	0.07625
Kirkus	0.07621
Kranz	0.07601
Kashgar	0.07596
keratosis	0.07577
Klett	0.07576
Kenelm	0.07574
kindreds	0.07560
Konstanz	0.07549
knowhow	0.07541
Kaaba	0.07538
Kleber	0.07529
Kiyoshi	0.07527
Kincheloe	0.07506
könnte	0.07500
Kilroy	0.07495
Kristian	0.07472
Kazi	0.07464
Kronstadt	0.07463
Kogut	0.07456
kinked	0.07456
Kurzweil	0.07444
Korten	0.07442
Kosygin	0.07439
Kangra	0.07439
kalpa	0.07438
Kilburn	0.07436
kanamycin	0.07432
kerygma	0.07424
kas	0.07423
Kenai	0.07415
keinen	0.07410
Koontz	0.07406
Kommunikation	0.07405
Kwakiutl	0.07404
Kati	0.07402
Kinko	0.07370
Kirch	0.07357
Klass	0.07346
Kester	0.07345
kyo	0.07325
Kinsale	0.07324
Kerns	0.07315
Kalashnikov	0.07291
Kittler	0.07288
Kwanzaa	0.07288
Kofman	0.07284
Kirkman	0.07263
kinetically	0.07261
Kir	0.07258
kasha	0.07252
Karsh	0.07224
Kilby	0.07221
Korsakov	0.07212
Kilauea	0.07211
kroner	0.07209
Karoly	0.07204
kindhearted	0.07198
KFOR	0.07196
Kautz	0.07174
Kwai	0.07166
keratinocyte	0.07160
Krajina	0.07157
Kuipers	0.07157
Kalyani	0.07153
Kawashima	0.07149
Khurasan	0.07133
kindergartners	0.07124
Keim	0.07118
Keng	0.07117
Koons	0.07105
Kavanaugh	0.07104
Kupffer	0.07085
Kufa	0.07078
Kirstein	0.07076
kiddush	0.07075
Konya	0.07073
Krishnamurthy	0.07065
Kuttner	0.07052
Krapp	0.07043
Keesing	0.07036
Kummer	0.07029
KPI	0.07029
Koryo	0.07018
Klausner	0.07017
Kojeve	0.07006
Konishi	0.06999
kibbutzim	0.06994
Kolko	0.06989
Kreps	0.06965
Kwangju	0.06965
Kertesz	0.06961
Koufax	0.06957
kinswoman	0.06957
Kapitel	0.06949
ketosis	0.06948
Kuna	0.06937
Knecht	0.06933
Khoo	0.06932
Keio	0.06907
kudzu	0.06906
Karam	0.06900
Kumamoto	0.06899
Koji	0.06899
Kenwood	0.06896
Kathi	0.06895
kinaesthetic	0.06878
kebabs	0.06874
Katrin	0.06869
keels	0.06865
Katja	0.06863
Khasi	0.06853
Kemeny	0.06842
Kurth	0.06834
Kalyan	0.06822
Koike	0.06807
Kenworthy	0.06806
Kamm	0.06800
Kaskaskia	0.06799
Keita	0.06787
Kammen	0.06786
Kangas	0.06778
Kochi	0.06775
Kroc	0.06769
kis	0.06765
Kars	0.06758
Khufu	0.06751
Köln	0.06746
Kristof	0.06727
Kotz	0.06723
Kirton	0.06718
Kaczynski	0.06717
Kosinski	0.06706
KDP	0.06695
Kintsch	0.06673
Kipnis	0.06669
Karnac	0.06668
Koza	0.06662
Kisan	0.06658
Krull	0.06656
Kingsford	0.06649
Krone	0.06637
Kiely	0.06636
Knighton	0.06631
keepsakes	0.06625
Kosovars	0.06617
Khoisan	0.06610
Kabbalists	0.06605
Kegel	0.06599
knockouts	0.06598
Krispy	0.06594
Kanaka	0.06589
Keokuk	0.06586
Kosslyn	0.06564
Kidman	0.06562
Kasim	0.06562
Kosofsky	0.06534
koine	0.06533
kilts	0.06520
Karloff	0.06509
Kenosha	0.06509
Karimov	0.06501
Kanai	0.06490
Kumaon	0.06486
Kentuckian	0.06482
kafir	0.06481
Kohlhammer	0.06469
Ketu	0.06461
Kivu	0.06455
Kut	0.06452
Kickapoo	0.06441
Khosla	0.06431
Kaoru	0.06430
Kido	0.06421
keepin	0.06400
Khadija	0.06399
knick	0.06396
Khoi	0.06391
Kerwin	0.06391
KDD	0.06380
Kreutzer	0.06374
Klostermann	0.06353
Klima	0.06349
Kunti	0.06345
Kissimmee	0.06336
Korte	0.06333
Kalevala	0.06311
Kames	0.06306
Kelton	0.06298
Klaas	0.06297
kinfolk	0.06287
Krylov	0.06286
Kennet	0.06265
Kawabata	0.06254
Khorasan	0.06250
Kiing	0.06250
Kravitz	0.06237
Kunstler	0.06221
Krauthammer	0.06219
Keough	0.06218
kinking	0.06211
Kashyap	0.06189
Kochan	0.06185
Koichi	0.06176
Kagoshima	0.06171
Ketcham	0.06170
Kieffer	0.06169
Karyn	0.06168
Kristeller	0.06162
Kerby	0.06158
kph	0.06157
Kerstin	0.06148
Khattab	0.06140
Kantorowicz	0.06129
Kolodny	0.06115
Kunze	0.06114
Kingsolver	0.06089
Klemm	0.06087
Kenna	0.06078
killin	0.06072
Kadir	0.06064
Khiva	0.06058
Keddie	0.06052
knowl	0.06049
Killeen	0.06034
Kozlov	0.06029
Kennelly	0.06029
Klerman	0.06029
Krishan	0.06028
Kow	0.06025
knolls	0.06011
Kalu	0.05997
knowledgeably	0.05988
Kreme	0.05982
Kerk	0.05963
Kabat	0.05961
Korsgaard	0.05961
kivas	0.05950
Kubla	0.05949
Kiwanis	0.05942
Kuwaitis	0.05941
Krystyna	0.05937
Kamenev	0.05936
Kalmar	0.05907
Kiang	0.05901
Koning	0.05899
Kawachi	0.05891
Katsura	0.05882
keno	0.05868
kleinen	0.05862
Kaohsiung	0.05861
Kuhlmann	0.05849
km3	0.05837
kinematical	0.05834
Kamin	0.05832
Krupa	0.05832
Kennesaw	0.05832
kilocalories	0.05817
Kinross	0.05810
Kanishka	0.05810
Koselleck	0.05795
Katholieke	0.05795
Karthala	0.05792
Koen	0.05791
Karas	0.05784
Katalog	0.05783
keepeth	0.05775
Kudo	0.05765
Karakoram	0.05760
Krai	0.05758
König	0.05747
Kulka	0.05742
Keiser	0.05742
Kahl	0.05729
Kathe	0.05721
Kenichi	0.05715
Kail	0.05715
konnten	0.05708
Kier	0.05702
Kau	0.05693
Kamau	0.05692
K.O.	0.05691
Kumara	0.05691
Kamloops	0.05679
knacks	0.05679
Kunstmuseum	0.05675
Karuna	0.05672
Khatib	0.05672
Kosta	0.05669
Kennington	0.05667
Kleiman	0.05667
Kaffirs	0.05665
Kosciuszko	0.05644
karmas	0.05638
Katowice	0.05638
Kemalist	0.05638
Kolata	0.05636
Kachin	0.05634
kul	0.05632
Kostas	0.05630
kingpin	0.05610
K.-H.	0.05604
Kien	0.05603
Kellermann	0.05567
Kovno	0.05556
Kelling	0.05553
Kurita	0.05548
Kyoko	0.05544
KBr	0.05523
keratinized	0.05520
Kravis	0.05519
Kap	0.05492
Kraay	0.05492
Kasi	0.05480
Karnes	0.05465
Kolhapur	0.05464
Kasparov	0.05461
Katrine	0.05457
Kilmarnock	0.05453
Khor	0.05449
knavery	0.05448
Kimbrough	0.05429
Kitchin	0.05423
knowin	0.05410
Kabbah	0.05386
Kavi	0.05376
Kinloch	0.05370
Kulturbesitz	0.05366
Khalidi	0.05358
Kamo	0.05355
Kahle	0.05338
Killick	0.05331
Krasnoyarsk	0.05328
kep	0.05317
Kunio	0.05313
Kray	0.05308
Katznelson	0.05308
Klippel	0.05306
Keltner	0.05305
Katzenberg	0.05303
Klopstock	0.05294
Krise	0.05289
Kneller	0.05289
Kievan	0.05288
Kyokai	0.05286
Kulturgeschichte	0.05284
Kinkel	0.05281
Konstruktion	0.05280
Klang	0.05280
Krim	0.05273
Kloss	0.05273
Kempf	0.05272
Kou	0.05255
Kalish	0.05251
Kaja	0.05250
Kretschmer	0.05246
Kristiansen	0.05243
Kersey	0.05242
Kenmore	0.05237
Kalpana	0.05237
kenosis	0.05235
Kosten	0.05222
Kantians	0.05217
Keillor	0.05212
Kirshner	0.05206
Kalinin	0.05198
Kil	0.05192
Kangxi	0.05189
Kop	0.05184
KZ	0.05182
kerchiefs	0.05179
Kiplinger	0.05169
Kannan	0.05154
Kasey	0.05152
Kirchen	0.05125
Kalin	0.05114
Kui	0.05113
Khouri	0.05111
Klare	0.05105
Kilbourne	0.05098
kingfishers	0.05093
kebab	0.05092
keepe	0.05087
Kauravas	0.05085
Kahlil	0.05082
Kirghiz	0.05080
kisser	0.05072
Kappler	0.05071
Kreisler	0.05056
Kaushik	0.05056
Kugel	0.05054
knowingness	0.05054
KRS	0.05033
Krakatoa	0.05031
Ketchikan	0.05016
karat	0.05015
kimonos	0.05003
kinde	0.05001
KGaA	0.04995
Kaifeng	0.04988
Krakauer	0.04979
Kokoschka	0.04978
Kinnaird	0.04969
Keighley	0.04961
Keter	0.04956
Katyn	0.04945
Kappeler	0.04941
Kenzo	0.04941
Kataoka	0.04935
Kovach	0.04923
Kregel	0.04922
Kinnear	0.04921
Koon	0.04907
kitchenettes	0.04907
Ka'ba	0.04903
Kassim	0.04901
Krol	0.04900
kitchenware	0.04897
Kiado	0.04895
Kosala	0.04885
Kidwell	0.04883
Kinzie	0.04880
Kesselman	0.04874
Kornai	0.04862
Konkan	0.04859
Kirin	0.04856
Korman	0.04855
Kidron	0.04851
K4	0.04848
Khabarovsk	0.04846
knickerbockers	0.04843
Knute	0.04832
Kaka	0.04828
Kakar	0.04827
Kaas	0.04824
Kilmartin	0.04823
Kretzmann	0.04821
Kur	0.04807
Ktav	0.04806
knowe	0.04803
Kinzer	0.04802
Kingsway	0.04801
Kneale	0.04797
keyboarding	0.04793
Kingstown	0.04782
Kistler	0.04779
Kfar	0.04774
Kellett	0.04767
Kleinschmidt	0.04767
Kloster	0.04752
Klagenfurt	0.04750
Kumarian	0.04731
Kwajalein	0.04730
Kratz	0.04720
Kron	0.04703
Karolinska	0.04701
Kuban	0.04693
Kagawa	0.04693
kins	0.04690
Kapferer	0.04687
Kase	0.04662
Kym	0.04653
Kemmis	0.04647
Karras	0.04633
Kleinberg	0.04629
Karnal	0.04628
Keay	0.04615
Kuehn	0.04614
Kisumu	0.04612
Koppen	0.04610
Krane	0.04609
Kantrowitz	0.04607
Kunsthistorisches	0.04606
kiwis	0.04606
Kojo	0.04603
Kulturkampf	0.04601
Kunitz	0.04597
Kanwar	0.04592
Konzept	0.04591
Kjell	0.04582
K.I.	0.04576
Kaisha	0.04575
Khana	0.04571
Kyu	0.04562
Kuti	0.04561
Kroeger	0.04555
Kriegel	0.04550
Kitschelt	0.04545
Kootenai	0.04529
Kennewick	0.04528
Krauts	0.04525
Krabbe	0.04525
Kuhlman	0.04521
Kedourie	0.04496
Karelian	0.04487
Kem	0.04481
Kater	0.04478
Kamath	0.04478
Kadi	0.04476
Kundu	0.04476
κ	0.04475
Karlheinz	0.04471
Kreuz	0.04468
Kwak	0.04468
Kebir	0.04463
Kristie	0.04462
Kroon	0.04461
Krausz	0.04459
Kora	0.04458
Kurokawa	0.04451
Kosi	0.04443
Kuba	0.04442
Kertzer	0.04430
Kamiya	0.04427
Knopp	0.04423
Kolakowski	0.04418
Kagaku	0.04399
Krefeld	0.04397
Kenntnis	0.04396
Kankakee	0.04396
Karenga	0.04395
kulturelle	0.04394
Koob	0.04385
Keanu	0.04384
Kawamoto	0.04383
Khas	0.04382
Kurihara	0.04381
Kuczynski	0.04378
Kiser	0.04371
Kanfer	0.04368
Kevles	0.04364
Kaishek	0.04364
Kaw	0.04359
Kempen	0.04358
Khai	0.04347
Kopelman	0.04341
Korff	0.04340
Krier	0.04339
keratoses	0.04335
Kogyo	0.04330
kneecaps	0.04318
Kuhnian	0.04314
Kornberg	0.04305
Kegley	0.04304
Kasten	0.04298
Kiecolt	0.04295
karyotypes	0.04286
klassischen	0.04280
Kamla	0.04277
Karn	0.04268
Korhonen	0.04259
K20	0.04258
Kolar	0.04253
Kamba	0.04250
Kura	0.04248
Kimbell	0.04241
Kokhba	0.04239
Karolyi	0.04218
Kalle	0.04217
Kishinev	0.04217
kappaB	0.04212
Kuk	0.04207
Klose	0.04206
Keown	0.04204
Keppler	0.04199
Kazakstan	0.04189
Karplus	0.04189
Kulturen	0.04187
Khanh	0.04187
Koos	0.04181
Koya	0.04179
Kenen	0.04178
Kitching	0.04174
Kaga	0.04166
Kram	0.04159
Kashima	0.04144
Kants	0.04143
Kazak	0.04142
Kokomo	0.04124
Kunde	0.04121
Kresge	0.04118
Kaku	0.04114
Kappen	0.04110
Khajuraho	0.04103
Kilbride	0.04091
Kure	0.04084
Klaassen	0.04080
Karnow	0.04080
Korematsu	0.04079
kickers	0.04075
kayakers	0.04062
Kussmaul	0.04061
Kaveri	0.04052
Kapadia	0.04051
Kazim	0.04046
Kamuf	0.04046
Kornfeld	0.04045
kachina	0.04043
Kirkcaldy	0.04043
Kirksville	0.04041
Kootenay	0.04041
Kishimoto	0.04033
Kapitan	0.04031
kwashiorkor	0.04025
Kingsland	0.04022
Kett	0.04019
Khazars	0.04016
Kornhauser	0.04013
Krall	0.04013
Kuykendall	0.04005
knitters	0.04003
Kanta	0.04001
Khare	0.03998
keratoconjunctivitis	0.03988
Kabbala	0.03986
Kellman	0.03985
Kwei	0.03984
Kaba	0.03977
kibble	0.03976
Kokusai	0.03973
Kare	0.03972
Kropp	0.03971
Karens	0.03969
Kuril	0.03953
Kephart	0.03947
koalas	0.03945
Kishan	0.03937
Kaiserslautern	0.03931
Kenn	0.03914
Kalra	0.03911
Kingsport	0.03908
Kirschbaum	0.03907
keratinization	0.03902
Kierkegaardian	0.03897
Kottayam	0.03895
kudu	0.03892
Kannel	0.03891
Koninklijk	0.03886
Kindler	0.03871
Kirkbride	0.03871
Kingsville	0.03869
Kasson	0.03856
Karcher	0.03855
Klingemann	0.03852
Kingswood	0.03849
Kissel	0.03848
Knipe	0.03841
Kirman	0.03841
knockers	0.03833
Karon	0.03828
Kozo	0.03826
Kawano	0.03825
Komodo	0.03823
kerning	0.03823
Kadish	0.03813
Krahn	0.03813
Komar	0.03811
K5	0.03809
Kawahara	0.03808
Kast	0.03807
kulturellen	0.03802
Kihlstrom	0.03800
Kunstgeschichte	0.03799
Kreider	0.03797
Knollys	0.03792
Kort	0.03788
Kunstverein	0.03786
Kleiber	0.03781
Kiryat	0.03770
Kazuko	0.03769
Kayne	0.03766
kowtow	0.03766
Kouzes	0.03765
Khobar	0.03755
Kannon	0.03753
Khatri	0.03751
Kumagai	0.03750
Knoop	0.03749
keloid	0.03748
Kaslow	0.03747
Kobal	0.03743
Kosciusko	0.03737
Kasyapa	0.03737
Kreuger	0.03733
Klansman	0.03731
Kwesi	0.03729
Kammerer	0.03716
Kanada	0.03716
Klepper	0.03715
Kindi	0.03707
Klapper	0.03697
K12	0.03694
knitwear	0.03693
ketoglutarate	0.03686
Kull	0.03684
Khin	0.03677
Koda	0.03677
K6	0.03676
Kotkin	0.03673
Kochba	0.03672
Katona	0.03667
Khong	0.03665
Kearsley	0.03663
Kanya	0.03660
Kibler	0.03656
Kennebunkport	0.03655
Klopfer	0.03653
Klincksieck	0.03639
Koc	0.03622
Kucera	0.03621
Kafirs	0.03614
Keyserling	0.03610
Killigrew	0.03604
Khamenei	0.03604
Kruglanski	0.03579
Kwiatkowski	0.03576
Karpov	0.03576
kidnaping	0.03567
kitschy	0.03560
Kilgour	0.03559
Kopytoff	0.03554
Kafkaesque	0.03554
Kocka	0.03537
Khalili	0.03535
Knobloch	0.03533
Krajewski	0.03531
Kabyle	0.03529
Köhler	0.03513
Kamei	0.03506
Kua	0.03500
kraals	0.03499
Krieges	0.03494
kleptomania	0.03493
knifing	0.03491
Krag	0.03489
Kume	0.03486
Khanate	0.03483
Kovel	0.03480
Kariba	0.03480
Kamran	0.03477
Kennikat	0.03476
knitter	0.03466
Klink	0.03461
Konzepte	0.03461
Kallman	0.03460
Kupperman	0.03445
Kobrin	0.03444
Kanak	0.03444
Kyodo	0.03441
kidnaps	0.03439
Kusum	0.03439
Kapil	0.03437
Kaminer	0.03435
Kahin	0.03434
knowledgebased	0.03432
Klages	0.03431
Keplerian	0.03429
kilobits	0.03419
Kaji	0.03417
kindlier	0.03416
Koven	0.03385
Krehbiel	0.03383
Kra	0.03378
Kronenberg	0.03375
Kurile	0.03373
Koskinen	0.03371
kolkhoz	0.03366
Kabeer	0.03359
Knoblauch	0.03357
Kamer	0.03354
Konner	0.03353
Kitto	0.03349
Kosambi	0.03339
kipper	0.03338
Kirn	0.03337
keystones	0.03335
Kani	0.03335
Kapstein	0.03333
Konstantinos	0.03331
Kligman	0.03331
Kesler	0.03329
Kvale	0.03328
Keizer	0.03324
Kerguelen	0.03314
Kruk	0.03303
K.Y.	0.03302
Kober	0.03301
Kowalewski	0.03301
knavish	0.03298
Kanin	0.03297
Kulu	0.03297
Kuei	0.03294
Kidderminster	0.03293
Kirchengeschichte	0.03292
kes	0.03290
Kamma	0.03279
KCI	0.03268
Kuki	0.03268
Knoke	0.03260
Krech	0.03256
Kakadu	0.03255
keiner	0.03254
knobbed	0.03248
kennen	0.03247
Kristofferson	0.03242
Kost	0.03238
Klement	0.03236
Klatt	0.03234
kinematically	0.03233
Kurian	0.03224
Kwangtung	0.03218
Kimi	0.03218
Klonopin	0.03212
Knobel	0.03203
Khon	0.03203
Konno	0.03203
kilohertz	0.03198
kurta	0.03196
Koski	0.03194
Kurgan	0.03192
Kathiawar	0.03187
Kultura	0.03183
kinesin	0.03183
Klinik	0.03183
Klemens	0.03182
Kisch	0.03179
Khair	0.03172
Kulick	0.03171
Kepner	0.03169
kart	0.03167
Kunt	0.03162
Keightley	0.03143
Kunin	0.03138
Kirschenbaum	0.03134
Koval	0.03127
Kott	0.03126
Kaiserreich	0.03126
Kepel	0.03126
Karakorum	0.03123
kashrut	0.03120
kitted	0.03118
Kornblum	0.03113
Kramnick	0.03108
Kaneda	0.03105
Kushan	0.03103
knowability	0.03101
Keshav	0.03099
Kammer	0.03096
Kashani	0.03096
Kutner	0.03092
kooky	0.03092
Karlsen	0.03089
Kurata	0.03084
kapok	0.03083
Kian	0.03082
Kraków	0.03080
kinesis	0.03074
Kosaka	0.03074
Kaj	0.03068
Kanyakumari	0.03067
Korper	0.03061
Kolyma	0.03060
Kendell	0.03060
Krishnaswamy	0.03057
kurze	0.03050
kickin	0.03038
Kriege	0.03035
Kasimir	0.03030
Kasahara	0.03023
Katan	0.03022
Kingsmill	0.03013
Kelowna	0.03007
Katon	0.03006
Korb	0.03006
klutz	0.03006
koans	0.03003
Karls	0.03003
Kagame	0.02994
Kalm	0.02990
Khalaf	0.02986
Kukla	0.02983
Keiji	0.02980
Kanal	0.02971
Kislev	0.02962
kets	0.02953
Klebold	0.02953
Khurana	0.02952
Kamataka	0.02952
Karlson	0.02950
Kirchoff	0.02950
Kaser	0.02939
Kowal	0.02937
Katherina	0.02931
Koli	0.02929
Kops	0.02917
kill'd	0.02908
Knaus	0.02907
Koenigsberg	0.02902
Kuehl	0.02901
Kemmerer	0.02895
Kori	0.02894
Kole	0.02887
Kekule	0.02886
Kasl	0.02874
Kreuzer	0.02873
kickboxing	0.02870
kickball	0.02857
Kime	0.02851
Kunsthaus	0.02849
Kuwabara	0.02849
Knauer	0.02842
Kaysen	0.02836
Kohno	0.02832
Kasser	0.02831
Kanno	0.02829
katydids	0.02827
Kohima	0.02824
Kiihn	0.02818
Kuopio	0.02813
Kehl	0.02811
Krazy	0.02807
Kettner	0.02804
Kaelin	0.02801
Kershner	0.02795
Khali	0.02790
Konflikt	0.02789
knowne	0.02786
Katmandu	0.02784
KSA	0.02784
Klugman	0.02783
Krister	0.02779
Kontrolle	0.02776
Kerrey	0.02776
Kisco	0.02774
Kolner	0.02772
killeth	0.02771
Kassem	0.02763
Kuta	0.02762
Kiibler	0.02758
Knotts	0.02757
Kappel	0.02753
Kellam	0.02750
Kilborn	0.02750
kiddin	0.02746
Kubik	0.02743
Katoh	0.02734
Kellog	0.02729
Kingsbridge	0.02724
Kansa	0.02720
Kellar	0.02716
Kinkade	0.02712
keychain	0.02712
Kotani	0.02711
Krasnodar	0.02697
kindergartner	0.02694
Kamata	0.02691
Kreuter	0.02688
kilted	0.02684
Kanungo	0.02683
Keat	0.02660
kimchi	0.02655
Kuller	0.02654
Kasuga	0.02652
Kanti	0.02646
Koman	0.02645
Kunsten	0.02643
Kindern	0.02641
Kupper	0.02639
Katalin	0.02638
Kiessling	0.02637
Kornfield	0.02637
ketogenic	0.02637
katholischen	0.02636
Kallmann	0.02635
Kays	0.02634
Konark	0.02632
Karasek	0.02631
Kuriyama	0.02630
Khurshid	0.02627
Kydd	0.02622
Kuhns	0.02621
Kii	0.02620
Kavita	0.02607
Klub	0.02606
Katahdin	0.02604
Karaites	0.02601
Koslowski	0.02594
Krispies	0.02594
kidnaped	0.02591
Kronberg	0.02590
K.U.	0.02588
Konzeption	0.02583
kilotons	0.02574
Kureishi	0.02572
Keira	0.02565
KBS	0.02564
Kelkar	0.02564
Kaisers	0.02560
Keneally	0.02556
Kennon	0.02554
Kiinste	0.02551
KQ	0.02549
Kollwitz	0.02542
kowtowing	0.02542
Kandiyoti	0.02542
keynotes	0.02540
know'st	0.02535
Khotan	0.02531
Kachru	0.02531
Khuri	0.02528
knobbly	0.02527
Killam	0.02526
Kawa	0.02526
Kirstie	0.02526
Kelson	0.02519
Kanchi	0.02518
Kapitalismus	0.02510
kanban	0.02505
kritischen	0.02502
Kartik	0.02499
Kirti	0.02496
keyholes	0.02493
Kaunitz	0.02492
Kalan	0.02490
Korf	0.02485
Kaviraj	0.02484
Kesari	0.02483
Kasturi	0.02482
Krumholz	0.02482
Karch	0.02479
karyotyping	0.02477
Kastan	0.02476
Kelsall	0.02475
Karmiloff	0.02474
Knill	0.02461
Karpinski	0.02460
Katsumi	0.02459
Kanade	0.02457
Karta	0.02455
kestrels	0.02454
Kwik	0.02452
Kingery	0.02447
Khmers	0.02444
Kwantung	0.02442
Karlen	0.02438
Kieser	0.02438
kennt	0.02433
Kucinich	0.02432
Krom	0.02431
Kuran	0.02427
Kratzer	0.02426
kettledrums	0.02423
Kroemer	0.02423
Kellys	0.02421
keypads	0.02421
Khao	0.02415
Kizer	0.02411
kilojoules	0.02407
Koro	0.02407
ked	0.02402
Künstler	0.02402
kingpins	0.02401
knackered	0.02386
Kach	0.02384
Kennicott	0.02379
Koff	0.02371
Kalina	0.02366
Khalilzad	0.02364
kabobs	0.02360
Kelemen	0.02360
Kadushin	0.02358
know'd	0.02358
Kahlua	0.02355
Kalashnikovs	0.02354
Kazaa	0.02352
Kilner	0.02341
Karamchand	0.02340
Kirst	0.02334
Kjaer	0.02332
Karine	0.02330
Konsequenzen	0.02328
Kamat	0.02323
Knop	0.02318
Kash	0.02305
Kalia	0.02300
kippers	0.02295
Klem	0.02295
Königsberg	0.02294
Krist	0.02290
Kiepenheuer	0.02290
kilobases	0.02281
Keizo	0.02277
Kleinfeld	0.02274
Kamada	0.02272
Kluver	0.02270
Karrer	0.02269
knockoffs	0.02269
kg/cm2	0.02268
Kovner	0.02268
Korth	0.02264
Khruschev	0.02263
Komitet	0.02263
kallikrein	0.02263
Kuklick	0.02262
Korngold	0.02259
Kaz	0.02259
ketorolac	0.02245
Kiraly	0.02241
Koide	0.02240
Kenesaw	0.02229
Kailua	0.02224
Kripalani	0.02220
Komarov	0.02220
Kaluga	0.02218
Kozma	0.02218
Karmel	0.02216
Kuster	0.02214
Kitahara	0.02213
kno	0.02212
Kerley	0.02210
Kuma	0.02209
Kollar	0.02209
Khamis	0.02206
kitties	0.02204
Khalif	0.02201
Kynaston	0.02200
knockoff	0.02199
kharif	0.02192
Kors	0.02191
Kalidas	0.02185
kameez	0.02182
kopecks	0.02168
Krankheit	0.02167
Koyre	0.02167
kingmaker	0.02165
Kochanek	0.02163
kiddy	0.02157
kulak	0.02157
Keds	0.02157
kilocalorie	0.02148
Kennecott	0.02144
kinships	0.02142
Kensal	0.02142
kirtle	0.02140
Kjeldahl	0.02130
Koehn	0.02127
kissable	0.02126
Kelmscott	0.02124
Kete	0.02118
knowns	0.02118
kepi	0.02118
Khalq	0.02115
kilobyte	0.02114
Kuhne	0.02110
knockin	0.02106
Kempner	0.02105
kaput	0.02104
Karjalainen	0.02103
Kneeland	0.02092
Kinzler	0.02091
Katagiri	0.02090
Kullback	0.02089
Kristal	0.02087
Kabala	0.02086
Konigstein	0.02086
Klinische	0.02083
Kleinert	0.02083
Kutz	0.02075
Kult	0.02069
Knepper	0.02066
Kose	0.02065
Kehr	0.02060
kens	0.02059
Komen	0.02057
Krishnas	0.02056
Kocsis	0.02045
Klauber	0.02041
knothole	0.02041
Kanye	0.02037
Kurtis	0.02036
kazoo	0.02034
Khama	0.02031
K.C.B.	0.02026
Kyklos	0.02024
Katarzyna	0.02015
Konstan	0.02014
kindliest	0.02010
kinins	0.02010
Kutcher	0.02006
Körper	0.01995
knowlege	0.01995
Koper	0.01992
Kritzman	0.01988
Kreiger	0.01965
Kojak	0.01964
Kollmann	0.01962
Kevan	0.01952
Kats	0.01946
Kathrin	0.01945
Kaid	0.01943
kamikazes	0.01942
Kirsh	0.01942
K9	0.01927
Kuroki	0.01927
Kazanjian	0.01925
Kerridge	0.01923
kyng	0.01921
Kile	0.01921
kilogrammes	0.01914
keer	0.01914
Kollman	0.01893
Kaa	0.01889
Kanbur	0.01888
Kailasa	0.01888
Kbytes	0.01887
Kontos	0.01887
Koonin	0.01885
Kary	0.01885
Keun	0.01880
Kyocera	0.01875
Karlsbad	0.01874
Konings	0.01873
kinesics	0.01873
Kuching	0.01872
Kahuna	0.01870
Kuni	0.01865
Kubera	0.01864
Kinkead	0.01863
knapping	0.01862
Kempson	0.01859
kooks	0.01855
Khuda	0.01854
Knievel	0.01854
Kilmainham	0.01852
Kirkwall	0.01851
keloids	0.01850
Kiehl	0.01849
Kosa	0.01847
Kaus	0.01843
Karle	0.01841
Keifer	0.01833
Kidlington	0.01830
Kania	0.01828
Kokko	0.01828
Kome	0.01828
Kabbalist	0.01823
Klijn	0.01821
Klenow	0.01815
K1A	0.01813
Kharagpur	0.01812
keyless	0.01809
Kuzmin	0.01797
Kawata	0.01795
Kashiwagi	0.01795
Kansan	0.01792
Krushchev	0.01779
Kowalczyk	0.01775
Kollock	0.01773
knowledgable	0.01773
Kagel	0.01767
Kornbluh	0.01767
Kanamori	0.01759
Kalinowski	0.01759
Kansans	0.01755
Kinley	0.01755
Kroes	0.01753
Kellum	0.01748
kleptomaniac	0.01748
Kindheit	0.01747
Kitch	0.01742
Kho	0.01741
killjoy	0.01739
kurzen	0.01734
keineswegs	0.01731
Krüger	0.01730
Kring	0.01728
kenotic	0.01726
Krammer	0.01725
Kalamata	0.01718
kepe	0.01716
kike	0.01715
Kongress	0.01712
Kaczmarek	0.01707
Komori	0.01706
Kravchenko	0.01706
Koivisto	0.01702
knuckling	0.01701
Kingfish	0.01698
Koffka	0.01696
kettledrum	0.01694
Kalki	0.01689
Kumkum	0.01687
keened	0.01687
Kuwahara	0.01686
khat	0.01686
kyphoscoliosis	0.01685
keyboardist	0.01685
Kanga	0.01683
Kallio	0.01683
Kobo	0.01682
K7	0.01680
Kriss	0.01680
Kamps	0.01678
Kretzschmar	0.01668
knockabout	0.01666
Karimi	0.01666
Kintyre	0.01663
Kearsarge	0.01660
Knutsen	0.01659
Kozloff	0.01658
Karolina	0.01648
knurled	0.01646
kindergarteners	0.01645
Kategorie	0.01641
Kinghorn	0.01633
Keech	0.01630
Kirill	0.01622
Kihara	0.01621
Kunstwerk	0.01616
klieg	0.01615
kbit	0.01614
Kab	0.01613
Kolberg	0.01613
Kutuzov	0.01611
Konferenz	0.01611
Kakutani	0.01610
Kageyama	0.01608
Krikorian	0.01606
knifepoint	0.01606
kittle	0.01602
Kalil	0.01597
Kategorien	0.01597
Kenedy	0.01593
Kersting	0.01590
Krishnamoorthy	0.01590
Krige	0.01579
kneads	0.01575
knifes	0.01575
Kolodner	0.01572
Kru	0.01570
Kulp	0.01568
klaxon	0.01565
kiloton	0.01560
Kratochwil	0.01553
kexue	0.01553
Kolchak	0.01550
Krinsky	0.01547
Klassiker	0.01546
Kobena	0.01545
Kosel	0.01543
Kellaway	0.01542
Kordofan	0.01537
Kini	0.01533
Kriterien	0.01531
Kunlun	0.01518
Killingsworth	0.01516
Krawczyk	0.01514
Kieft	0.01511
kainate	0.01510
Kamara	0.01500
Kealey	0.01494
kritisch	0.01494
Kassebaum	0.01492
Kopecky	0.01491
Konan	0.01474
Kestner	0.01471
Kanan	0.01470
K2O	0.01464
Katheryn	0.01460
Knutsford	0.01458
Kadam	0.01458
Kuperman	0.01452
K.-D.	0.01450
Klu	0.01449
Knebel	0.01449
Kinglake	0.01446
Kodachrome	0.01442
Koppelman	0.01439
Kazuhiko	0.01437
Kuch	0.01436
Koppe	0.01435
Kaler	0.01434
Knabe	0.01433
Koenen	0.01433
Kolin	0.01425
KDC	0.01423
kittenish	0.01421
Kenway	0.01420
Kalla	0.01420
Killion	0.01419
Koziol	0.01419
Kittay	0.01417
kiting	0.01412
Kirkup	0.01407
Kerem	0.01406
Kamali	0.01405
knighthoods	0.01405
Kamber	0.01404
Kroker	0.01404
kowtowed	0.01400
kempt	0.01396
kist	0.01394
Kimberle	0.01394
ketoprofen	0.01388
Kobenhavn	0.01384
kibosh	0.01378
Kilwa	0.01371
Kaiserzeit	0.01369
Kellen	0.01368
Kindai	0.01365
Komposition	0.01363
knifelike	0.01362
Koegel	0.01351
Kirstin	0.01348
Kameyama	0.01348
Kotex	0.01343
Kummel	0.01343
Kida	0.01339
Kalbfleisch	0.01324
Kittery	0.01319
kilogramme	0.01318
kya	0.01315
Kovar	0.01315
Krishi	0.01300
Karoline	0.01300
Kenobi	0.01300
KITLV	0.01299
Korrespondenz	0.01299
Kalender	0.01299
Kostelanetz	0.01298
Kasher	0.01290
knout	0.01286
Kalends	0.01285
Kalka	0.01277
Kronig	0.01266
Kriz	0.01266
Kapellmeister	0.01265
Kley	0.01259
Konflikte	0.01255
Krog	0.01254
Kus	0.01254
Kebangsaan	0.01251
kaftan	0.01251
Kinston	0.01249
Karvonen	0.01246
Kielce	0.01243
katholische	0.01243
Kishida	0.01239
Kojiki	0.01238
knowledgeability	0.01238
Keturah	0.01237
kinesthetically	0.01225
Kreise	0.01224
Kampong	0.01221
Knippenberg	0.01220
Kosice	0.01215
kbp	0.01213
Karten	0.01210
kunnen	0.01209
KDKA	0.01205
Koebner	0.01203
kissy	0.01202
keinem	0.01200
Kogi	0.01197
Koki	0.01196
Krey	0.01194
Kliment	0.01189
knowen	0.01188
Kesh	0.01185
Karaite	0.01179
К	0.01178
Kadmon	0.01177
Kreutz	0.01173
Keziah	0.01170
kayaker	0.01169
Kleinrock	0.01164
Kongresses	0.01160
Klahr	0.01160
knowledgebase	0.01159
kinswomen	0.01159
Kroenke	0.01159
Kettler	0.01157
kopje	0.01156
Kazuhiro	0.01154
Khushwant	0.01146
Kazemi	0.01143
Kark	0.01142
Kuenen	0.01141
Klandermans	0.01141
Kone	0.01136
Keuls	0.01133
Kenmare	0.01133
kohlrabi	0.01132
Kosh	0.01130
Kooperation	0.01120
Kidwai	0.01111
Kontakt	0.01109
K'ang	0.01108
kleptocracy	0.01108
Kistner	0.01104
Khawaja	0.01102
Kitajima	0.01096
Karner	0.01095
Kanakas	0.01094
karstic	0.01091
Khirbet	0.01091
Kolloquium	0.01088
komme	0.01083
kriya	0.01081
Kolstad	0.01077
knewest	0.01076
Kina	0.01075
Komm	0.01075
Kuzma	0.01072
koa	0.01067
kingmakers	0.01065
Kupchan	0.01065
Kurien	0.01062
Kher	0.01061
könnten	0.01060
Kanouse	0.01057
Kubiak	0.01051
knighting	0.01046
Khalistan	0.01042
Kernighan	0.01040
Kiinstler	0.01040
Krathwohl	0.01036
Kienzle	0.01035
kernicterus	0.01033
katakana	0.01030
kryptonite	0.01027
Krum	0.01026
kilodalton	0.01024
Kilbourn	0.01022
K.-J.	0.01021
kilobase	0.01016
Kimmelman	0.01015
Khim	0.01012
Krutch	0.01009
Knglish	0.01007
Kents	0.01005
Kishon	0.01002
Kobler	0.01002
Kuri	0.01001
Krupnick	0.01000
Kapteyn	0.009955
klassische	0.009906
Krentz	0.009906
Kawada	0.009870
Klinghoffer	0.009870
Kramarae	0.009854
Karns	0.009854
Kaushal	0.009794
Khadijah	0.009607
Korsmeyer	0.009553
Keach	0.009520
ketde	0.009502
Kassam	0.009502
Kielland	0.009490
Kjeldsen	0.009446
Kattan	0.009441
Kotze	0.009405
Kaluza	0.009380
Kasarda	0.009365
Koonz	0.009334
kerbs	0.009318
Kindes	0.009315
kissin	0.009311
Kief	0.009232
Karna	0.009217
Kurnool	0.009206
Kluck	0.009203
knickknack	0.009174
kynge	0.009060
kickstart	0.009035
Kalispell	0.009012
Kelo	0.009012
kiwifruit	0.009008
Kimani	0.009001
kaleidoscopes	0.008974
Kinne	0.008907
knucklehead	0.008893
Kurzman	0.008873
kopeks	0.008866
Kolker	0.008857
Kansu	0.008833
Kindt	0.008822
Kubin	0.008815
Krock	0.008811
Karnatak	0.008801
kickstand	0.008799
kultureller	0.008781
kirchlichen	0.008716
Keiichi	0.008682
knacker	0.008678
Kooij	0.008667
kiss'd	0.008655
kielbasa	0.008597
Klausen	0.008566
Koshland	0.008555
ketched	0.008537
Kellert	0.008498
Kales	0.008465
kye	0.008449
Kickapoos	0.008445
Kral	0.008436
Kostka	0.008411
Kelts	0.008404
Kessels	0.008375
Kirkendall	0.008343
Kand	0.008326
klezmer	0.008303
Kropf	0.008303
Krisis	0.008299
knockings	0.008283
Kutztown	0.008229
Kanon	0.008182
Kiple	0.008171
Kostunica	0.008155
Keese	0.008135
kopjes	0.008126
Karte	0.008110
Klas	0.008052
Kiichi	0.008047
Kalisch	0.007998
Kringle	0.007989
Kliewer	0.007978
kinfolks	0.007967
Kherson	0.007948
kauri	0.007874
Konigs	0.007872
Kenward	0.007850
Kuklinski	0.007778
Kyne	0.007746
Kiver	0.007701
Kaplow	0.007692
Khosrow	0.007686
Kuypers	0.007655
knuckleheads	0.007639
Koshy	0.007616
Karttunen	0.007607
Kanchipuram	0.007598
Kutter	0.007571
Kushi	0.007564
Kobert	0.007538
Kompas	0.007490
Kakuzo	0.007472
Khoikhoi	0.007444
Kettlewell	0.007435
Khar	0.007432
Kila	0.007405
Keates	0.007369
kinin	0.007338
Kameda	0.007320
Keltic	0.007313
Kreuzberg	0.007273
Kishor	0.007262
Kioto	0.007226
Kurier	0.007217
kumquats	0.007217
Katyusha	0.007199
Knapton	0.007134
kneeler	0.007131
Khaw	0.007120
knaw	0.007080
Kerst	0.007073
Keast	0.007028
kinges	0.006997
Kasemann	0.006988
kBT	0.006972
Keithley	0.006954
Krook	0.006945
Koyal	0.006875
Kozyrev	0.006810
Kyrle	0.006802
Koyanagi	0.006802
Katzen	0.006788
Kadlec	0.006748
Kurfurstendamm	0.006712
Kiko	0.006712
Klock	0.006655
Kapilavastu	0.006653
KPN	0.006631
Kuchler	0.006631
Kieler	0.006617
Kutub	0.006606
Knaresborough	0.006599
Korbel	0.006586
Kilcullen	0.006572
Kinge	0.006548
Kinnell	0.006543
Koot	0.006456
Kirkaldy	0.006357
Kromer	0.006334
kerygmatic	0.006296
Keyhoe	0.006169
Kalama	0.006166
Kritz	0.006160
Kriesi	0.006148
Keebler	0.006144
Koretz	0.006045
Karhunen	0.006027
krona	0.006000
ksi	0.005980
Kirkcudbright	0.005967
Kington	0.005955
Kutler	0.005944
Kaine	0.005939
Kelt	0.005937
Klip	0.005921
kaki	0.005894
kedge	0.005888
Kressel	0.005861
Karya	0.005859
Krames	0.005830
Kaehler	0.005805
Kunste	0.005805
Kollias	0.005793
Kunstsammlungen	0.005751
KNO3	0.005746
Kyrios	0.005713
Kulke	0.005686
Kleeman	0.005632
Kelner	0.005630
Künste	0.005567
Khoja	0.005526
Kusunoki	0.005506
Kübler	0.005459
Knyphausen	0.005446
Karve	0.005441
Karajan	0.005380
Krouse	0.005340
kneedeep	0.005318
Kac	0.005304
Killingworth	0.005286
Keate	0.005262
keratins	0.005235
Kalgoorlie	0.005212
Keidanren	0.005205
Kawase	0.005156
ketches	0.005154
kirkyard	0.005143
kirks	0.005138
Krosnick	0.005013
Kalakaua	0.005001
Kissling	0.004983
Kirsner	0.004952
kufr	0.004941
Knowsley	0.004932
Kinderhook	0.004931
Kittie	0.004923
konkreten	0.004907
Kumaran	0.004889
Klaproth	0.004887
Korpi	0.004867
Khilnani	0.004864
Kumano	0.004857
K.-P.	0.004846
Kohlrausch	0.004833
kape	0.004815
Kilsyth	0.004810
KUB	0.004795
kissers	0.004786
Kurtines	0.004750
Kolam	0.004732
Kontroverse	0.004725
Koepsell	0.004716
kneejerk	0.004705
Khaliq	0.004692
ketonuria	0.004656
Kalendar	0.004656
Knt	0.004638
Kurs	0.004620
Kitchell	0.004611
Klio	0.004591
Kyong	0.004573
Kilmore	0.004555
Karno	0.004545
Kalmia	0.004541
Kincardine	0.004528
Kleene	0.004527
Kieff	0.004471
Kombat	0.004471
Kolo	0.004453
kerf	0.004415
Kafr	0.004380
Kunduz	0.004379
konkrete	0.004348
kenned	0.004289
Kalleberg	0.004289
Kodaly	0.004278
Kuldip	0.004270
Korber	0.004265
kraken	0.004213
Kichard	0.004151
kitbag	0.004126
Killaloe	0.004117
Kunene	0.004103
Kaiserin	0.004083
Kochhar	0.004079
Kerfoot	0.004025
Karamzin	0.004023
keelson	0.004014
Koma	0.004002
Kurlansky	0.003998
Kena	0.003987
Kwara	0.003978
Khatun	0.003944
Kamtschatka	0.003944
Kahlenberg	0.003924
Knowle	0.003886
kad	0.003847
Kedron	0.003838
Knap	0.003812
Keatinge	0.003778
Kingma	0.003771
Kingsborough	0.003764
Kadima	0.003762
Keeter	0.003722
kuow	0.003720
KH2PO4	0.003713
Kooy	0.003710
Kngland	0.003693
Knolles	0.003677
Khorassan	0.003675
Kear	0.003656
Kentuck	0.003656
kneepads	0.003652
Kerin	0.003637
Krems	0.003636
Krips	0.003582
kumquat	0.003574
Klondyke	0.003564
Knatchbull	0.003556
Krapf	0.003553
Kuhrt	0.003547
Knoblock	0.003544
kingships	0.003508
Kerenyi	0.003500
kibitzing	0.003495
Kwasniewski	0.003472
Korosko	0.003468
Klage	0.003454
Kousser	0.003417
Killebrew	0.003399
Kilvert	0.003394
Kirkton	0.003387
klicks	0.003335
Killala	0.003306
Korans	0.003298
Kanu	0.003289
kelpie	0.003257
Koehl	0.003253
Killiecrankie	0.003252
Koll	0.003252
kttle	0.003228
Kennebunk	0.003226
karyotypic	0.003194
Kubicek	0.003190
kindlings	0.003176
Kalmucks	0.003174
Krankheiten	0.003169
Kirkley	0.003160
kopeck	0.003127
Kalk	0.003111
Kiddle	0.003109
Koskela	0.003098
Kleinwort	0.003091
Kwasi	0.003066
Kies	0.003055
Kompetenz	0.003055
Kanzler	0.002999
Kuss	0.002999
Kyles	0.002992
K.C.M.G.	0.002988
Kolliker	0.002983
Kabyles	0.002981
komplexen	0.002959
Khadduri	0.002956
Kranzler	0.002941
Kumi	0.002922
kefir	0.002880
Kentigern	0.002875
Kovalev	0.002871
khanates	0.002867
Knaben	0.002857
Kie	0.002851
Kutscher	0.002848
Kooiman	0.002840
keepit	0.002833
Kitakyushu	0.002821
Kamschatka	0.002821
knowes	0.002817
Knauss	0.002792
Kenites	0.002766
Kaper	0.002748
Kerl	0.002734
Kilham	0.002720
Kimbrell	0.002714
Kiberd	0.002707
knowwhat	0.002682
Kako	0.002676
Kreiner	0.002673
Kennerley	0.002669
Keary	0.002640
Kimbolton	0.002613
Kniga	0.002586
Kulm	0.002581
kindheartedness	0.002575
Kippis	0.002563
Kinki	0.002559
Kateb	0.002555
kinglet	0.002552
Koka	0.002545
Keister	0.002545
keerful	0.002539
Koeppen	0.002528
Klebs	0.002516
Kaulbach	0.002500
Kamenka	0.002496
katydid	0.002487
Kelliher	0.002471
Kfe	0.002469
kingbird	0.002460
Krumm	0.002456
Kav	0.002444
Konkani	0.002440
keepest	0.002438
Kommentare	0.002435
KansasNebraska	0.002431
Keramik	0.002431
Krishnaswami	0.002422
kreutzers	0.002417
Koger	0.002415
Kente	0.002397
kinglets	0.002388
kinetoscope	0.002388
Kinnard	0.002384
kisse	0.002382
Kehama	0.002343
Kikkawa	0.002332
Kawanishi	0.002319
Kolbert	0.002317
Kio	0.002314
Kottke	0.002290
klutzy	0.002287
Kaufer	0.002285
knewe	0.002278
kabob	0.002272
KEK	0.002254
Komiya	0.002247
Koniggratz	0.002243
Kincardineshire	0.002227
kynde	0.002216
Kinnunen	0.002209
Kame	0.002204
Kalat	0.002202
Keaney	0.002177
Knole	0.002166
Knowler	0.002164
Kouri	0.002144
Konigshausen	0.002137
Kovacic	0.002133
Kenite	0.002133
Keatsian	0.002121
kritischer	0.002119
Kissingen	0.002119
kommunikativen	0.002117
Kobsa	0.002117
kiud	0.002103
Kollegen	0.002090
karts	0.002090
Krupps	0.002087
Koy	0.002085
Kussia	0.002083
knowledged	0.002079
Kng	0.002076
Kanaya	0.002041
kitchenmaid	0.002025
Karnik	0.002016
Kromhout	0.002005
kiug	0.001989
Komans	0.001959
Kloof	0.001957
Kinneret	0.001948
koe	0.001946
kickshaws	0.001937
kingcraft	0.001924
Koba	0.001924
knocketh	0.001919
Kaempfer	0.001892
Kanuri	0.001886
Kuder	0.001883
kepte	0.001870
Kotlikoff	0.001856
knotholes	0.001850
kittiwakes	0.001848
Kke	0.001836
Knies	0.001836
Klauser	0.001832
keycard	0.001811
Kusa	0.001807
knells	0.001784
kenning	0.001766
Kopenhagen	0.001758
ketchin	0.001744
Khang	0.001744
Konstitution	0.001737
Kohinoor	0.001724
Kilduff	0.001713
Keulen	0.001704
Kussian	0.001699
kirtles	0.001699
keting	0.001697
Keport	0.001693
Kiao	0.001693
kendo	0.001692
Kathakali	0.001670
kneeing	0.001661
kilovolts	0.001650
knighdy	0.001641
Kule	0.001612
Kalmuck	0.001585
Kembles	0.001573
Kote	0.001569
Kurope	0.001567
killest	0.001558
kerbstone	0.001555
Kashan	0.001553
Kontinuitat	0.001551
kuown	0.001546
kindof	0.001538
Kayastha	0.001531
knowthat	0.001529
knock'd	0.001522
Kven	0.001518
kingliness	0.001517
ketdes	0.001513
Kdward	0.001508
kneebreeches	0.001508
kaftans	0.001475
Kobus	0.001461
Kewpie	0.001446
Kuli	0.001441
Kleinknecht	0.001437
Kada	0.001432
Kussell	0.001412
kimbo	0.001401
KCN	0.001394
Kepublic	0.001383
Kinet	0.001378
Kempthorne	0.001371
Kalt	0.001354
Kattegat	0.001353
knaveries	0.001353
Karanja	0.001351
kynges	0.001340
Keligion	0.001316
Kasr	0.001315
kelpies	0.001311
Kincade	0.001311
Kuen	0.001275
knighterrant	0.001266
Kiu	0.001266
Kunta	0.001262
kissings	0.001261
Kriegs	0.001230
kneelers	0.001226
knackers	0.001217
Kayo	0.001212
knotweed	0.001205
Koad	0.001199
Klier	0.001190
King's	0.001163
Kölner	0.001161
kuew	0.001160
Kevolution	0.001158
Koshi	0.001156
Kabushiki	0.001156
Koosh	0.001147
Kims	0.001140
Kef	0.001127
kingcups	0.001111
Kamerad	0.001107
kerfuffle	0.001107
Kaf	0.001086
Kursaal	0.001071
Kross	0.001053
Konige	0.001053
kinesthesia	0.001048
Keal	0.001044
Katastrophe	0.001039
kave	0.001003
kneehigh	0.001001
Krankenhaus	0.001001
Kirkegaard	0.0009865
killdeer	0.0009738
kalos	0.0009612
Klinge	0.0009306
keeneyed	0.0009270
Konstruktionen	0.0009252
Karriere	0.0009197
Kombination	0.0009161
kerseymere	0.0008837
Kto	0.0008494
kindleth	0.0008440
Kritiker	0.0008440
keek	0.0008332
Kaffee	0.0008296
Karly	0.0008061
kleines	0.0008025
kippered	0.0007863
Kvery	0.0007646
knowings	0.0007610
knowledgeintensive	0.0007214
knucklebones	0.0007214
Kight	0.0007033
kennelled	0.0006907
kne	0.0006709
K.C	0.0006673
Kemember	0.0006510
kerbside	0.0006474
Kumbaya	0.0006294
kivered	0.0006132
knowu	0.0005969
knownas	0.0005933
KJuwer	0.0005897
kst	0.0005789
kneelength	0.0005194
knowledgeof	0.0005122
kindergartener	0.0005122
knelling	0.0005068
knd	0.0004725
