was	2608
with	2558
which	1117
we	1074
were	1017
when	769.4
would	736.1
will	726.7
what	710.9
who	697.1
well	342.2
where	339.9
work	314.0
way	311.1
world	273.7
while	251.9
without	205.1
women	195.3
within	187.6
water	157.1
war	151.3
want	146.0
why	143.0
whether	118.8
went	115.4
white	114.7
words	113.9
whole	98.49
woman	97.25
word	92.73
working	86.48
whose	77.90
wanted	72.62
ways	70.96
west	65.82
writing	64.81
written	64.34
whom	61.54
works	61.24
wife	56.48
web	51.54
western	50.06
workers	48.55
write	46.89
W.	46.32
Washington	46.08
wrote	45.77
William	45.59
week	44.99
wide	44.51
wall	44.36
worked	40.94
window	40.26
wrong	39.93
weight	39.65
whatever	38.13
weeks	35.54
wish	32.78
walked	31.59
windows	30.79
walk	30.36
worth	29.51
waiting	27.83
wind	27.82
whereas	27.80
watch	26.93
wait	26.04
wood	25.88
winter	24.60
w	24.59
wild	23.62
wants	23.55
walls	23.30
wave	21.91
warm	21.43
welfare	21.31
writer	21.01
willing	20.98
writers	20.76
wealth	20.30
walking	20.26
widely	20.09
worse	19.68
watched	19.29
weak	18.89
wonder	18.83
watching	18.53
won	18.37
wine	18.24
wisdom	17.70
waste	17.39
weather	17.19
win	16.47
wonderful	15.76
whenever	15.71
weapons	15.48
Wilson	15.22
witness	15.17
Williams	15.11
wear	15.03
wise	14.13
waves	14.09
waters	13.88
worship	13.51
worry	13.44
wearing	13.41
worker	13.35
worst	13.24
writes	13.21
writings	12.83
waited	12.65
wondered	12.32
wet	12.32
wage	12.16
welcome	11.99
wished	11.81
warning	11.60
wages	11.49
wars	11.29
wider	11.29
wire	11.26
woods	10.90
Walter	10.84
wing	10.67
wooden	10.62
wore	10.61
wound	10.32
wedding	10.28
widespread	9.991
wake	9.824
wheel	9.709
wishes	9.596
wounded	9.518
worthy	9.387
weekly	9.299
width	9.189
whispered	9.172
worried	9.116
weakness	8.880
whites	8.580
worn	8.567
ward	8.523
website	8.497
winning	8.376
wives	8.271
whilst	8.153
wings	7.997
witnesses	7.878
wanting	7.798
wholly	7.787
Walker	7.763
worlds	7.762
Wright	7.709
wherever	7.547
weapon	7.481
wash	7.475
wheat	7.447
worldwide	7.295
warned	7.140
Wales	7.047
workshop	6.986
wrapped	6.943
wireless	6.834
wealthy	6.742
wells	6.739
wolf	6.713
workplace	6.698
warfare	6.652
wondering	6.603
withdrawal	6.494
Wiley	6.223
weekend	6.153
wilderness	6.089
winds	6.086
washed	6.040
whereby	6.021
witnessed	6.019
Wisconsin	5.909
Warren	5.872
willingness	5.851
walks	5.541
wounds	5.391
widow	5.362
wildlife	5.361
warrant	5.301
Wang	5.191
warmth	5.143
washing	5.056
weights	5.002
waist	4.867
wheels	4.843
whoever	4.821
wicked	4.726
Watson	4.707
wavelength	4.703
Wallace	4.679
warrior	4.620
WTO	4.611
wagon	4.539
weighted	4.528
warriors	4.457
Weber	4.452
weaknesses	4.419
waved	4.372
withdraw	4.299
wit	4.285
wizard	4.140
workforce	4.133
wool	4.108
welcomed	4.091
wrist	4.036
weary	3.978
Wagner	3.890
wandering	3.770
woke	3.747
Wayne	3.686
Wednesday	3.675
winner	3.642
wonders	3.634
wherein	3.603
weaker	3.596
wishing	3.587
workshops	3.584
whatsoever	3.554
witch	3.532
warming	3.524
withdrawn	3.501
wiped	3.498
wasted	3.463
Warner	3.461
whisper	3.440
wires	3.428
warehouse	3.394
winding	3.365
wrap	3.334
warn	3.307
wa	3.280
Welsh	3.274
Wesley	3.269
weighed	3.255
wax	3.209
worldly	3.196
wrath	3.188
Webster	3.176
wartime	3.124
www	3.107
weakened	3.093
whence	3.073
withdrew	3.067
weird	3.027
Westminster	3.020
wins	2.980
waving	2.980
waking	2.933
wrought	2.929
wandered	2.854
Winston	2.851
weigh	2.816
worksheet	2.811
wills	2.770
warnings	2.742
worthwhile	2.724
wholesale	2.641
woven	2.633
Willie	2.596
wretched	2.559
Wu	2.555
wi	2.545
Wilhelm	2.542
whale	2.540
whip	2.518
Wade	2.512
weeds	2.506
weed	2.496
willingly	2.494
wastes	2.473
weeping	2.470
weighing	2.468
wines	2.464
websites	2.428
watches	2.420
worries	2.408
wears	2.387
worrying	2.355
weaving	2.317
weekends	2.307
wildly	2.302
wolves	2.301
wander	2.295
worm	2.291
worms	2.250
wipe	2.245
Webb	2.244
Warsaw	2.229
whistle	2.169
ware	2.161
witchcraft	2.127
womb	2.122
writ	2.119
Wittgenstein	2.116
Walt	2.112
wasting	2.110
Walsh	2.098
workings	2.095
warranty	2.080
Watts	2.062
Weiss	2.055
wedge	2.049
Wheeler	2.046
wagons	2.033
wreck	1.993
wary	1.993
wisely	1.982
waiter	1.981
Wellington	1.980
watershed	1.976
Whitman	1.974
witches	1.972
winners	1.963
whipped	1.962
worldview	1.960
Williamson	1.959
widened	1.958
worthless	1.956
westward	1.942
wept	1.942
withstand	1.928
Wow	1.922
whiskey	1.908
whichever	1.904
widening	1.896
withholding	1.894
Wordsworth	1.893
willow	1.882
weaver	1.858
wired	1.844
wording	1.831
Wendy	1.830
warmer	1.816
wavelengths	1.806
Willis	1.794
Werner	1.782
woodland	1.771
warranted	1.770
widows	1.764
wrestling	1.753
Wong	1.747
waiver	1.740
warmed	1.739
whiteness	1.731
wheelchair	1.731
waits	1.726
weaken	1.722
Wyoming	1.719
weakly	1.711
Whitney	1.711
Wilkins	1.699
wan	1.694
welding	1.691
workmen	1.687
Wolfe	1.684
wastewater	1.683
whales	1.681
wetlands	1.681
workbook	1.681
weep	1.675
woody	1.670
warrants	1.663
wonderfully	1.653
warmly	1.652
whispering	1.651
wrapping	1.640
WL	1.636
wo	1.635
welcoming	1.626
weakening	1.613
winters	1.605
Wal	1.600
walled	1.600
worshipped	1.582
workload	1.574
Wolfgang	1.564
witnessing	1.547
workflow	1.545
wallet	1.531
Wilde	1.531
Windsor	1.527
withheld	1.519
wie	1.508
wiring	1.506
Wilkinson	1.501
winged	1.499
woe	1.472
wiser	1.470
Westport	1.465
wilt	1.463
weave	1.462
wee	1.435
wrists	1.431
Welch	1.420
Woolf	1.419
watt	1.414
wt	1.411
whereupon	1.410
warns	1.408
Walton	1.394
Winchester	1.391
wheeled	1.387
whispers	1.384
wiping	1.383
wards	1.375
wrongs	1.372
Wm	1.370
Whig	1.358
wrinkled	1.347
wits	1.336
Wei	1.335
withdrawing	1.327
Woodward	1.311
waveform	1.307
warden	1.301
watering	1.297
wardrobe	1.292
werden	1.291
walnut	1.289
wrongly	1.280
waitress	1.276
wc	1.273
withhold	1.257
wooded	1.255
wholesome	1.252
wickedness	1.249
waged	1.247
willed	1.247
Whitehead	1.235
wont	1.224
weld	1.221
weighting	1.220
wares	1.218
witty	1.205
wh	1.200
watery	1.200
Worcester	1.199
Willy	1.183
Weimar	1.175
wrongful	1.167
wed	1.164
workstation	1.162
wherefore	1.156
wondrous	1.148
Westview	1.148
weddings	1.147
Warwick	1.137
womanhood	1.137
whereabouts	1.134
watchful	1.133
WS	1.126
Wolff	1.124
warehouses	1.121
wilder	1.116
whore	1.114
weighs	1.100
wird	1.093
Watkins	1.090
Wyatt	1.085
wharf	1.081
wafer	1.080
Willard	1.080
wholeness	1.077
watered	1.075
waterfall	1.072
workout	1.063
whither	1.046
wanna	1.044
WB	1.030
waterfront	1.027
wink	1.025
wrecked	1.018
whisky	1.012
Weston	1.010
Walters	1.005
Woodrow	1.005
whistling	1.004
weathering	1.004
wetland	1.003
widowed	1.001
winked	0.9943
Wharton	0.9932
worsening	0.9741
warp	0.9652
Westerners	0.9630
Weil	0.9628
whipping	0.9623
Waterloo	0.9612
Wilmington	0.9544
workman	0.9437
weakest	0.9369
warranties	0.9329
widest	0.9319
Whigs	0.9318
withered	0.9308
wellness	0.9251
wig	0.9226
wellbeing	0.9210
wen	0.9185
weathered	0.9157
whirled	0.9127
wrinkles	0.9100
workable	0.9070
widen	0.8989
wakes	0.8966
webs	0.8959
windy	0.8870
weariness	0.8862
workspace	0.8752
WD	0.8744
wailing	0.8733
wrongdoing	0.8702
wand	0.8634
waning	0.8576
Wadsworth	0.8574
wavelet	0.8547
wir	0.8538
weavers	0.8537
weir	0.8535
warships	0.8500
woo	0.8481
Wendell	0.8450
windshield	0.8384
whereof	0.8368
willful	0.8285
waltz	0.8256
worsened	0.8232
welded	0.8231
warring	0.8200
Wilkes	0.8175
wraps	0.8167
wetting	0.8079
Wiener	0.8078
whirling	0.8068
workplaces	0.8012
whim	0.7998
worshippers	0.7979
Wally	0.7954
warlike	0.7887
widths	0.7852
Walpole	0.7847
Wilcox	0.7809
wallpaper	0.7785
Wallis	0.7770
Waldo	0.7720
whaling	0.7691
Wilbur	0.7689
waveguide	0.7680
Welles	0.7668
waterways	0.7645
waived	0.7630
wanton	0.7620
winced	0.7609
wrapper	0.7565
whistled	0.7486
Winthrop	0.7485
workstations	0.7472
Winnipeg	0.7450
Whitehall	0.7372
woes	0.7334
Wren	0.7318
Weiner	0.7313
wasteful	0.7312
Waller	0.7272
wreath	0.7270
WW	0.7256
Watergate	0.7244
wearily	0.7220
woodlands	0.7215
wavy	0.7139
Weinberg	0.7108
wretch	0.7107
worksheets	0.7100
washes	0.7068
wager	0.7049
Welt	0.7040
whirlwind	0.7032
weighty	0.7024
waiters	0.7012
wielded	0.6996
Wat	0.6957
whiskers	0.6932
Wes	0.6918
wail	0.6912
Wien	0.6877
wield	0.6876
wreckage	0.6869
workmanship	0.6868
wrench	0.6829
wisest	0.6796
wounding	0.6780
wasp	0.6750
Wesleyan	0.6649
Wentworth	0.6648
wenn	0.6639
wedded	0.6627
waive	0.6626
weaponry	0.6608
wavering	0.6545
watchers	0.6481
waxed	0.6466
Wanda	0.6459
wayward	0.6449
withdrawals	0.6422
worsen	0.6417
wheeling	0.6401
wealthier	0.6394
WJ	0.6388
wildest	0.6383
wronged	0.6375
whining	0.6328
WR	0.6317
wort	0.6294
waveforms	0.6235
wizards	0.6232
worshipping	0.6227
Walden	0.6176
Weinstein	0.6171
wry	0.6170
wrestle	0.6144
wicker	0.6102
wrestled	0.6096
Winnie	0.6066
whisk	0.6061
wedges	0.6057
Winslow	0.6047
worded	0.6002
wealthiest	0.5998
wellknown	0.5989
willows	0.5984
wad	0.5968
washer	0.5963
wick	0.5946
walkway	0.5941
wanderer	0.5933
wielding	0.5911
waging	0.5909
W.H.	0.5874
Wakefield	0.5847
welcomes	0.5808
wanderings	0.5795
wholesalers	0.5770
wedged	0.5760
whirlpool	0.5752
warfarin	0.5734
worshiped	0.5709
whistles	0.5705
warts	0.5686
Williamsburg	0.5684
winery	0.5682
whirl	0.5677
Wellesley	0.5671
whimsical	0.5569
Wash.	0.5561
worldviews	0.5544
Warhol	0.5543
weaning	0.5534
warped	0.5504
wavered	0.5503
watchman	0.5502
waned	0.5500
Whiting	0.5500
wishful	0.5461
WP	0.5455
whosoever	0.5425
weakens	0.5420
wk	0.5420
woollen	0.5399
Whitaker	0.5391
W.W.	0.5376
waterproof	0.5338
wasps	0.5308
whine	0.5289
writhing	0.5286
withering	0.5265
woolen	0.5252
wailed	0.5250
Woodstock	0.5241
waterfalls	0.5191
waistcoat	0.5188
W.J.	0.5178
waterway	0.5157
wholeheartedly	0.5150
wither	0.5096
Wight	0.5065
warehousing	0.5048
whims	0.5024
Watanabe	0.5003
Willoughby	0.5000
wading	0.4965
wrung	0.4964
watercolor	0.4961
Wadi	0.4943
wanders	0.4939
warily	0.4929
wearied	0.4910
wrenching	0.4901
whips	0.4885
wheezing	0.4876
Willem	0.4859
wrenched	0.4854
wurde	0.4851
widget	0.4847
walnuts	0.4846
WMD	0.4829
Wiesbaden	0.4823
withdraws	0.4821
WWII	0.4805
wilful	0.4776
Warburg	0.4775
wafers	0.4757
wistful	0.4744
Witt	0.4741
Wilberforce	0.4738
walkers	0.4730
Wald	0.4718
Wheaton	0.4707
W.D.	0.4691
wayside	0.4684
windings	0.4677
W3C	0.4675
Werke	0.4673
www.bibliobazaar.com	0.4669
W.B.	0.4665
warmest	0.4631
wove	0.4615
Webber	0.4615
Wis.	0.4580
westerly	0.4575
Wilfred	0.4574
Whoa	0.4555
Wechsler	0.4554
Waterman	0.4550
wedlock	0.4537
wistfully	0.4535
Wiltshire	0.4535
windward	0.4531
warship	0.4522
wane	0.4519
WAP	0.4512
winch	0.4508
watermark	0.4494
Wollstonecraft	0.4475
Weldon	0.4458
Wonderland	0.4457
wasteland	0.4441
whiff	0.4433
Waugh	0.4432
woken	0.4427
wiry	0.4399
widower	0.4384
weeding	0.4360
Wichita	0.4360
waded	0.4348
willfully	0.4346
Whittaker	0.4338
Winkler	0.4321
whomever	0.4311
Whistler	0.4309
whores	0.4307
woodwork	0.4303
wearer	0.4303
windmill	0.4289
withers	0.4279
WPA	0.4269
womanly	0.4268
Walther	0.4257
worden	0.4256
weasel	0.4252
watermelon	0.4252
wrinkle	0.4236
whit	0.4207
Wehrmacht	0.4207
wryly	0.4190
welled	0.4187
Worthington	0.4180
WSDL	0.4178
Winnicott	0.4161
watersheds	0.4149
wily	0.4123
whined	0.4094
waivers	0.4073
wildness	0.4070
Weidenfeld	0.4067
Whyte	0.4051
workday	0.4051
withal	0.4046
watchdog	0.4045
weaves	0.4045
Wiseman	0.4037
wipes	0.4035
woolly	0.4027
WG	0.4024
whisked	0.3997
W.A.	0.3981
workhouse	0.3977
wildflowers	0.3975
wrappers	0.3964
whitish	0.3960
weekdays	0.3949
Wilton	0.3910
weekday	0.3899
wiles	0.3898
wid	0.3898
windfall	0.3893
Wiggins	0.3887
Westinghouse	0.3884
workpiece	0.3875
whitewashed	0.3867
Wynn	0.3866
Woodruff	0.3850
Wheatley	0.3846
watcher	0.3842
wardens	0.3840
workouts	0.3806
wafted	0.3803
wagging	0.3799
Wilma	0.3770
Westmoreland	0.3766
Waco	0.3765
Wainwright	0.3764
withstood	0.3761
Weinberger	0.3745
WF	0.3745
workgroup	0.3744
Washburn	0.3743
wai	0.3743
wherewith	0.3742
wretchedness	0.3740
wrecks	0.3735
Willa	0.3734
wilds	0.3733
Wallerstein	0.3725
wreaths	0.3720
Whipple	0.3720
whooping	0.3712
Winifred	0.3704
warms	0.3702
W.R.	0.3691
worrisome	0.3663
westerns	0.3653
writs	0.3640
Wickham	0.3638
widgets	0.3634
wakefulness	0.3633
worshipers	0.3623
waterfowl	0.3617
warlords	0.3597
widowhood	0.3594
wringing	0.3592
whey	0.3589
Whittier	0.3556
wholes	0.3554
winking	0.3551
Woodbridge	0.3549
W.C.	0.3548
Waals	0.3542
wil	0.3535
warheads	0.3529
wag	0.3486
wintry	0.3482
willpower	0.3467
wretches	0.3457
Weller	0.3452
waxing	0.3452
Wolfram	0.3448
welling	0.3446
witted	0.3437
Willi	0.3431
Wylie	0.3427
wrest	0.3422
Walzer	0.3407
whack	0.3384
Waterhouse	0.3374
Walcott	0.3365
weaned	0.3359
wreak	0.3353
WWF	0.3348
widens	0.3335
Wilfrid	0.3327
wrongfully	0.3320
Witte	0.3302
Warrington	0.3299
Wissenschaft	0.3298
Wasserman	0.3290
Woodcock	0.3285
W.E.	0.3283
Wilkie	0.3280
wooing	0.3251
wobbly	0.3249
Wolsey	0.3247
woodpecker	0.3245
Waite	0.3242
Wynne	0.3239
worthiness	0.3223
Wittenberg	0.3206
Wyndham	0.3204
winded	0.3201
wigs	0.3199
Waterford	0.3196
wildfire	0.3187
woefully	0.3169
worshipper	0.3153
Winfield	0.3151
Wellman	0.3142
Wenger	0.3134
Wessex	0.3131
workbooks	0.3129
wrestler	0.3126
wring	0.3121
W.M.	0.3112
Waring	0.3109
worshiping	0.3101
Westphalia	0.3101
Waldron	0.3059
Whitley	0.3044
wiggle	0.3034
Wrigley	0.3026
wavefront	0.3018
wholesaler	0.3011
waver	0.2994
Wilmot	0.2983
Whitfield	0.2974
Whitefield	0.2967
wilfully	0.2966
workbench	0.2961
Wegener	0.2960
WLAN	0.2960
wheelchairs	0.2958
wetness	0.2956
waxy	0.2951
worships	0.2946
washers	0.2943
waistband	0.2932
Wyman	0.2931
waitresses	0.2925
wanderers	0.2922
wert	0.2921
Warburton	0.2919
Winfrey	0.2918
Willett	0.2897
whiter	0.2878
Westchester	0.2867
walkways	0.2864
whimpered	0.2860
Woodman	0.2847
wieder	0.2841
whereon	0.2837
wisp	0.2835
warping	0.2835
Wallingford	0.2830
waxes	0.2826
Waddell	0.2824
wrecking	0.2823
welds	0.2820
WorldCom	0.2816
Wingate	0.2810
wisps	0.2809
Wiesel	0.2806
Woodhouse	0.2801
whimpering	0.2795
wah	0.2794
warlord	0.2793
windowsill	0.2785
whimper	0.2760
wrestlers	0.2750
wastage	0.2746
whiz	0.2731
wrested	0.2731
WLR	0.2730
wriggled	0.2730
Weill	0.2727
wot	0.2719
windmills	0.2713
W.G.	0.2713
Winona	0.2709
wickedly	0.2703
wiggled	0.2693
waveguides	0.2691
Westwood	0.2687
Wolfson	0.2686
wintering	0.2674
wherewithal	0.2674
wer	0.2674
wordless	0.2673
wince	0.2667
Wedgwood	0.2666
Walla	0.2665
winnings	0.2660
Wirth	0.2659
warbler	0.2645
wis	0.2644
W.S.	0.2631
wetter	0.2625
weeps	0.2618
writhed	0.2618
woodcut	0.2615
Werk	0.2610
Winn	0.2608
walrus	0.2606
Whelan	0.2606
wav	0.2606
Woodson	0.2600
Windus	0.2599
wurden	0.2595
wouldst	0.2591
whittle	0.2585
Waldorf	0.2585
wildcat	0.2583
wrangling	0.2582
waren	0.2580
wart	0.2578
Weissman	0.2577
wn	0.2574
wuz	0.2574
woodworking	0.2568
Weibull	0.2567
Wabash	0.2565
wonderment	0.2564
WBC	0.2553
wheelbarrow	0.2553
werewolf	0.2534
wagged	0.2529
wavelets	0.2525
westem	0.2517
wharves	0.2496
worsens	0.2496
Waverley	0.2493
wench	0.2489
WIPO	0.2484
WTP	0.2483
Worcestershire	0.2478
whoop	0.2468
What'd	0.2466
wetted	0.2463
Walsingham	0.2460
Wishart	0.2458
wearisome	0.2452
Wernicke	0.2452
Weinheim	0.2447
watertight	0.2443
weft	0.2443
whitewater	0.2437
Weg	0.2437
Whitby	0.2434
workloads	0.2432
W.L.	0.2412
watercolour	0.2406
wilted	0.2394
Wikipedia	0.2391
wriggling	0.2388
worldliness	0.2386
winks	0.2381
Wellcome	0.2374
westwards	0.2361
Wimbledon	0.2344
wha	0.2344
westernization	0.2342
windowless	0.2338
workflows	0.2332
wicket	0.2332
wariness	0.2328
welter	0.2321
worshipful	0.2318
wineries	0.2317
worsted	0.2305
Wexler	0.2294
wakened	0.2290
Waal	0.2286
westernized	0.2281
Wexford	0.2277
Whitehouse	0.2276
WEP	0.2272
Warwickshire	0.2269
workup	0.2268
Wendt	0.2268
watercolors	0.2268
whalers	0.2265
watchfulness	0.2261
Witherspoon	0.2250
weal	0.2248
WV	0.2239
watchmen	0.2238
wildcard	0.2227
woodcuts	0.2219
Wissenschaften	0.2218
Where'd	0.2217
wobble	0.2210
worthlessness	0.2209
workingmen	0.2206
W.F.	0.2204
Waltham	0.2204
waggon	0.2185
wiki	0.2178
Whalen	0.2178
WISC	0.2177
Whitey	0.2177
Woodbury	0.2165
Wilber	0.2164
wohl	0.2155
wean	0.2150
Woolley	0.2146
withstanding	0.2141
wallow	0.2135
Whew	0.2135
wicks	0.2131
Waddington	0.2126
waists	0.2119
Wray	0.2118
webbing	0.2113
wallowing	0.2107
WDM	0.2098
Waxman	0.2096
Westerner	0.2093
Weintraub	0.2093
workingclass	0.2087
Whitmore	0.2085
warhead	0.2080
Wye	0.2080
wok	0.2074
wreathed	0.2074
wincing	0.2072
wobbled	0.2071
wispy	0.2065
wooed	0.2061
weightless	0.2060
whopping	0.2049
whorls	0.2047
Westbrook	0.2044
Whiteman	0.2042
Warszawa	0.2041
waterlogged	0.2036
Win32	0.2035
Waldman	0.2033
Weberian	0.2018
waterworks	0.2014
wrinkling	0.2009
whacked	0.2007
weedy	0.2001
Wilshire	0.1999
w2	0.1998
Whittington	0.1996
walling	0.1996
waked	0.1995
Willamette	0.1990
wantonly	0.1989
Woolworth	0.1988
wavenumber	0.1985
whiplash	0.1982
Wednesdays	0.1980
wields	0.1979
welche	0.1978
watchword	0.1969
Willson	0.1964
wrongdoer	0.1962
wrathful	0.1962
wands	0.1962
wigwam	0.1959
whirring	0.1959
WY	0.1947
wristwatch	0.1942
Wyeth	0.1938
wavefunction	0.1936
Wesson	0.1936
Wageningen	0.1930
worthies	0.1929
winder	0.1929
wails	0.1929
whitened	0.1923
Wieland	0.1915
wideband	0.1912
Winnebago	0.1909
whisker	0.1907
Wilks	0.1907
Wolfowitz	0.1906
watercourse	0.1901
Weise	0.1895
Weymouth	0.1892
Wolcott	0.1884
watermarking	0.1883
wallets	0.1880
wracked	0.1877
whitening	0.1870
warder	0.1859
Welty	0.1858
watercourses	0.1858
Weizmann	0.1856
Whitechapel	0.1851
What're	0.1838
Willey	0.1837
windscreen	0.1836
Weiler	0.1830
wafting	0.1828
Weick	0.1825
wacky	0.1824
Wahl	0.1824
workweek	0.1823
wordlessly	0.1823
wriggle	0.1820
Wulf	0.1814
Wada	0.1811
WAIS	0.1811
Watertown	0.1809
Wenzel	0.1809
WBS	0.1806
whiteboard	0.1804
Witwatersrand	0.1798
wel	0.1798
Wundt	0.1796
waggons	0.1795
Woodford	0.1794
whitewash	0.1791
Wigner	0.1791
Wicca	0.1790
waterborne	0.1779
wast	0.1776
Westcott	0.1773
Wim	0.1770
wiggling	0.1759
wormwood	0.1757
wreaked	0.1757
W.T.	0.1757
Wahid	0.1754
Weiser	0.1747
wroth	0.1744
wholehearted	0.1740
woeful	0.1739
whoso	0.1736
Wallach	0.1733
wraparound	0.1731
waa	0.1727
Whiteside	0.1723
woodpeckers	0.1720
walkie	0.1713
woof	0.1713
watercress	0.1710
waterline	0.1706
wishers	0.1704
Wheatsheaf	0.1702
Willebrand	0.1702
Winton	0.1695
Winkle	0.1693
weevil	0.1693
waken	0.1691
Whitworth	0.1687
why'd	0.1685
wattle	0.1685
waffle	0.1682
wilting	0.1679
Wissenschaftliche	0.1678
webbed	0.1677
Wilcoxon	0.1676
Whewell	0.1675
Windhoek	0.1674
Wuhan	0.1668
wordy	0.1663
Wooster	0.1662
waiving	0.1660
Weis	0.1654
WCC	0.1652
wipers	0.1651
windswept	0.1651
Wetzel	0.1648
washcloth	0.1645
weathers	0.1642
Westphalian	0.1639
warrantless	0.1638
Wilford	0.1636
Womack	0.1634
workin	0.1632
windpipe	0.1631
washout	0.1630
wearable	0.1622
Wali	0.1621
WAC	0.1615
wheelwright	0.1615
Wayland	0.1610
whist	0.1604
wampum	0.1604
washroom	0.1597
Wegner	0.1591
Woolsey	0.1589
wobbling	0.1583
whoosh	0.1582
Wingfield	0.1582
waffles	0.1581
whoops	0.1580
www.	0.1563
wrongness	0.1563
WWI	0.1561
Wolters	0.1557
wold	0.1556
weel	0.1550
whizzed	0.1549
workspaces	0.1547
Wicklow	0.1542
Weyl	0.1539
wasn	0.1539
wakeful	0.1538
WEU	0.1538
wrappings	0.1534
waterside	0.1533
wor	0.1530
Warfield	0.1529
wonted	0.1526
Wertheimer	0.1524
Wheelock	0.1523
WIC	0.1521
wintertime	0.1515
wastebasket	0.1509
watchtower	0.1504
Wirtschaft	0.1500
www.bibliogrande.com	0.1497
warblers	0.1495
whaler	0.1494
wizened	0.1492
wordplay	0.1490
Wycliffe	0.1486
Westphal	0.1485
warding	0.1483
wellspring	0.1478
whitefish	0.1477
Wavell	0.1476
welder	0.1475
www.eHarlequin.com	0.1474
worthily	0.1473
Wilding	0.1471
whizzing	0.1471
Waffen	0.1468
Winckelmann	0.1466
Whitcomb	0.1465
waistline	0.1461
Woolwich	0.1453
Wilkerson	0.1452
weeded	0.1450
wissen	0.1448
wheeze	0.1444
whomsoever	0.1444
Weisman	0.1444
WordPerfect	0.1439
Wesen	0.1437
Weigel	0.1437
Windham	0.1434
Whalley	0.1432
whittled	0.1426
workroom	0.1413
Waterbury	0.1409
Whitelaw	0.1409
withholds	0.1404
Wilms	0.1402
Westin	0.1398
W.P.	0.1397
Wallenstein	0.1393
Wyclif	0.1393
wearers	0.1388
wrongdoers	0.1386
Wiebe	0.1385
workaholic	0.1384
whorl	0.1378
Wahrheit	0.1372
womanist	0.1370
Weems	0.1365
waft	0.1363
wineglass	0.1360
welldefined	0.1356
Wilhelmina	0.1356
Westlake	0.1356
Werther	0.1355
WTC	0.1355
weirs	0.1352
weeklies	0.1352
Westfield	0.1348
Whorf	0.1347
waitin	0.1345
wanes	0.1344
Wroclaw	0.1344
watchmaker	0.1344
Walkman	0.1343
wolverine	0.1340
wollen	0.1333
Wuthering	0.1328
widowers	0.1328
Weisberg	0.1326
waives	0.1322
Wahhabi	0.1319
wimp	0.1319
wildflower	0.1318
Wodehouse	0.1318
Woodside	0.1317
Wigmore	0.1315
Warnock	0.1315
waddled	0.1311
Wirt	0.1308
wonderingly	0.1308
whet	0.1306
Worsley	0.1306
Whitlock	0.1301
W.E.B.	0.1298
whisking	0.1298
winsome	0.1295
washings	0.1294
Wooldridge	0.1289
WIP	0.1288
westernmost	0.1287
Westermann	0.1285
whioh	0.1284
Wagnerian	0.1284
Warne	0.1282
wardrobes	0.1279
wellestablished	0.1276
whys	0.1275
weaved	0.1269
whitespace	0.1269
WFP	0.1267
Weitzman	0.1266
winnowing	0.1264
Whiteley	0.1264
whereat	0.1263
Wrights	0.1263
writhe	0.1263
Wolverhampton	0.1262
webpage	0.1262
wrenches	0.1259
Warr	0.1258
warranting	0.1257
Whitten	0.1257
Woodworth	0.1256
wraith	0.1252
Wotton	0.1251
Wiccan	0.1251
Williston	0.1250
Weitz	0.1248
Weltanschauung	0.1247
wisteria	0.1247
Wille	0.1245
Wnt	0.1240
wretchedly	0.1237
Willet	0.1237
Wildavsky	0.1232
workfare	0.1231
Waitangi	0.1229
Whaley	0.1228
weakling	0.1227
windowed	0.1225
Wolseley	0.1222
wayfarer	0.1222
womenfolk	0.1222
W.K.	0.1221
Wetherell	0.1218
Witter	0.1217
werewolves	0.1216
wattage	0.1215
Wandel	0.1213
Wessel	0.1210
warlock	0.1208
worshiper	0.1207
wildcats	0.1204
wheezed	0.1203
Waikiki	0.1202
watermelons	0.1202
WML	0.1202
weasels	0.1201
Winchell	0.1198
wrangler	0.1192
workdays	0.1192
Woburn	0.1191
Wain	0.1190
w1	0.1189
Wallenberg	0.1187
Winant	0.1186
Westlaw	0.1185
Windermere	0.1184
whetted	0.1181
worketh	0.1181
Wazir	0.1180
workaday	0.1177
Waverly	0.1176
warders	0.1175
wizardry	0.1175
wouldn	0.1174
wiper	0.1170
workforces	0.1168
Winsor	0.1166
wreaking	0.1166
whirls	0.1166
Wessels	0.1161
Walser	0.1158
waltzes	0.1157
Westbury	0.1156
Whitlam	0.1153
wannabe	0.1153
whimsy	0.1153
watchdogs	0.1152
workhouses	0.1150
Woodard	0.1145
Wacker	0.1145
während	0.1144
Woodhead	0.1143
wads	0.1142
webmaster	0.1142
Walras	0.1142
worksite	0.1140
workingman	0.1140
workgroups	0.1136
wadded	0.1135
Wortley	0.1135
waltzing	0.1134
Welshman	0.1134
WriteLine	0.1131
wifely	0.1130
wantonness	0.1130
waif	0.1127
weeklong	0.1124
wrangle	0.1124
Wildman	0.1123
Wojtyla	0.1121
Wilmer	0.1119
Whitford	0.1114
windblown	0.1110
wheelers	0.1110
welts	0.1109
Wanamaker	0.1109
Wagoner	0.1109
Waldemar	0.1105
waders	0.1103
warps	0.1101
whirlpools	0.1101
Wembley	0.1096
workhorse	0.1095
workability	0.1093
Wardle	0.1090
Wurttemberg	0.1090
waylaid	0.1088
w.r.t.	0.1088
Wurzburg	0.1088
winging	0.1087
watermarks	0.1086
wavefunctions	0.1085
Walid	0.1082
Willmott	0.1082
Willems	0.1077
Wilk	0.1077
wildfires	0.1076
winemaking	0.1073
Weddell	0.1072
wile	0.1071
wagers	0.1071
weirdly	0.1068
walkin	0.1066
Wilke	0.1060
wildcards	0.1059
watercolours	0.1055
Wiirzburg	0.1053
wickets	0.1053
Witten	0.1052
WANs	0.1052
wormhole	0.1050
wingspan	0.1048
Wootton	0.1048
Winstanley	0.1047
Waggoner	0.1046
Warton	0.1045
widi	0.1044
Wendel	0.1043
Warrick	0.1043
weevils	0.1043
Wigan	0.1042
Wasser	0.1041
wildtype	0.1041
wheelhouse	0.1040
Wollaston	0.1039
waxen	0.1034
wrens	0.1034
wend	0.1034
womens	0.1030
Whately	0.1030
whooped	0.1030
winger	0.1029
whan	0.1027
windlass	0.1025
Wiedemann	0.1022
wintered	0.1020
Wirklichkeit	0.1019
Westmorland	0.1019
willfulness	0.1016
wallop	0.1014
Wolpe	0.1011
wingless	0.1009
Wistar	0.1009
Wulff	0.1006
wearying	0.1004
wastelands	0.1004
Wittig	0.09999
worthier	0.09995
Walford	0.09971
Wolin	0.09965
wombs	0.09957
Wedderburn	0.09943
Wotan	0.09941
weightlessness	0.09940
windowpane	0.09924
weightings	0.09918
whiles	0.09913
wou'd	0.09897
Westside	0.09852
Wimmer	0.09849
Woodhull	0.09841
whiten	0.09824
Warners	0.09809
wallowed	0.09802
wham	0.09760
wavers	0.09757
worriedly	0.09745
Willkie	0.09737
Waikato	0.09737
westbound	0.09736
womankind	0.09706
wittily	0.09701
wagering	0.09701
Watteau	0.09698
Wace	0.09680
Wolpert	0.09680
wastewaters	0.09672
Winterthur	0.09668
Wenner	0.09651
wresting	0.09641
Wester	0.09630
Waveland	0.09611
wilts	0.09596
Weisz	0.09573
Wildwood	0.09570
waqf	0.09546
wrapt	0.09545
whieh	0.09524
Wiesner	0.09513
Wakeman	0.09499
whetstone	0.09489
woodsman	0.09480
Weinstock	0.09465
warded	0.09464
WMO	0.09461
Witkin	0.09459
windbreaker	0.09439
Woodville	0.09427
warred	0.09407
Wein	0.09392
wegen	0.09366
wracking	0.09358
windowing	0.09355
wingers	0.09355
Wege	0.09352
Wole	0.09340
Walloon	0.09338
WEA	0.09336
Wightman	0.09327
waterproofing	0.09314
witless	0.09297
Wolof	0.09294
Weltkrieg	0.09292
Winer	0.09282
windsurfing	0.09278
waistcoats	0.09251
Willcox	0.09247
weightier	0.09229
Wachtel	0.09227
Walesa	0.09225
WalMart	0.09211
Worley	0.09180
Watterson	0.09171
Woodley	0.09162
wrestles	0.09162
Wister	0.09160
Watters	0.09148
Wirtz	0.09099
WebSphere	0.09085
Warrenton	0.09059
WiFi	0.09051
warbling	0.09049
wiretapping	0.09037
weiter	0.09034
Winship	0.09033
wags	0.09018
Wyler	0.08991
whir	0.08968
Wilsonian	0.08958
Wiese	0.08957
washable	0.08953
wondrously	0.08930
whistleblower	0.08921
Wyn	0.08910
walleye	0.08910
willowy	0.08888
Wilbert	0.08885
Wittgensteinian	0.08885
whorehouse	0.08866
wedging	0.08841
www.readhowyouwant.com	0.08829
woodblock	0.08790
Wasson	0.08779
wardroom	0.08774
Wiegand	0.08773
whittling	0.08768
weitere	0.08754
Wozniak	0.08745
Whiston	0.08730
Wuthnow	0.08725
weniger	0.08722
whines	0.08702
weirdness	0.08694
whimsically	0.08693
woodpile	0.08661
Westen	0.08659
Watkin	0.08649
Wallachia	0.08649
Williamstown	0.08638
Wertheim	0.08630
woodwind	0.08630
whitest	0.08617
wormed	0.08607
Wooten	0.08593
Wheatstone	0.08587
wireline	0.08580
Wolman	0.08547
wolverines	0.08519
Westfall	0.08511
wildebeest	0.08500
Walmsley	0.08492
windless	0.08485
Wickersham	0.08475
Welland	0.08473
Wisner	0.08460
whi	0.08445
WMA	0.08444
warn't	0.08437
Wiwa	0.08408
wäre	0.08403
waggled	0.08402
Wyo.	0.08382
wigwams	0.08381
Wark	0.08379
woodbine	0.08371
wolfs	0.08347
whacking	0.08330
www.wiley.com	0.08329
WIA	0.08329
weatherman	0.08321
Willan	0.08307
whar	0.08302
wth	0.08291
Wilsons	0.08291
wended	0.08277
Whittlesey	0.08272
walkthrough	0.08272
WLANs	0.08261
waddling	0.08258
Wasatch	0.08243
Waley	0.08224
welders	0.08220
Wirkung	0.08206
womanizer	0.08185
Willingham	0.08177
waterless	0.08166
Walle	0.08145
waisted	0.08139
waltzed	0.08131
Wertsch	0.08126
WC2R	0.08118
wholesaling	0.08112
WMI	0.08103
walkout	0.08101
Watford	0.08100
woodcutter	0.08094
wheresoever	0.08083
washerwoman	0.08081
woozy	0.08080
Webern	0.08075
whirred	0.08074
whisperings	0.08051
wideranging	0.08048
Worldwatch	0.08040
writable	0.08038
Williamsport	0.08035
Walrasian	0.08023
worktable	0.08022
writerly	0.08018
wettability	0.08016
Weatherford	0.08000
weds	0.07999
Weng	0.07967
worke	0.07960
Warde	0.07946
Woolgar	0.07945
wildland	0.07940
Weismann	0.07938
wiretaps	0.07927
Weedon	0.07925
Wickens	0.07923
Wellhausen	0.07909
Wiesenthal	0.07899
witticisms	0.07887
Waterville	0.07885
Widdowson	0.07884
Widener	0.07860
windowpanes	0.07840
washbasin	0.07835
wimpy	0.07832
Wilhelmine	0.07831
wets	0.07821
Wallin	0.07819
whalebone	0.07767
Weininger	0.07756
Wofford	0.07751
wadding	0.07750
Wachter	0.07732
wouldbe	0.07731
Washoe	0.07729
Wende	0.07726
Wolfensohn	0.07722
Weizsacker	0.07696
witli	0.07682
Walder	0.07680
Weald	0.07653
waterlogging	0.07640
whatnot	0.07624
Woolman	0.07616
Westover	0.07604
whiny	0.07597
warre	0.07576
Whitbread	0.07576
webbased	0.07563
wagered	0.07553
welldeveloped	0.07539
Whitty	0.07538
wenig	0.07538
wiretap	0.07531
würde	0.07528
Wilkens	0.07510
whopper	0.07505
Waseda	0.07500
Westland	0.07492
winemaker	0.07489
wayfarers	0.07480
warrens	0.07474
warpath	0.07474
Welton	0.07471
whistleblowers	0.07470
WCTU	0.07469
Worrall	0.07466
Whitehorse	0.07465
Wenceslas	0.07462
Washburne	0.07455
Woodburn	0.07454
wrongdoings	0.07450
Wisniewski	0.07437
Wladyslaw	0.07426
weirdest	0.07425
WBCs	0.07415
Walshe	0.07411
wheelbarrows	0.07407
Widmer	0.07402
W/m2	0.07400
wending	0.07389
woodwinds	0.07382
Whittemore	0.07380
wanderlust	0.07361
Walworth	0.07355
Wooley	0.07353
weepy	0.07339
Watling	0.07338
Wertz	0.07334
wikis	0.07332
wittingly	0.07330
Wunderlich	0.07328
warum	0.07313
Weingarten	0.07302
warplanes	0.07299
Wenders	0.07288
Walz	0.07281
Wedel	0.07280
www.iuniverse.com	0.07280
Woodlawn	0.07276
whinnied	0.07271
waywardness	0.07268
watercraft	0.07267
Waldheim	0.07250
woodshed	0.07245
Wescott	0.07238
Wagstaff	0.07232
Wolter	0.07209
WiMAX	0.07200
Wacquant	0.07200
Weh	0.07186
WSS	0.07160
Wortman	0.07152
whimpers	0.07140
Wuppertal	0.07135
Wandsworth	0.07130
W3	0.07127
Wythe	0.07122
workmanlike	0.07119
wrongheaded	0.07114
Werth	0.07102
Worster	0.07095
workaround	0.07092
whoring	0.07091
Wampanoag	0.07090
WMS	0.07084
weder	0.07083
wingman	0.07081
Woodall	0.07077
wistfulness	0.07073
Wardlaw	0.07057
Winograd	0.07041
w0	0.07038
Welsch	0.07028
Wadden	0.07026
wolfish	0.07015
what's	0.07010
Wyckoff	0.07010
Wiksell	0.07002
weblogs	0.06999
washstand	0.06996
Wanner	0.06990
Wydawnictwo	0.06987
Weimarer	0.06979
woodstove	0.06975
wrecker	0.06957
weit	0.06955
Weyerhaeuser	0.06948
Woolfolk	0.06944
Wyck	0.06920
Wasserstein	0.06914
Weidner	0.06900
Weingast	0.06893
wiggly	0.06879
wettest	0.06878
W.N.	0.06872
Wiirttemberg	0.06868
Wetmore	0.06851
Wigglesworth	0.06844
WordPad	0.06840
wainscoting	0.06837
wardship	0.06827
wrack	0.06820
wireframe	0.06816
Worthen	0.06804
womanizing	0.06796
Wenham	0.06791
weaklings	0.06790
witticism	0.06786
wafts	0.06776
Waterton	0.06752
witchery	0.06751
Wapping	0.06727
whirlwinds	0.06726
Wouters	0.06714
WebLogic	0.06712
windfalls	0.06707
Wiss	0.06699
wolde	0.06699
Wilmore	0.06691
winches	0.06690
wiggles	0.06677
windup	0.06671
weblog	0.06665
waddle	0.06661
Winans	0.06654
www.Xlibris.com	0.06651
Weser	0.06633
wenches	0.06630
Walkerdine	0.06624
whiskered	0.06617
washboard	0.06616
winemakers	0.06608
Waldrop	0.06604
Wunsch	0.06601
Wahhabism	0.06577
wanly	0.06571
Wahhab	0.06564
Warminster	0.06558
whippings	0.06558
Witold	0.06554
Wattenberg	0.06553
Wrox	0.06522
Wayman	0.06519
Westley	0.06516
Wojciech	0.06495
WebCT	0.06485
Wrangham	0.06479
wisdoms	0.06477
warble	0.06464
Wollheim	0.06457
Wobblies	0.06457
wann	0.06443
Wyer	0.06440
Wilfried	0.06430
Wisse	0.06422
wop	0.06417
Weyland	0.06414
whats	0.06403
Wyk	0.06401
Winfried	0.06395
Walberg	0.06394
windshields	0.06382
werde	0.06369
widescreen	0.06351
Warrendale	0.06349
Worthing	0.06343
Worrell	0.06338
WRC	0.06334
Weinreich	0.06325
wirklich	0.06305
Wyllie	0.06299
wks	0.06298
Willig	0.06297
Westdeutscher	0.06279
wildernesses	0.06276
wreckers	0.06273
windbreak	0.06269
Washita	0.06249
Wyse	0.06238
Wiens	0.06231
Werbner	0.06227
Weimer	0.06217
weare	0.06195
Westman	0.06195
wilfulness	0.06189
windstorm	0.06188
wantin	0.06180
Wurm	0.06178
watchwords	0.06166
woodchuck	0.06163
watchin	0.06160
Wilkin	0.06134
wannabes	0.06134
withthe	0.06129
whirr	0.06116
waterhole	0.06115
weightlifting	0.06115
Wellstone	0.06104
washy	0.06091
Wallas	0.06088
Whitton	0.06079
Weinfeld	0.06079
wheedling	0.06076
Wardell	0.06073
Whitesides	0.06065
whitecaps	0.06040
Wicksell	0.06035
Wassily	0.06035
Wigley	0.06022
Wimsatt	0.06010
WPI	0.05994
wastepaper	0.05993
Worterbuch	0.05990
wholesomeness	0.05987
Wendover	0.05986
westerlies	0.05974
WPC	0.05969
Wentzel	0.05966
Wynter	0.05966
wastefulness	0.05961
wale	0.05942
wallboard	0.05940
Wrangel	0.05907
W.O.	0.05898
wallflower	0.05887
wavefronts	0.05879
Webbs	0.05860
Whatcha	0.05859
Wodak	0.05852
whate'er	0.05846
workmates	0.05826
wilh	0.05824
Witherington	0.05816
Weekes	0.05805
WMDs	0.05802
wheal	0.05800
Welby	0.05800
wavenumbers	0.05798
wattles	0.05797
Weibel	0.05793
Westgate	0.05785
wranglers	0.05779
wirelessly	0.05777
Wernher	0.05764
Wrightson	0.05761
wobei	0.05760
wrongfulness	0.05751
Wideman	0.05742
Weatherby	0.05736
Winterbottom	0.05727
weirdo	0.05725
whelp	0.05721
wolfed	0.05719
woulda	0.05713
Whitson	0.05713
Woll	0.05709
Wachovia	0.05709
waifs	0.05707
willen	0.05695
Warshaw	0.05694
wahrend	0.05692
worthiest	0.05691
www.microsoft.com	0.05689
womanish	0.05689
wintergreen	0.05685
watchtowers	0.05683
whinny	0.05682
wherry	0.05676
whereto	0.05672
Waukesha	0.05657
Wrede	0.05645
Wardour	0.05640
westernised	0.05634
wringer	0.05633
wheelbase	0.05630
WSP	0.05623
Wunder	0.05617
watermen	0.05613
wellhead	0.05613
whammy	0.05607
Wartburg	0.05601
wishy	0.05600
wielder	0.05593
Wyss	0.05593
Whitelock	0.05592
WYSIWYG	0.05587
wools	0.05580
windbreaks	0.05578
whitely	0.05565
Wetherby	0.05555
Wittmann	0.05549
Wycombe	0.05542
wellnigh	0.05542
Waldinger	0.05531
Wollongong	0.05520
Wormald	0.05518
Widom	0.05510
Witham	0.05508
washtub	0.05507
wollte	0.05493
Wordsworthian	0.05483
Wittman	0.05472
winnowed	0.05464
Wentz	0.05450
Winterson	0.05443
WSJ	0.05435
Watkinson	0.05434
wete	0.05428
Westermarck	0.05417
Wedekind	0.05411
wol	0.05408
windowsills	0.05406
wavelike	0.05403
W.Va.	0.05389
Wason	0.05386
www.eBookstore.tandf.co.uk	0.05371
wiz	0.05368
Wannsee	0.05364
Wilentz	0.05360
wrangled	0.05348
Winwood	0.05341
withstands	0.05340
whiche	0.05334
WACC	0.05334
WNBA	0.05333
ween	0.05330
Whatley	0.05328
waterwheel	0.05328
walketh	0.05320
Wallen	0.05320
wooly	0.05319
Windle	0.05311
wheats	0.05309
Waldegrave	0.05307
wallaby	0.05301
wheezes	0.05299
Whatman	0.05299
Whitsun	0.05299
Weingartner	0.05298
Wycherley	0.05286
woogie	0.05283
welfarism	0.05281
Wahhabis	0.05281
whereunto	0.05277
whiteboards	0.05276
warningly	0.05272
Westerfield	0.05262
wordings	0.05259
Wemyss	0.05243
Whitehurst	0.05240
Woking	0.05229
Whitt	0.05227
weirder	0.05224
Wynton	0.05223
Wieser	0.05216
Walkowitz	0.05215
Winnemucca	0.05215
Wilken	0.05211
Wieck	0.05207
Worte	0.05206
Wagnalls	0.05203
webcam	0.05176
wheedle	0.05173
Witmer	0.05169
Wolterstorff	0.05164
woodsy	0.05151
Wouter	0.05148
waypoint	0.05140
whitewashing	0.05137
Wiggin	0.05135
Wilensky	0.05126
Weiland	0.05125
wasters	0.05115
weiteren	0.05115
womanliness	0.05113
Widerstand	0.05105
wineglasses	0.05103
wobbles	0.05100
warmup	0.05096
Wyandotte	0.05094
Wkly	0.05086
wheezy	0.05085
witching	0.05081
wishbone	0.05071
Wehner	0.05065
Wahab	0.05044
whitecollar	0.05026
waylay	0.04998
Wilf	0.04991
woodworkers	0.04989
welcher	0.04988
Westerman	0.04982
wri	0.04982
Weyer	0.04982
Wareham	0.04975
warty	0.04971
workpeople	0.04965
whaleboat	0.04957
wheedled	0.04946
worryingly	0.04946
WTA	0.04943
whithersoever	0.04934
warbled	0.04923
wissenschaftlichen	0.04922
whisks	0.04916
where'er	0.04916
wakening	0.04911
Walby	0.04907
Werfel	0.04906
Wenatchee	0.04894
Wackernagel	0.04891
Willcocks	0.04890
wallpapers	0.04883
WSC	0.04879
whiskies	0.04878
wellmeaning	0.04877
warmers	0.04874
wadis	0.04874
wakeup	0.04866
Wagener	0.04866
woolens	0.04865
Wellek	0.04860
Weigand	0.04850
WLS	0.04850
willin	0.04845
Weale	0.04843
Walley	0.04831
weavings	0.04816
Wehr	0.04813
walruses	0.04812
Weisskopf	0.04807
warhorse	0.04805
Wassermann	0.04787
welleducated	0.04772
Wadley	0.04752
Whoopi	0.04750
Waldeck	0.04748
wraiths	0.04747
Welk	0.04742
Welshmen	0.04741
weren	0.04739
www.copyright.com	0.04719
workarounds	0.04716
whiffs	0.04712
Wittrock	0.04706
Wogan	0.04703
wisher	0.04701
wolfhound	0.04696
wreaks	0.04692
Whiggish	0.04691
Wolfman	0.04690
Weissberg	0.04689
Wolverton	0.04681
Wetherill	0.04677
Warnke	0.04675
W.I.	0.04674
Welker	0.04656
Wadham	0.04640
Weinert	0.04639
Witz	0.04639
wimps	0.04638
woodsmen	0.04635
Walsall	0.04633
woodcutters	0.04629
W.V.	0.04628
workrelated	0.04628
Watzlawick	0.04625
Winkelmann	0.04624
weightage	0.04623
watermarked	0.04623
worrier	0.04621
winepress	0.04619
Winterton	0.04616
wist	0.04602
Willner	0.04601
wenti	0.04590
Winkel	0.04590
Whitgift	0.04590
wellsprings	0.04584
WEF	0.04569
www.cdc.gov	0.04558
Whittingham	0.04549
Weeden	0.04548
waka	0.04542
WSF	0.04540
W/cm2	0.04529
wainscot	0.04526
wingtip	0.04525
weightbearing	0.04521
Wass	0.04511
Wissler	0.04506
wisecracks	0.04504
Wagga	0.04496
welldocumented	0.04492
Walgreen	0.04488
Westfalen	0.04473
whiled	0.04469
wellborn	0.04464
waterbirds	0.04462
Waterfield	0.04456
Wysocki	0.04448
Welford	0.04448
westernisation	0.04441
Willibald	0.04438
whooshing	0.04426
Weimann	0.04409
Wragg	0.04407
Willits	0.04406
Weitzel	0.04398
Wilcock	0.04397
whitetail	0.04395
whacks	0.04394
wearies	0.04391
welfarist	0.04387
we're	0.04377
welches	0.04375
Wigand	0.04369
webmasters	0.04367
warmhearted	0.04367
Wessely	0.04366
washrooms	0.04364
woodcraft	0.04361
woos	0.04360
webpages	0.04359
Wakabayashi	0.04358
wey	0.04348
wavevector	0.04344
Weightman	0.04338
wellinformed	0.04337
wholemeal	0.04336
Woden	0.04327
Wadia	0.04324
Wallonia	0.04324
www.nps.gov	0.04322
Wasserstrom	0.04319
Weidman	0.04311
Willys	0.04309
winces	0.04308
Wilmette	0.04306
Wachs	0.04305
Wrexham	0.04289
WCED	0.04284
Wijk	0.04281
wallabies	0.04277
Watrous	0.04273
Wassenaar	0.04266
wordes	0.04265
witn	0.04264
watersoluble	0.04261
worming	0.04258
Weisbrod	0.04250
whistleblowing	0.04245
Wik	0.04245
Weinman	0.04239
wined	0.04238
Wettstein	0.04236
Wrenn	0.04225
Washington.	0.04223
Waterston	0.04216
Washingtonians	0.04212
Watsons	0.04201
welltrained	0.04194
Woollacott	0.04192
waster	0.04192
wher	0.04190
Waldensians	0.04181
whooshed	0.04179
Wegman	0.04173
Whampoa	0.04167
Wakayama	0.04164
Wesleyans	0.04161
wildfowl	0.04159
Woolfs	0.04152
Werken	0.04146
Weathermen	0.04145
workaholics	0.04142
Wiccans	0.04142
Weinrich	0.04134
Wenlock	0.04133
washerwomen	0.04131
woodcarving	0.04123
warehoused	0.04122
Wolford	0.04117
Westmeath	0.04114
Wurtz	0.04096
Watsonville	0.04096
Walsham	0.04096
weatherproof	0.04093
Waterson	0.04089
welldressed	0.04087
Welle	0.04086
wrathfully	0.04083
witb	0.04079
Whitehaven	0.04077
Wolfenden	0.04074
welldesigned	0.04063
wormholes	0.04061
Wortham	0.04059
worksites	0.04058
woollens	0.04055
Woodroffe	0.04052
winnow	0.04049
wearin	0.04047
writhes	0.04039
Weatherly	0.04037
Weidmann	0.04035
wirken	0.04029
wheaten	0.04028
Wahoo	0.04017
Wendland	0.04017
Wausau	0.04007
Wahrnehmung	0.04006
Waldmann	0.04002
Wichmann	0.03999
wetsuit	0.03998
woodworker	0.03996
Weizman	0.03989
workhorses	0.03977
Wagenaar	0.03969
waypoints	0.03966
wanta	0.03964
Wingo	0.03959
woodlots	0.03945
whoo	0.03941
waterskiing	0.03938
WGBH	0.03936
Willetts	0.03936
waterholes	0.03928
Walch	0.03921
Weisel	0.03915
wonld	0.03910
Wedemeyer	0.03909
worde	0.03907
wasabi	0.03905
Warkentin	0.03896
wormlike	0.03892
Wittich	0.03890
Wallack	0.03887
wordiness	0.03879
Wellfleet	0.03877
Weatherhead	0.03874
wenhua	0.03874
Weisner	0.03870
whin	0.03869
Wurster	0.03867
wormy	0.03858
wellintentioned	0.03857
warehouseman	0.03850
Wimpole	0.03846
woodlot	0.03842
Wolk	0.03841
WPP	0.03835
Wellbutrin	0.03831
Wyke	0.03831
whv	0.03828
wastrel	0.03828
wittiest	0.03827
Westheimer	0.03817
wowed	0.03816
Wahlberg	0.03813
Wallner	0.03812
wholistic	0.03809
worldclass	0.03808
Wipro	0.03806
wingtips	0.03802
Werte	0.03799
Weatherall	0.03797
Wethersfield	0.03788
wih	0.03788
Woodfield	0.03786
Wender	0.03783
What've	0.03782
Whitsunday	0.03782
wch	0.03779
wining	0.03777
Whinston	0.03768
warfighting	0.03766
www.google.com	0.03766
woebegone	0.03760
Walgreens	0.03760
wrings	0.03756
walkable	0.03744
Wurlitzer	0.03735
Walloons	0.03733
Woolworths	0.03731
Wapner	0.03725
Woolcock	0.03724
wielders	0.03721
Wellingtons	0.03713
wristwatches	0.03696
Wellingborough	0.03696
Whitlow	0.03691
waggle	0.03689
Wilmut	0.03688
Wiggs	0.03681
wrangles	0.03680
whispery	0.03674
wellorganized	0.03672
Winick	0.03669
Walthall	0.03661
Wagram	0.03655
whinnying	0.03655
witha	0.03643
www.prenhall.com	0.03642
wichtige	0.03639
whoopee	0.03638
Wesel	0.03634
wallows	0.03630
willies	0.03626
Washingtonian	0.03626
wetly	0.03617
wronging	0.03606
Walvin	0.03603
Wiliam	0.03600
Warman	0.03599
Waksman	0.03594
Wever	0.03589
waggling	0.03580
Wilburn	0.03579
Whitsuntide	0.03577
Wilmott	0.03573
Winckler	0.03568
Würzburg	0.03566
Wojcik	0.03564
Winkelman	0.03564
Wallington	0.03560
wom	0.03555
Winokur	0.03541
workaholism	0.03537
Weigert	0.03535
WebTV	0.03531
Weisheit	0.03519
Wrobel	0.03514
whensoever	0.03513
Wehler	0.03513
wiederum	0.03507
Wickes	0.03500
wrinkly	0.03493
walkthroughs	0.03490
Wainer	0.03483
Winstead	0.03480
Waldstein	0.03480
waitressing	0.03478
Waldenses	0.03477
Weygand	0.03475
Wilner	0.03472
Wyden	0.03468
Waynesboro	0.03467
wouldest	0.03467
workrooms	0.03463
Wier	0.03461
Wierzbicka	0.03459
wino	0.03457
winnable	0.03454
withholdings	0.03447
WordNet	0.03446
waterspout	0.03444
whorled	0.03443
Weigley	0.03438
wakens	0.03437
Wheaties	0.03430
Westergaard	0.03428
Wickramasinghe	0.03422
Wickliffe	0.03417
woful	0.03413
wirtschaftlichen	0.03406
workes	0.03404
wildlands	0.03402
wriggles	0.03402
Wolstenholme	0.03401
writin	0.03392
wacko	0.03390
Weingart	0.03387
Welwyn	0.03386
workweeks	0.03386
Weisse	0.03385
wa'n't	0.03376
weatherbeaten	0.03375
Webley	0.03372
wherefores	0.03371
wus	0.03370
washcloths	0.03370
Wolffian	0.03368
wades	0.03366
Wilhelms	0.03366
Wii	0.03355
wayfaring	0.03354
wineskins	0.03352
wesentlich	0.03351
whelps	0.03345
Wolinsky	0.03336
wends	0.03330
wich	0.03330
wirh	0.03330
wayes	0.03328
Woodham	0.03327
wuss	0.03322
wiih	0.03322
wooer	0.03315
Winchelsea	0.03311
WinZip	0.03308
Wochenschrift	0.03307
Wernick	0.03303
wickedest	0.03296
Waukegan	0.03294
Worsham	0.03292
wordly	0.03291
wastefully	0.03289
waterbed	0.03286
whodunit	0.03284
Westbourne	0.03278
Wirtschafts	0.03274
wristband	0.03269
whited	0.03268
Witkowski	0.03263
Wette	0.03256
wavs	0.03246
Waterlow	0.03243
Whitehill	0.03234
weathercock	0.03234
walkabout	0.03227
wahrscheinlich	0.03225
wonderin	0.03224
waviness	0.03224
wharfs	0.03222
woodenly	0.03222
WSSD	0.03220
wrth	0.03219
whoredom	0.03218
Wauchope	0.03218
Wirral	0.03217
Wykeham	0.03210
whe	0.03210
Whurr	0.03203
watersports	0.03202
woodchucks	0.03200
Washingtons	0.03194
wichtig	0.03185
Weigle	0.03183
W4	0.03171
waterpower	0.03170
Weschler	0.03170
weightiest	0.03169
Wolfinger	0.03166
weirdos	0.03160
Wisbech	0.03160
Wyandot	0.03157
Whitestone	0.03153
wristbands	0.03143
wether	0.03142
worlde	0.03138
wiU	0.03136
Where're	0.03129
watchfully	0.03126
Woolard	0.03118
willbe	0.03118
Wittkower	0.03112
welchem	0.03105
worid	0.03102
Wiegman	0.03101
Weissmann	0.03089
WMC	0.03085
wae	0.03077
wailings	0.03073
Wolfhart	0.03071
Wilden	0.03068
wahr	0.03063
Weinreb	0.03063
Willman	0.03061
Wenk	0.03058
wideeyed	0.03056
whorehouses	0.03051
westlichen	0.03042
Wasik	0.03040
wirtschaftliche	0.03038
wichtigsten	0.03031
winched	0.03027
warlocks	0.03023
wolfing	0.03018
wifehood	0.03015
Waltons	0.03015
Willison	0.03015
wif	0.03011
wx	0.03008
weltering	0.03007
Wurtemberg	0.03002
whirligig	0.02997
Wirz	0.02997
waspish	0.02996
windstorms	0.02990
Waylon	0.02988
wellto	0.02986
weeknight	0.02983
Wiberg	0.02983
Weatherhill	0.02981
Weisser	0.02978
www.cambridge.org	0.02973
Wajda	0.02973
Widmark	0.02971
wombat	0.02963
Wetenschappen	0.02950
wellformed	0.02945
wos	0.02944
wtth	0.02941
Weyden	0.02940
Wanger	0.02940
Wests	0.02935
waffling	0.02935
Wittfogel	0.02934
Wallman	0.02932
woad	0.02931
Wollman	0.02927
Wheatcroft	0.02923
westering	0.02922
wherefrom	0.02916
W5	0.02914
warmongers	0.02908
Wonka	0.02907
whetting	0.02907
whizz	0.02907
wisecracking	0.02901
Winnetka	0.02900
Wolffe	0.02896
Wilfredo	0.02890
Wesleys	0.02888
Westminister	0.02887
Worchel	0.02886
Winfred	0.02882
Withington	0.02876
walkouts	0.02872
Winternitz	0.02865
Walston	0.02859
Wingard	0.02854
Westall	0.02853
Westerville	0.02851
wisecrack	0.02843
www.oup.com	0.02839
Woude	0.02837
Willes	0.02834
Whiteford	0.02829
Wedgewood	0.02821
wordsmith	0.02819
welchen	0.02816
Wexner	0.02807
Willink	0.02801
Westra	0.02800
wickerwork	0.02800
Wrangell	0.02797
winos	0.02783
windrows	0.02771
wreathing	0.02770
woodsmoke	0.02762
Wack	0.02760
Wilhelmshaven	0.02752
W6	0.02749
weathervane	0.02749
wineskin	0.02749
Wochenschr	0.02744
withall	0.02743
winders	0.02742
WINNT	0.02742
Watney	0.02729
Whang	0.02729
Whitchurch	0.02717
Wormser	0.02716
whiling	0.02713
wellbalanced	0.02707
Wolfers	0.02704
whome	0.02701
Woodring	0.02697
Waites	0.02696
weeknights	0.02691
watchmakers	0.02686
Witney	0.02685
Wigfield	0.02678
Wako	0.02676
Wiersma	0.02674
www.worldbank.org	0.02668
weist	0.02656
Wolfenstein	0.02649
Weigl	0.02648
Waddy	0.02647
Wartenberg	0.02647
wornout	0.02645
Wennberg	0.02641
Wimbush	0.02640
wellfounded	0.02638
WZ	0.02634
wimple	0.02630
Wildes	0.02630
Whitwell	0.02611
whisde	0.02607
wallflowers	0.02606
waterwheels	0.02606
Wrightsman	0.02586
WebDAV	0.02582
Wallich	0.02580
wa3	0.02578
wala	0.02576
Weakland	0.02575
Westernizing	0.02563
Welte	0.02560
WlTH	0.02557
whiner	0.02548
washerman	0.02545
wellordered	0.02543
whelks	0.02538
wattled	0.02536
wero	0.02527
webcams	0.02527
whiskeys	0.02527
Weehawken	0.02518
Wagners	0.02515
Weybridge	0.02513
warthog	0.02511
windbag	0.02507
wellequipped	0.02502
walloped	0.02497
wesentlichen	0.02496
Wees	0.02491
Wilbraham	0.02484
waterspouts	0.02480
Walthamstow	0.02478
www.epa.gov	0.02476
wagtail	0.02475
www.census.gov	0.02474
Woon	0.02468
wheatgrass	0.02464
wasn't	0.02462
Weissmuller	0.02460
whelming	0.02459
wahre	0.02457
Waitz	0.02455
Whitacre	0.02455
workbenches	0.02451
Wirkungen	0.02442
WGA	0.02439
wou	0.02437
windsurfers	0.02432
wonton	0.02424
Where've	0.02424
Wurst	0.02414
waitstaff	0.02408
www.AuthorTracker.com	0.02403
worldfamous	0.02403
Wiklund	0.02399
waistbands	0.02397
Worten	0.02396
won't	0.02396
wenige	0.02394
weenie	0.02376
wagonload	0.02374
we'll	0.02371
WDR	0.02370
Welbeck	0.02368
WW2	0.02365
whippoorwill	0.02361
wellrounded	0.02358
warmongering	0.02353
Warley	0.02353
waxworks	0.02352
Winther	0.02351
waterfronts	0.02350
wint	0.02348
wahren	0.02348
Wardha	0.02348
wasa	0.02347
wellworn	0.02340
waggish	0.02338
whets	0.02338
Wendi	0.02336
Wolper	0.02335
Weyman	0.02328
Württemberg	0.02326
Wieringa	0.02322
whiteout	0.02319
Watan	0.02315
waffled	0.02314
woundedness	0.02313
Wiersema	0.02311
worl	0.02308
WGN	0.02301
wras	0.02298
weightiness	0.02293
wouldn't	0.02286
Wess	0.02284
Wettbewerb	0.02284
worstcase	0.02283
warmonger	0.02282
Wickman	0.02281
wordt	0.02281
Woolson	0.02276
www.irs.gov	0.02272
Witzel	0.02272
weiß	0.02265
wangle	0.02264
Westville	0.02260
woodblocks	0.02257
whisperer	0.02255
Warri	0.02254
whelmed	0.02251
washouts	0.02250
worklife	0.02246
Wooton	0.02246
wised	0.02240
Wikstrom	0.02237
Wladimir	0.02234
Withrow	0.02232
Windisch	0.02228
wish'd	0.02219
whiners	0.02217
washbasins	0.02214
WPS	0.02212
Wokingham	0.02212
waterproofed	0.02212
W.Y.	0.02207
wideopen	0.02202
Welborn	0.02202
Wissens	0.02199
wingback	0.02197
wicking	0.02192
whitehaired	0.02186
wangled	0.02185
winningly	0.02174
waming	0.02174
Walster	0.02172
Wied	0.02168
worldling	0.02163
Woodberry	0.02156
witl	0.02155
wellpreserved	0.02154
woodcarvings	0.02150
W8	0.02143
Whaddya	0.02139
wij	0.02135
warlordism	0.02127
warhorses	0.02126
Wilm	0.02117
weightlifter	0.02111
wanning	0.02108
whizzes	0.02107
W.W.Norton	0.02107
www.penguin.com	0.02106
wastebaskets	0.02095
Wintour	0.02094
Woodfin	0.02093
Wouk	0.02091
waistlines	0.02088
Widerspruch	0.02088
widder	0.02085
wellbehaved	0.02084
Wook	0.02084
www.un.org	0.02078
Wachowski	0.02077
worriers	0.02072
Wuxi	0.02068
www.yahoo.com	0.02058
womans	0.02058
Westervelt	0.02052
Waldenstrom	0.02052
whup	0.02041
wanker	0.02040
worser	0.02039
wassail	0.02032
Whedon	0.02030
www.echo	0.02030
wideness	0.02030
worktop	0.02028
woodcarver	0.02027
wishfully	0.02026
wigged	0.02022
waB	0.02022
Weierstrass	0.02022
wud	0.02021
wissenschaftlicher	0.02019
wows	0.02015
windscreens	0.02014
Wieczorek	0.02012
Wildt	0.02009
wellconnected	0.01996
WCS	0.01995
Werf	0.01995
webcast	0.01989
wunderkind	0.01977
windage	0.01976
Willens	0.01975
wirkt	0.01974
Widmann	0.01972
Wolfsburg	0.01963
Wooding	0.01960
wholesomely	0.01958
waveband	0.01954
worryin	0.01953
welkin	0.01950
www.amazon.com	0.01945
worldrenowned	0.01939
www.elsevier.com	0.01935
wur	0.01935
woodcocks	0.01934
wayfinding	0.01934
Wiesen	0.01932
wieners	0.01916
Wamba	0.01915
whs	0.01912
wallpapered	0.01909
wordprocessing	0.01909
wrests	0.01906
weddin	0.01903
Wasco	0.01902
wroughtiron	0.01901
w'en	0.01901
wettable	0.01900
Wurzel	0.01899
Weidemann	0.01896
wellrespected	0.01889
Wiest	0.01888
wholegrain	0.01887
whut	0.01886
willeth	0.01881
werd	0.01881
Welten	0.01878
Walcheren	0.01875
workpieces	0.01871
Warschauer	0.01867
whichis	0.01864
Wamer	0.01862
Weib	0.01860
waverers	0.01849
weals	0.01845
Warham	0.01843
Winchesters	0.01838
Winslet	0.01837
wranglings	0.01834
Whetten	0.01834
whelk	0.01825
wenigstens	0.01824
witting	0.01824
welldrained	0.01823
Warangal	0.01822
Wahba	0.01822
Waldfogel	0.01815
Whidbey	0.01813
wno	0.01812
whitens	0.01804
wagonloads	0.01803
wbo	0.01801
Wriothesley	0.01794
whorish	0.01786
www.authorhouse.com	0.01785
Wobegon	0.01783
www.xulonpress.com	0.01781
worldlings	0.01781
Wurzeln	0.01778
wheals	0.01777
W7	0.01773
welldeserved	0.01772
weeny	0.01771
Wachstum	0.01770
would'st	0.01769
withm	0.01766
waddles	0.01764
Wurmser	0.01764
www.randomhouse.com	0.01755
www.il.proquest.com	0.01755
W1T	0.01753
Weyler	0.01752
Wahlstrom	0.01752
Weinbaum	0.01749
wetsuits	0.01749
weie	0.01749
Wady	0.01747
wheelie	0.01746
Withey	0.01745
wam	0.01744
whereever	0.01743
Wliat	0.01743
Walczak	0.01741
Walde	0.01740
witheringly	0.01739
wellwritten	0.01738
Wykes	0.01737
WisconsinMadison	0.01736
waxwork	0.01735
wellwishers	0.01731
worths	0.01727
worts	0.01721
Weyrich	0.01720
Wortes	0.01718
wastin	0.01718
whene'er	0.01713
Wechsel	0.01713
wedgeshaped	0.01712
wofully	0.01712
weisen	0.01709
Webers	0.01701
wombats	0.01700
Wyld	0.01697
washhouse	0.01692
Wenceslaus	0.01691
whipper	0.01683
Willam	0.01683
Watauga	0.01682
wetbacks	0.01681
welterweight	0.01676
whimsies	0.01665
Winkie	0.01661
Windex	0.01659
withes	0.01654
Wantage	0.01652
weaponless	0.01651
walke	0.01651
whiplike	0.01650
wellplaced	0.01650
Weinmann	0.01647
wenigen	0.01645
Weisbach	0.01640
wisht	0.01634
Willesden	0.01634
wheelwrights	0.01633
wellplanned	0.01627
Williamses	0.01621
witchy	0.01620
Waziristan	0.01618
Witsch	0.01617
Wohlstetter	0.01616
Willms	0.01613
Westernstyle	0.01613
Windom	0.01607
Wissenschaftslehre	0.01607
wichtigen	0.01607
Weltgeschichte	0.01597
workmate	0.01593
wrt	0.01593
Wellings	0.01585
Wolfenbuttel	0.01582
Woolston	0.01581
wellfunctioning	0.01576
Wemer	0.01569
whipcord	0.01567
Wolffs	0.01564
Warcraft	0.01564
Westford	0.01563
warbles	0.01561
Wiesenfeld	0.01560
Whitbeck	0.01558
windbreakers	0.01556
weightlifters	0.01553
Windrush	0.01552
whiskery	0.01548
Weatherill	0.01548
wecan	0.01548
Wulfstan	0.01548
WQ	0.01546
Wenz	0.01546
wanned	0.01545
Waterland	0.01545
Wriston	0.01542
W1P	0.01540
Webbe	0.01537
woodburning	0.01535
Wissowa	0.01534
wolds	0.01533
washtubs	0.01532
w1th	0.01527
Wyche	0.01526
weblike	0.01524
warmaking	0.01516
Westmacott	0.01515
wittier	0.01515
widescale	0.01512
wonky	0.01511
woodmen	0.01507
wallpapering	0.01505
würden	0.01502
www.praeger.com	0.01502
witchdoctor	0.01502
weaponized	0.01499
Websters	0.01497
wili	0.01496
wliich	0.01496
Wroblewski	0.01493
Wenzhou	0.01493
wTas	0.01492
Wangari	0.01491
wellpublicized	0.01484
wreathe	0.01480
wooers	0.01480
wellbred	0.01480
wonderings	0.01478
wonks	0.01473
windproof	0.01470
Whiggism	0.01470
whilom	0.01469
weepers	0.01469
wantto	0.01468
womaniser	0.01465
Willemsen	0.01464
Wyandots	0.01462
Wehrli	0.01460
Whitcombe	0.01459
wildebeests	0.01458
wideawake	0.01456
whic	0.01450
Wilhem	0.01448
Waterstone	0.01444
Wendler	0.01444
weake	0.01442
wellstocked	0.01441
walloping	0.01439
wiil	0.01437
whos	0.01430
wintery	0.01430
wasna	0.01428
Winnifred	0.01427
Weltbild	0.01427
weet	0.01426
wastrels	0.01423
Westerlund	0.01420
Wheatland	0.01419
wbich	0.01419
Warbeck	0.01419
weiblichen	0.01419
wainscoted	0.01417
wiseacres	0.01416
warrantable	0.01413
www.pbs.org	0.01408
Walbrook	0.01405
WSW	0.01399
wartorn	0.01398
Wesseling	0.01397
Whitmanesque	0.01395
widebrimmed	0.01392
waylaying	0.01388
W.W	0.01386
Wimberly	0.01384
Waage	0.01381
Wych	0.01379
whimsicality	0.01374
Windelband	0.01373
www.mhhe.com	0.01372
waiteth	0.01366
Wahlen	0.01364
Whigham	0.01362
watchings	0.01358
warpage	0.01357
weekenders	0.01356
www.rowmanlittlefield.com	0.01355
winna	0.01353
Wandlungen	0.01352
wellmaintained	0.01344
wraithlike	0.01340
wideangle	0.01340
waw	0.01339
Wolfenbiittel	0.01337
Whiggery	0.01337
wipeout	0.01336
Washbourne	0.01336
Wanless	0.01335
wouid	0.01335
Walhalla	0.01332
writeable	0.01332
wellcontrolled	0.01331
wellmade	0.01330
wiliness	0.01323
Wait'll	0.01323
walk'd	0.01320
whippet	0.01319
wiirde	0.01319
wheatfields	0.01318
w'at	0.01315
we've	0.01312
whicli	0.01309
wellprepared	0.01307
wonderfull	0.01306
welloff	0.01303
washermen	0.01302
wordsmiths	0.01302
wichtiger	0.01302
whisperers	0.01300
www.stmartins.com	0.01298
washbowl	0.01297
Weidenfield	0.01291
widout	0.01291
Whaddaya	0.01282
watchable	0.01279
Wodrow	0.01274
whois	0.01273
www.kensingtonbooks.com	0.01270
Weltwirtschaftliches	0.01268
wyth	0.01267
whatis	0.01264
winningest	0.01264
woidd	0.01262
Wallachian	0.01261
werry	0.01261
Wafa	0.01256
wellresearched	0.01254
waterproofs	0.01253
workless	0.01253
wellmanaged	0.01252
whatyou	0.01251
Warmington	0.01249
wellgroomed	0.01247
Wahabi	0.01245
www.corwinpress.com	0.01243
whump	0.01243
weatherboard	0.01243
Walken	0.01243
washin	0.01237
weiterhin	0.01235
Wipf	0.01232
wellbuilt	0.01231
Wynette	0.01230
watermill	0.01226
Wiemann	0.01225
WSM	0.01224
www.fda.gov	0.01220
Whibley	0.01218
whippersnapper	0.01217
wery	0.01217
walkover	0.01213
www.nytimes.com	0.01212
writhings	0.01208
woks	0.01208
woodcutting	0.01207
wreathes	0.01204
www.e	0.01203
www.geocities.com	0.01202
Wainright	0.01202
wader	0.01199
Wakeham	0.01198
winde	0.01197
Woerner	0.01194
weans	0.01192
Wigram	0.01191
www.whitehouse.gov	0.01190
wellthought	0.01189
whupped	0.01185
Wajcman	0.01184
Wollenberg	0.01182
wellunderstood	0.01180
weightlessly	0.01179
whipsawed	0.01179
Woche	0.01178
waterlilies	0.01174
whoremongers	0.01173
Woolrich	0.01172
wellas	0.01171
Wieman	0.01166
WCB	0.01163
Winnick	0.01155
warplane	0.01154
whoppers	0.01151
Witts	0.01149
Woodgate	0.01148
whingeing	0.01146
windiest	0.01144
wristed	0.01142
Wyplosz	0.01140
witii	0.01137
wyll	0.01134
Wadhwa	0.01133
www.wileyeurope.com	0.01131
whipt	0.01128
welladjusted	0.01124
weenies	0.01124
WWE	0.01122
Wilby	0.01122
Wojciechowski	0.01121
Warkworth	0.01120
Wiel	0.01120
Welf	0.01119
Wirksamkeit	0.01119
wallah	0.01117
warmblooded	0.01117
wheu	0.01114
wellsuited	0.01114
whis	0.01111
weatherworn	0.01111
whenthe	0.01107
workups	0.01104
wolfishly	0.01103
Walkley	0.01102
windmilling	0.01102
winglike	0.01101
Wampler	0.01098
Wirtschaftsgeschichte	0.01091
Westby	0.01087
WebMD	0.01085
Whatta	0.01081
wank	0.01079
Willowbrook	0.01078
Woolridge	0.01073
wehave	0.01072
Wiltse	0.01070
www.arcadiapublishing.com	0.01068
Wiederkehr	0.01066
www.who.int	0.01061
Warnes	0.01061
Woffington	0.01060
wellchosen	0.01052
winwin	0.01051
www.authorhouse	0.01051
wellmannered	0.01050
windchill	0.01049
wellappointed	0.01042
webcasts	0.01041
Wittenburg	0.01040
Wuchang	0.01029
wellstructured	0.01028
whinnies	0.01027
wackos	0.01025
wellkept	0.01024
Wynd	0.01017
wonderous	0.01016
Washtenaw	0.01016
www.greenwood.com	0.01013
WDI	0.01013
wingspans	0.01011
woodshop	0.01010
Walkmans	0.01008
Wimborne	0.01008
Wroe	0.01003
Werker	0.01002
warranto	0.009966
www.bibliogr	0.009926
Why're	0.009912
WC2E	0.009910
worshipfully	0.009910
wearier	0.009908
Waltraud	0.009890
wrasse	0.009874
wagoners	0.009870
wisdome	0.009760
waterbased	0.009756
www.gale.com	0.009746
Weishaupt	0.009713
Westernism	0.009701
Werkes	0.009697
Wathen	0.009684
Westmead	0.009683
wights	0.009654
www.adobe.com	0.009627
www.ed.gov	0.009598
wnen	0.009569
wadna	0.009567
Wlien	0.009563
wellies	0.009551
Walraven	0.009549
warmness	0.009526
woodcarvers	0.009524
wouldna	0.009513
wite	0.009508
windsock	0.009497
wethers	0.009482
wollten	0.009443
withinthe	0.009443
wben	0.009419
wasjust	0.009352
widgeon	0.009331
wbat	0.009309
Wallaces	0.009295
www.facthound.com	0.009259
wistaria	0.009208
www.eHariequin.com	0.009206
Whitmer	0.009201
wellconstructed	0.009185
www.ashgate.com	0.009145
wapiti	0.009141
Williford	0.009116
wellheeled	0.009086
Winterbourne	0.009066
www.peterlang.com	0.009033
whereafter	0.009026
weanling	0.008979
Wiskott	0.008954
wowing	0.008947
Wintle	0.008941
Weltkrieges	0.008934
Wicke	0.008930
Winnington	0.008903
Wawa	0.008839
whee	0.008826
www.bbc.co.uk	0.008784
whicb	0.008757
walkup	0.008747
Walpurgis	0.008730
W10	0.008723
Wairau	0.008714
www.collectionscanada.ca	0.008709
Weinsheimer	0.008700
Wardrop	0.008682
www.oecd.org	0.008665
weightily	0.008649
withe	0.008647
www.sec.gov	0.008631
world.The	0.008629
Weikum	0.008628
wagtails	0.008595
wjth	0.008593
Waldner	0.008584
warthogs	0.008550
whisded	0.008474
Woollcott	0.008472
worrywart	0.008467
Winne	0.008467
Westerberg	0.008467
weeper	0.008422
WileyInterscience	0.008397
whiffed	0.008371
worktables	0.008364
Whitefriars	0.008352
Wadleigh	0.008344
Wetzlar	0.008330
wasthe	0.008294
Wistaston	0.008288
Waldensian	0.008281
windier	0.008260
warnin	0.008238
Weddle	0.008233
wellpaid	0.008224
wetback	0.008206
www.blackwellpublishing.com	0.008193
wiseacre	0.008189
Widdicombe	0.008148
www.apple.com	0.008148
Weisbrot	0.008142
washboards	0.008133
wand'ring	0.008119
wheres	0.008065
webmaster.ebooks	0.008054
Wilhelmstrasse	0.008049
weiterer	0.008047
wholewheat	0.008043
warld	0.007976
wonderfulness	0.007971
wonk	0.007958
weaponization	0.007940
woodworm	0.007931
Wll	0.007912
wrang	0.007908
whalemen	0.007850
Weikart	0.007830
WCDMA	0.007818
willynilly	0.007812
Wakan	0.007764
wwwroot	0.007764
Wesrview	0.007755
www.ablongman.com	0.007726
Wani	0.007715
Watty	0.007704
www.the	0.007702
Whelton	0.007692
Willets	0.007690
withy	0.007674
warres	0.007659
wouldnt	0.007648
www.panmacmillan.com	0.007645
www.morefreebooks.com	0.007621
Wils	0.007616
whitebait	0.007609
wul	0.007603
wuth	0.007544
whiney	0.007535
wheeldrive	0.007526
wären	0.007484
WW1	0.007466
wellrecognized	0.007457
Worchester	0.007448
wimmen	0.007403
Weide	0.007392
whichthe	0.007392
wellgrounded	0.007378
wellmarked	0.007340
woi	0.007318
waveless	0.007316
www.trafford.com	0.007311
Wohlgemuth	0.007309
waies	0.007307
wre	0.007304
Wagenknecht	0.007282
wither'd	0.007253
wellproportioned	0.007253
Wirtschaftsforschung	0.007250
Weiden	0.007235
wheresoe'er	0.007217
Wndows	0.007215
Waltheof	0.007205
Wohler	0.007190
WMF	0.007172
Wraxall	0.007136
wittedness	0.007134
witk	0.007114
weighings	0.007095
watermills	0.007024
Woodfall	0.007017
wasnot	0.006992
wns	0.006976
wishin	0.006970
Wallstein	0.006970
www.authorhouse.co.uk	0.006968
Wildside	0.006954
Wakely	0.006911
wriggly	0.006893
witnesseth	0.006873
Whitelocke	0.006858
WCA	0.006853
www.cnn.com	0.006826
Wilna	0.006811
whaleboats	0.006806
wanteth	0.006801
womblike	0.006779
WTien	0.006777
wan't	0.006775
wherethe	0.006761
Winnebagoes	0.006752
Woolner	0.006747
watch'd	0.006727
Wynkyn	0.006716
www.cepr.org	0.006692
www.simonsays.com	0.006674
whatI	0.006669
Woolfe	0.006644
WMV	0.006610
wantons	0.006608
walkest	0.006608
Wndow	0.006516
www.harpercollins.com	0.006498
Wörterbuch	0.006489
Wittner	0.006458
Wardwell	0.006458
whereabout	0.006436
warmish	0.006429
Wikimedia	0.006429
wains	0.006417
wnich	0.006402
wifey	0.006379
Wiclif	0.006355
Wegg	0.006290
wavery	0.006263
whish	0.006258
Wolke	0.006254
www.bls.gov	0.006243
wara	0.006220
woodlice	0.006215
Waimea	0.006211
wellarmed	0.006198
Wampanoags	0.006173
windrow	0.006169
wiseass	0.006148
WTiat	0.006144
Wiederaufbau	0.006141
wntten	0.006137
writen	0.006108
watercooler	0.006101
windlasses	0.006097
Westberg	0.006076
wbicb	0.006070
www.wto.org	0.006068
WebService	0.006040
woolsack	0.006040
Weiskopf	0.006038
Wigg	0.005989
we'd	0.005967
Warriner	0.005962
wankers	0.005960
waur	0.005957
Wicksteed	0.005955
WNET	0.005949
Wilco	0.005940
Walmer	0.005937
whetherthe	0.005931
Wilamowitz	0.005930
women's	0.005915
wing'd	0.005903
www.accesscopyright.ca	0.005903
weiteres	0.005901
Wearmouth	0.005881
www.ftc.gov	0.005865
wem	0.005836
wildeyed	0.005832
Wau	0.005807
wrestlings	0.005800
www.heinemannlibrary.com	0.005787
Wynyard	0.005785
Wiedersehen	0.005762
Wooler	0.005740
www.tatepublishing.com	0.005740
whetstones	0.005735
well.The	0.005729
Werder	0.005728
waj	0.005710
Wetherall	0.005690
www.thomsonrights.com	0.005684
wather	0.005665
wa9	0.005645
Wistrich	0.005643
Weinhold	0.005641
watercolorist	0.005632
warehousemen	0.005630
www.cia.gov	0.005625
www.tor.com	0.005623
woodchips	0.005614
whal	0.005612
Whisnant	0.005603
Wensleydale	0.005600
Wismar	0.005565
www.capstonepress.com	0.005515
whens	0.005500
weightloss	0.005500
Wendling	0.005486
Wolski	0.005468
Wagstaffe	0.005463
Witan	0.005445
woulde	0.005435
whaur	0.005430
W9	0.005399
Waldeyer	0.005378
wcro	0.005376
whilk	0.005354
watchmaking	0.005336
Wakamatsu	0.005329
Williamsburgh	0.005291
winching	0.005289
Wahn	0.005284
womanlike	0.005279
Wanganui	0.005270
wouldhave	0.005270
whitefaced	0.005252
whon	0.005210
Wellen	0.005174
Woonsocket	0.005169
www.heinemannraintree.com	0.005129
wrere	0.005120
wolflike	0.005091
Wagg	0.005060
wate	0.005046
wherries	0.005046
weirded	0.005044
Warrender	0.005044
Willmore	0.005042
wull	0.005033
Woodmansee	0.005026
wiley.com	0.005012
wiliest	0.004990
www.erlbaum.com	0.004968
Wenden	0.004963
whenas	0.004954
wheatfield	0.004949
www.bookaid.org	0.004923
wheelies	0.004922
whoe'er	0.004918
Wittemberg	0.004916
Winfree	0.004898
whero	0.004882
www.cengage.com	0.004862
www.sabre.org	0.004848
www.myspace.com	0.004846
womenkind	0.004846
wayworn	0.004839
writingtable	0.004831
wiv	0.004824
widespreading	0.004822
whc	0.004821
www.dummies.com/register/	0.004821
waterings	0.004804
wickednesses	0.004802
www.crcpress.com	0.004795
Whitesell	0.004793
Wael	0.004777
wholo	0.004775
whop	0.004770
whichare	0.004757
Woolford	0.004743
Welchman	0.004723
workbox	0.004707
whored	0.004696
walkietalkie	0.004687
wolfhounds	0.004683
wharfage	0.004680
wellregulated	0.004669
whare	0.004667
Wiirtemberg	0.004656
wkh	0.004635
Willock	0.004626
wellreceived	0.004620
wereld	0.004586
whilo	0.004577
Wlad	0.004577
waspishly	0.004568
wikipedia.org	0.004561
Wolfert	0.004554
Wochen	0.004552
www.cosimobooks.com	0.004550
Whisht	0.004539
wTere	0.004532
wuh	0.004532
wnat	0.004530
Waisman	0.004516
wishest	0.004512
withont	0.004512
wagonette	0.004490
Wigfall	0.004489
Waheed	0.004487
Waxler	0.004478
wallahs	0.004469
waterslide	0.004462
Wealden	0.004444
writeth	0.004433
Wildean	0.004431
worsteds	0.004429
wherof	0.004422
Warhurst	0.004413
whirligigs	0.004402
watter	0.004393
Women.com	0.004384
weitgehend	0.004332
wThich	0.004330
wherin	0.004319
Wigton	0.004312
www.the5thwave.com	0.004308
wiseguy	0.004296
www.romance.net	0.004281
waitings	0.004272
WordPress	0.004272
wanter	0.004256
weathercocks	0.004249
Wednesbury	0.004222
wellearned	0.004220
Wach	0.004206
Wittelsbach	0.004175
Wallon	0.004171
wun	0.004169
whoredoms	0.004146
work.The	0.004144
worldbank.org	0.004128
womanising	0.004121
Wirkungsgeschichte	0.004096
Willimantic	0.004094
Westernize	0.004079
Weltpolitik	0.004072
Whateley	0.004070
wickeder	0.004067
Winterhalter	0.004056
whelm	0.004052
Worksop	0.004050
Warin	0.004032
Wasko	0.004029
Waever	0.004029
WABC	0.004023
Wynkoop	0.004007
woul	0.003989
Westborough	0.003980
Wirtemberg	0.003971
www.thomsonlearning.com	0.003971
www.jbpub.com	0.003966
waxeth	0.003949
wi'out	0.003942
Winnebagos	0.003939
Whymper	0.003937
Waardenburg	0.003935
www.lernerbooks.com	0.003930
Wagen	0.003913
Wolken	0.003906
whicn	0.003894
wander'd	0.003883
wannest	0.003874
Wedmore	0.003830
Whishaw	0.003830
www.1stworldlibrary.com	0.003830
wholebody	0.003809
www.scholastic.com	0.003807
weer	0.003787
Watton	0.003787
winsomeness	0.003769
Wiarda	0.003762
wiling	0.003722
wilier	0.003699
weariest	0.003693
Welldon	0.003693
wigging	0.003690
www.garethstevens.com	0.003684
whacker	0.003675
woald	0.003674
www.lulu.com	0.003666
Walewski	0.003666
winkles	0.003654
Wordsworths	0.003650
Whitmarsh	0.003648
www.sunypress.edu	0.003632
whinge	0.003625
warmups	0.003616
Wirtschaftspolitik	0.003609
Weider	0.003594
wfll	0.003592
www.ReadHowYouWant.co	0.003589
weigher	0.003585
wash'd	0.003576
Witcover	0.003569
welldisposed	0.003567
whittles	0.003547
Wachusett	0.003535
wellversed	0.003533
wifes	0.003517
whirs	0.003508
Westpac	0.003504
wavebands	0.003490
woik	0.003455
weepest	0.003445
widelv	0.003443
wnere	0.003441
Welcker	0.003435
woold	0.003434
Whitehorn	0.003423
windbags	0.003410
waitingroom	0.003387
Whipp	0.003383
whoreson	0.003367
waggonette	0.003365
Wynberg	0.003362
wnte	0.003362
woo'd	0.003345
wellcharacterized	0.003344
weakminded	0.003335
welted	0.003331
WinstonSalem	0.003325
www.harpercollinschildrens.com	0.003322
wat'ry	0.003318
www.springer.com	0.003315
Winesburg	0.003315
www.cancer.org	0.003313
waggles	0.003307
waterboarding	0.003288
wifeless	0.003284
wineglassful	0.003282
Wafd	0.003280
whatsoe'er	0.003279
www.ReadH	0.003275
Weltwirtschaft	0.003270
waar	0.003262
whea	0.003261
whatness	0.003259
weeke	0.003248
whkh	0.003243
waye	0.003235
Walcot	0.003214
www.apa.org	0.003208
Wallsten	0.003206
Wurtemburg	0.003203
washrag	0.003185
woro	0.003185
www.ReadHowYouWan	0.003178
wrenchingly	0.003178
wellfed	0.003170
wodurch	0.003169
Wats	0.003165
writh	0.003163
woud	0.003152
W.C	0.003140
wYouWant.com	0.003138
www.ReadHo	0.003138
Waxmann	0.003138
Wilpert	0.003120
Workington	0.003116
wyne	0.003113
Woese	0.003105
walles	0.003102
wlio	0.003098
whacko	0.003086
Werkstatt	0.003086
Wittchen	0.003082
withouten	0.003062
Winson	0.003059
Wycherly	0.003050
Wanstead	0.003048
Wylde	0.003019
webcasting	0.003019
whippin	0.003012
www.eHartequin.com	0.003010
Wakil	0.003010
Wachsmuth	0.002997
Waleed	0.002990
wisheth	0.002990
Whitmire	0.002988
www.press.jhu.edu	0.002988
woodstoves	0.002981
WKT	0.002979
warblings	0.002977
wive	0.002974
Wacht	0.002970
wheen	0.002968
wellshaped	0.002958
wesentliche	0.002956
worthwhileness	0.002954
wond'rous	0.002940
Wharncliffe	0.002923
Werter	0.002913
Willington	0.002903
wTe	0.002902
Weltschmerz	0.002900
wanderin	0.002900
wust	0.002900
winsomely	0.002894
whins	0.002891
www.peterlangusa.com	0.002884
wbioh	0.002878
Warrensburg	0.002878
www.sagepublications.com	0.002876
worthie	0.002871
wardenship	0.002871
Wallander	0.002867
whatthe	0.002862
www.bibliob	0.002848
whenyou	0.002840
Wrekin	0.002828
Wilczek	0.002813
Womersley	0.002801
Wiederhold	0.002801
Wittke	0.002797
wens	0.002793
Waltman	0.002790
www.books.elsevier.com	0.002788
wiled	0.002781
whh	0.002774
willnot	0.002768
witcheries	0.002766
watchband	0.002761
whipsaw	0.002756
www.pearsoned.co.uk	0.002750
westwardly	0.002739
www.routledge	0.002716
Wallachians	0.002709
warme	0.002703
Wharfe	0.002702
whisper'd	0.002698
whch	0.002694
www.routledge.com	0.002689
Weiller	0.002678
Wattie	0.002678
www.1stworldlibrary.org	0.002673
W.-H.	0.002665
woodpiles	0.002662
Winblad	0.002660
Woolhouse	0.002658
Walbridge	0.002631
Windt	0.002629
Wanke	0.002619
wyfe	0.002611
wellconsidered	0.002606
winnows	0.002604
waggoners	0.002590
Wicklund	0.002577
Weihe	0.002575
wa6	0.002564
way.The	0.002564
Willian	0.002561
watte	0.002554
wateringplace	0.002554
w'y	0.002550
Wombwell	0.002548
Wadman	0.002510
WebCrawler	0.002507
weareth	0.002498
wittiness	0.002494
www.dummies.com	0.002491
whicl	0.002478
Wikert	0.002476
wonder'd	0.002476
wTould	0.002476
www.continuumbooks.com	0.002451
wageearners	0.002444
withholden	0.002442
Waitrose	0.002438
waggery	0.002433
Weinraub	0.002431
writt	0.002429
wavin	0.002427
witched	0.002427
wiretapped	0.002424
work'd	0.002422
weazened	0.002417
wynds	0.002400
witnesse	0.002400
welly	0.002397
watereth	0.002390
workwomen	0.002373
W.S.W.	0.002370
woodchopper	0.002366
wente	0.002362
Wels	0.002361
Winkelried	0.002357
witchcrafts	0.002357
WNW	0.002352
welldirected	0.002334
warm'd	0.002332
Wormley	0.002319
wrongheadedness	0.002310
wayof	0.002303
Wallsend	0.002298
wrong'd	0.002296
Wetstein	0.002287
wisecracked	0.002270
weirdoes	0.002270
Walvoord	0.002269
whippers	0.002261
withereth	0.002260
Wellner	0.002245
www.nlc-bnc.ca/amicus/index-e.html	0.002243
withoot	0.002240
Woodhall	0.002231
www.altavista.com	0.002229
Westmont	0.002225
wholy	0.002209
witfi	0.002206
wTith	0.002206
whisperingly	0.002204
wakings	0.002200
whoremonger	0.002195
www.abdopublishing.com	0.002191
whitehot	0.002189
www.penguinputnam.com	0.002179
Wendelin	0.002171
www.josseybass.com	0.002170
walkingstick	0.002168
Whatmore	0.002160
whereinto	0.002159
whippoorwills	0.002157
Wegmann	0.002153
watcheth	0.002139
whortleberries	0.002126
Winky	0.002126
wasteth	0.002119
Wensley	0.002110
Webserver	0.002110
wazoo	0.002108
warwhoop	0.002094
www.routledge.co.uk	0.002094
Waard	0.002083
whichwas	0.002079
wooes	0.002079
wayto	0.002072
wretchedest	0.002067
wineshop	0.002063
Westermark	0.002063
weaponed	0.002052
worda	0.002049
wrapp'd	0.002043
wonne	0.002038
whiffing	0.002034
whedier	0.002034
wellregarded	0.002031
whistlings	0.002027
welldoing	0.002016
weigh'd	0.002016
wMch	0.002013
wsa	0.002013
weepeth	0.002013
workbasket	0.002004
withiu	0.001991
waggishly	0.001989
workwoman	0.001987
wut	0.001969
wellcrafted	0.001969
weeder	0.001960
weut	0.001955
wond'ring	0.001953
Wingert	0.001946
wots	0.001942
wett	0.001939
wrould	0.001939
Whitham	0.001937
whai	0.001935
windowseat	0.001935
www.tandf.co.uk	0.001931
watting	0.001915
www.ibm.com	0.001908
whistlin	0.001899
weedless	0.001892
whisding	0.001888
washday	0.001888
wog	0.001886
witnes	0.001881
www.Read	0.001876
www.elsevierhealth.com	0.001872
wealths	0.001859
WC1R4LR	0.001858
Weisberger	0.001856
Wehrle	0.001854
whinging	0.001850
Willd	0.001850
whitethorn	0.001839
woolgathering	0.001838
Wernerfelt	0.001836
webinars	0.001832
wholesomer	0.001830
wearisomely	0.001829
wrathy	0.001825
whimsicalities	0.001825
wThen	0.001823
whistlers	0.001821
wfth	0.001820
www.ReadHowYouWa	0.001814
where'll	0.001814
wiederholt	0.001805
whatso	0.001798
whinstone	0.001793
wavings	0.001793
warn'd	0.001791
wuk	0.001791
wainscotted	0.001787
whelped	0.001782
withies	0.001782
westers	0.001776
willst	0.001775
wabbling	0.001771
wainscots	0.001767
whito	0.001767
www.bibli0ba2aar.com	0.001767
Weisstein	0.001757
www.HaworthPress.com	0.001755
wholeheartedness	0.001755
whacky	0.001755
www.wikipedia.org	0.001751
www.ssa.gov	0.001749
withan	0.001744
wellremembered	0.001737
wresded	0.001733
weddingday	0.001731
whichsoever	0.001728
worn't	0.001726
waggin	0.001722
Wilkesbarre	0.001722
Whafs	0.001719
wittles	0.001713
weepe	0.001690
watchchain	0.001690
whisdes	0.001690
Wartofsky	0.001690
wildering	0.001686
Wasmuth	0.001683
weighers	0.001679
weli	0.001679
wildered	0.001675
wearisomeness	0.001674
Wilbanks	0.001670
watei	0.001668
watersupply	0.001665
widemouthed	0.001661
wandring	0.001661
wellbeloved	0.001657
wresde	0.001657
wariest	0.001656
whortleberry	0.001652
www.imf.org	0.001647
was't	0.001643
www.samhainpublishing.com	0.001641
waveringly	0.001637
woutd	0.001634
Whadda	0.001632
weren't	0.001630
wateT	0.001627
was1	0.001623
warier	0.001621
Whitstable	0.001619
www.thomson.com	0.001612
Waris	0.001609
www.ichapters.com	0.001607
wentest	0.001603
www.loc.gov	0.001601
witbin	0.001596
wizen	0.001596
worriment	0.001594
waysides	0.001594
watchfires	0.001589
waterfilled	0.001587
wele	0.001587
wajr	0.001585
whencesoever	0.001578
wolle	0.001578
wouM	0.001574
weariful	0.001573
wdl	0.001569
Welters	0.001569
woild	0.001565
www.usdoj.gov	0.001564
www.informit.com	0.001558
www.dol.gov	0.001556
Wiedergabe	0.001556
wellmeant	0.001547
Westfalische	0.001546
wristlets	0.001542
Whaf	0.001542
wellfunded	0.001537
wormeaten	0.001537
weening	0.001524
wonderworking	0.001524
washstands	0.001518
wordi	0.001515
woodyard	0.001511
woofed	0.001511
warcry	0.001508
wirkliche	0.001504
whiterobed	0.001502
wellconducted	0.001500
wabbled	0.001500
wera	0.001500
weltered	0.001497
www.elibron.com	0.001490
wimmin	0.001482
whisperin	0.001477
waltzers	0.001475
www.wildsidepress.com	0.001472
washhand	0.001468
Walts	0.001468
Woodmont	0.001463
widiout	0.001446
wheer	0.001443
wantoned	0.001439
Wra	0.001430
watercresses	0.001426
whickered	0.001426
wakin	0.001426
workest	0.001425
wTho	0.001421
whaled	0.001417
witlings	0.001417
waverings	0.001417
worrit	0.001414
Weese	0.001410
writhen	0.001408
wogs	0.001407
writingdesk	0.001403
workingclasses	0.001401
woodbines	0.001392
www.excite.com	0.001392
wliile	0.001389
Wetherbee	0.001389
waxlike	0.001381
Wissenschafts	0.001381
watted	0.001376
whity	0.001372
will'd	0.001365
wimples	0.001363
wellfilled	0.001360
wak'd	0.001353
wearest	0.001347
waltzer	0.001345
Wavre	0.001345
witchlike	0.001340
whiffling	0.001340
waterlily	0.001335
Waga	0.001331
weels	0.001324
weigheth	0.001324
waverer	0.001322
www.ReadHowYo	0.001320
WorldWar	0.001315
Windowsbased	0.001313
wifl	0.001311
wainscotting	0.001307
www.houghtonmifflinbooks.com	0.001304
woundings	0.001298
wanness	0.001298
wQl	0.001297
www.gao.gov	0.001297
wantoning	0.001293
wifo	0.001291
whimsey	0.001288
wers	0.001288
whatnots	0.001284
weatherwise	0.001280
wa8	0.001279
wabbly	0.001279
wby	0.001268
www.ebay.com	0.001266
withina	0.001259
wageearner	0.001253
www.manchesteruniversitypress.co.uk	0.001248
whilethe	0.001244
wellwatered	0.001243
withholdeth	0.001241
withold	0.001235
waylays	0.001235
wooings	0.001234
www.wiselephant.com	0.001230
www.popshopstudio.com	0.001228
Wingspread	0.001226
whete	0.001225
wellwisher	0.001225
wordof	0.001223
woid	0.001223
whippy	0.001223
wbole	0.001221
Wymondham	0.001212
wordlessness	0.001210
wyl	0.001208
wellventilated	0.001205
wbile	0.001203
www.palgrave.com	0.001203
wjll	0.001188
wordB	0.001188
woids	0.001187
whol	0.001178
Wilhelmus	0.001176
whitecapped	0.001174
www.peterlang.net	0.001172
whalebones	0.001170
welldisciplined	0.001169
windes	0.001169
wffl	0.001169
wasl	0.001165
WC1	0.001163
Westhoff	0.001163
wrhich	0.001160
wnting	0.001160
whopped	0.001160
witi	0.001156
wotdd	0.001151
warst	0.001143
whirrs	0.001138
wyorld	0.001129
wateringplaces	0.001122
wellfurnished	0.001115
whisp'ring	0.001115
warpaint	0.001115
WiUiam	0.001111
Welsbach	0.001109
wijl	0.001107
westing	0.001104
welltimed	0.001102
www.lstworldlibrary.org	0.001102
weibliche	0.001102
worldy	0.001096
wellgrown	0.001096
wared	0.001093
widdy	0.001093
warrelated	0.001087
wholesomest	0.001078
What'U	0.001077
woodenness	0.001075
whilest	0.001071
W.N.W.	0.001069
Wierzbicki	0.001068
wbere	0.001068
Warwicks	0.001066
withoat	0.001066
wryte	0.001064
watereddown	0.001062
Wilhelmsen	0.001060
whyche	0.001060
wHl	0.001059
waitlist	0.001053
www.greenpressinitiative.org	0.001051
wellauthenticated	0.001051
windpipes	0.001039
wbieh	0.001039
WilliamWard	0.001037
weepings	0.001035
wa.s	0.001033
whodunits	0.001033
wellarranged	0.001032
world1	0.001032
wolfskin	0.001032
worne	0.001030
Wanderjahre	0.001019
WC1A	0.001017
wisedome	0.001014
Wohnung	0.001008
wunst	0.001008
winnin	0.001008
whiob	0.0009991
Wheatly	0.0009955
wellorganised	0.0009847
wirst	0.0009847
wpuld	0.0009829
welloiled	0.0009811
whosesoever	0.0009756
Wissing	0.0009720
wellread	0.0009702
waketh	0.0009684
wherby	0.0009666
wluch	0.0009648
www.compasspointbooks.com	0.0009648
www.buybooksontheweb.com	0.0009612
worse'n	0.0009558
whitewood	0.0009468
wholesouled	0.0009450
whjch	0.0009450
Wesleyanism	0.0009450
waywardly	0.0009432
www.eia.doe.gov	0.0009360
wamed	0.0009233
wode	0.0009197
Workt	0.0009125
www.fao.org	0.0009071
whei	0.0008981
winneth	0.0008729
witling	0.0008656
wohnen	0.0008566
wheie	0.0008404
wanking	0.0008350
whoare	0.0008332
wifie	0.0008332
www.statistics.gov.uk	0.0008314
widow'd	0.0008242
wak	0.0008242
www.washingtonpost.com	0.0008206
wote	0.0008169
whatsomever	0.0008133
worka	0.0008133
WWJD	0.0008097
wantest	0.0008097
wageearning	0.0008061
wissenschaftlich	0.0008061
wliieh	0.0008043
whap	0.0008007
wifh	0.0007953
whilome	0.0007899
whirh	0.0007863
Wissenschaftszentrum	0.0007845
WOBK	0.0007809
www.raintreelibrary.com	0.0007719
www.youtube.com	0.0007719
whitepaper	0.0007683
wheras	0.0007610
www.state.gov	0.0007592
www.picturewindowbooks.com	0.0007592
wThat	0.0007538
www.HarcourtBooks.com	0.0007502
wateh	0.0007466
wonderstruck	0.0007448
winterized	0.0007448
whitepapers	0.0007322
worshipp'd	0.0007286
whoopin	0.0007286
wenty	0.0007214
whirl'd	0.0007196
wedder	0.0007196
weepin	0.0007178
whackers	0.0007123
waterworn	0.0007033
wctc	0.0006997
whieb	0.0006979
wMeh	0.0006961
www.kerndesign.net	0.0006925
wasto	0.0006871
wardships	0.0006853
waut	0.0006799
whp	0.0006763
waf	0.0006745
wbom	0.0006745
wops	0.0006709
www.ncbi.nlm.nih.gov	0.0006637
wetnurse	0.0006582
wresding	0.0006546
wodd	0.0006528
whil	0.0006474
www.nationalgeographic.com	0.0006402
whith	0.0006402
wabble	0.0006366
wrho	0.0006366
whohad	0.0006366
wator	0.0006294
wouldnot	0.0006294
warf	0.0006258
whisp	0.0006222
www.hrw.org	0.0006204
writest	0.0006204
winkin	0.0006077
Whatl	0.0006059
work1	0.0006005
withoutthe	0.0006005
www.harperchildrens.com	0.0006005
writeoff	0.0005969
with1	0.0005879
wherethrough	0.0005861
wandereth	0.0005807
wildgoose	0.0005789
wardly	0.0005789
whohave	0.0005771
willhave	0.0005717
whiteheaded	0.0005717
whereunder	0.0005717
windedness	0.0005681
withou	0.0005663
weensy	0.0005663
withyou	0.0005663
welcomer	0.0005663
whowas	0.0005609
woa	0.0005591
wcll	0.0005573
wronger	0.0005573
whichcan	0.0005555
windin	0.0005518
wme	0.0005464
wanderest	0.0005446
wenching	0.0005428
www.taylorandfrancisgroup.com	0.0005428
wiB	0.0005410
whoee	0.0005392
woundeth	0.0005392
warmin	0.0005374
whieli	0.0005356
witti	0.0005320
whoae	0.0005266
Willliam	0.0005176
weat	0.0005140
whote	0.0005140
welll	0.0005068
www.mcfarlandpub.com	0.0005068
wtih	0.0005050
wived	0.0005050
wellstudied	0.0005013
w!	0.0004995
wisped	0.0004977
wheedles	0.0004941
wbose	0.0004905
willl	0.0004869
waiflike	0.0004869
waya	0.0004851
welllighted	0.0004833
wellqualified	0.0004779
welltraveled	0.0004743
www.biddles.co.uk	0.0004725
wliere	0.0004617
