keyword,count
__proto__,2
_.extend,2
-0,1
.d.ts,2
.env,2
.gitignore,1
[[Prototype]],1
@babel/parser,1
@counter-style,1
@keyframes,1
@tsparticles/interaction,8
@tsparticles/move,1
@tsparticles/updater,6
@types,1
@vitejs/plugin-legacy,1
üêê,1
ü¶Ñ,1
$.extend,2
0,1
0A02,1
0A21,1
0mq,1
11ty,1
16m,1
16x2 LCD,1
2 factor,1
20x4 LCD,1
256,8
256 colors,1
2D120X,1
2fa,1
2Y0A02,1
2Y0A21,1
300ms,1
32-bit,1
3584,1
3d,2
3D,1
3g2,1
3gp,1
3mf,1
5GL,1
6to5,4
74HC595,1
7z,1
80s,1
a gogo,1
a11y,9
aac,1
abac,1
abort,1
abortcontroller,1
abortsignal,1
absolute,2
abstract,5
ac3,1
accelerate,1
accept,1
accepts,1
access,2
accessibility,8
Accessibility,1
accessible,3
accessible react select,1
accessor,1
accordion,1
ace,1
acl,2
acorn,1
action-cli,1
actions,1
active record,1
active-record,1
actor,3
actor system,2
actor-system,2
acyclic,1
adapter,1
adaptive image,1
add,1
addeventlistener,1
addEventListener,2
addlistener,1
addListener,2
addon,5
addons,2
address,2
adjacency,1
Adjacency,1
adjacency list,1
adjacency matrix,1
admin,3
admin panel,2
admin-panel,1
administration,1
adonisjs,1
adopted stylesheets,1
adr,1
advanced component,1
advanced feature,1
adventure,1
ADXL335,1
ADXL345,1
AEDoc,1
aes,2
AES,1
after,1
agent,6
agents,1
aggregate,1
aggregation,1
agnostic,1
agol,1
ai,2
ai-assistant,1
ai-chat,1
ai-chatbot,1
ai-copilot,1
ai-detection,1
ai-sdk,1
aif,1
airbnb,4
airtap,1
ajax,7
ajv,1
Ajv,1
aleo,1
alert,1
alerts,1
algebra,1
algo,1
algorithm,3
alias,2
align,4
all,1
allure,1
alpha,2
ALS-PT19,1
ALSPT19,1
amaui,1
amazon,5
amazon web services,1
amd,1
amf,1
amqp,1
AMQP,1
AMQP 0-9-1,1
amr,1
ANALOG,1
analysis,3
analytics,2
analyze,2
analyzer,1
anatomy,1
anchor,2
android,28
Android,1
angular,63
Angular,10
angular 5,1
Angular CLI,2
Angular DevKit,2
angular-cli,1
angular-material,1
angular-particles,22
angular2,3
angularjs,25
animatable,1
animated,30
animation,42
animations,1
annotate,2
annotation,1
ansi,32
answer,8
answers,7
ant,8
antd,4
antora,4
antora-component,2
any decision record,1
anything,1
AOP,1
apache,3
ape,1
api,81
API,9
api gateway,1
API reference,1
api-client,1
api-components,1
api-connect-tiwtter,1
api-connect-x,1
api-console,2
api-doc,1
api-documentation,1
api-generator,1
api-rest,1
api-router,1
api-routers,1
apidoc,7
apigateway,1
apis,3
apk,1
apm,4
apn,1
apng,1
apns,1
apollo,2
app,34
app templates,1
app-detection,1
app-framework,2
app-kit,1
appium,3
apple,2
application,9
application insights,1
applications,2
applitools,4
appsync,1
appx,1
ar,1
arbitrary,1
arcgis,1
arch,1
architectural decision,1
architectural decision record,1
architecture,1
architecture decision,1
architecture decision record,1
archive,7
archiver,2
arduino,1
Ardumoto,1
arg,1
argparse,2
args,15
argsparse,1
argument,10
arguments,7
argv,7
aria,2
arithmetic,1
arj,1
arktype,1
arm,1
arm-support,1
array,14
Array,1
Array.prototype.contains,1
Array.prototype.filter,1
Array.prototype.findLast,1
Array.prototype.flat,1
Array.prototype.flatMap,2
Array.prototype.flatten,2
arraybuffer,3
ArrayBuffer,1
ArrayBuffer.prototype.slice,1
ArrayBuffer#slice,1
arrayify,1
arrify,1
arrow,1
art,2
artifical intelligence,1
arw,1
asar,1
ascii,12
asciidoc,1
asf,1
ask,10
asn,1
asn.1,1
aspx,1
assemble,2
assert,18
Assert,1
assertion,9
assertion helpers,4
assertions,2
asserts,3
asset,7
assets,1
Assets,3
assign,6
assignments,1
assistant,1
assume,1
ast,25
asterisks,1
astro,2
astro-integration,2
async,35
async functions,1
async handler,1
async wrapper,1
asyncapi,5
asynchronous,7
asynchronous script loading,1
AsyncIterator,2
at-rule,2
at-rules,1
AT42QT1070,1
atob,2
atom,2
atom-shell,1
atomic,1
atomic design,1
atrule,2
atrules,1
attached,1
attribute,6
audio,2
audio streaming,1
audit,4
auditor,1
augment,2
augment-vir,2
augmented-reality,1
aurora,1
auth,14
authentication,16
authenticator,1
authjs,1
authn,6
author,1
authorization,5
authz,3
auto,3
autocomplete,2
autocompletion,1
autodocs,1
autodocumentate,1
autofillotp,1
autogen,1
autogenerate,2
autogenerated,2
autogenerator,2
autohotkey,1
autolink,2
autoload,1
automated,2
automated-testing,1
automatic,5
automatically,3
automation,19
Automation,1
autoprefixer,3
autoscaling,1
autosize,1
autosuggest,1
ava,7
available,2
avatars,1
avi,1
avif,4
avro,1
await,15
awesome,3
awesome-typescript-loader,1
awesomesauce,2
aws,8
AWS,3
aws lambda,1
AWS Lambda,3
aws-cognito,1
aws-lambda,1
aws-sdk,1
axe,2
axe-core,1
axios,3
azure,7
azure-openai,1
baas,3
babel,32
babel-cli,2
babel-core,2
babel-eslint,1
babel-plugin,24
babel-plugin-macros,1
babel-preset,1
babylon,1
back end,2
back-end,5
backend,131
Backend,8
backend-as-a-service,2
backend-framework,1
backendless.com,1
background,32
backslash,2
backstage,1
banner,2
baqend,1
bar,3
base,9
base58,1
base64,5
Base64,1
Base64url,1
basename,1
bash,9
basic,1
basicauth,1
batch,4
battery,1
bayes,1
bcrypt,4
bdd,19
BDD,2
beaglebone,1
beaglebone-black,1
bean,1
beanstalk,1
beautifier,1
beautify,3
bee,1
benchmark,3
beta,1
bfs,1
BFS,1
bgblack,1
bgBlack,1
bgblue,1
bgBlue,1
bgcyan,1
bgCyan,1
bggreen,1
bgGreen,1
bgmagenta,1
bgMagenta,1
bgred,1
bgRed,1
bgwhite,1
bgWhite,1
bgyellow,1
bgYellow,1
big,1
Big number,1
bigdecimal,1
bigint,1
biginteger,1
bignum,1
BigNum,1
bignumber,2
bigram,1
bikeshed,1
bin,7
bin-packing,1
binaries,2
binary,10
Binary Heap,1
binary-heap,1
bind,3
binding,1
bindings,5
BIOS,1
bisect,1
bitap,1
bitbucket,5
bitcoin,1
bitly,1
bittorrent,1
bittorrent client,1
bizcharts,1
black,1
blaze,2
blend,1
BLINKM,1
blob,3
block,3
block devices,1
blockchain,6
blocks,1
blog,4
blue,1
bluebird,8
blueprints,1
bluetooth,1
blur,1
bmp,3
BMP180,1
BN,1
body,2
Body Parser,1
body scroll,3
body scroll lock,3
body scroll lock upgrade,1
bodyParser,1
boilerplate,4
bold,1
bom,2
book,1
books,1
bootstrap,10
bootstrap css,2
bootstrap less,2
bootswatch,1
border,3
bot,3
bot-detection,1
bounce,1
bound,2
bower,6
box,5
boxes,2
bpg,1
bpmn,2
braces,1
bracket,1
branch,1
bre,1
breadth,1
Breadth,1
breadth first search,1
breadth-first search,1
break,3
bridge,1
Brill tagger,1
broccoli-plugin,2
brotli,3
browser,78
browser sync,1
browser-client,1
browser-detection,1
browser-extension,1
browser-extensions,1
browser-stack,1
browser-sync,1
browserify,18
browserify-tool,2
browserify-transform,5
browsers,5
browserscope,1
browserslist,1
browserstack,3
bsl,3
bson,1
btoa,2
budget,1
buffer,15
buffer allocate,1
buffers,2
bufferutil,1
bugsnag,1
build,16
build and deployment,1
build-tool,2
builder,13
building blocks,1
built-in,2
builtin,1
builtins,1
bump,3
bun,2
bundle,9
bundle-size,1
bundled,1
bundler,4
bundling,2
bunyan,3
busy,6
button,3
bypass,1
byte,4
bytebuffer,1
byteLength,1
byteOffset,1
bytes,3
bz2,2
bzip2,1
c,4
c++,4
c++ std,3
c++ stl,3
c2dm,1
cab,1
cabin,1
cache,21
cache abstraction,1
cache manager,1
cache middleware,1
cache strategies,1
cache wrapper,1
cache-manager,1
cached,1
caching,5
caching layer,1
cairo,1
calc,2
calculation,1
calendar,3
call,2
call-bind,2
call-bound,2
callback,5
callbacks,1
callbind,2
callbound,1
cam,1
camel,2
camel-case,2
camelcase,5
camelize,2
camera,1
cancan,1
cancel,3
caniuse,2
canonical,1
canvas,63
canvas-confetti,22
capability,1
capacitor,3
capitalize,1
capture,2
carousel,8
carriage,1
case,5
case sensitive,1
casfs,1
cat,1
cbc,1
CBC,1
ccTalk,1
cdata,1
CDATA,1
cdk,3
cdn,2
cdn imports,1
censor,1
center,2
cert,1
certificate,1
cfb,1
CFB,1
chai,12
chai util,1
chai-plugin,4
chalk,1
chance,1
change,4
change-tracking,1
changed,1
changelog,11
channel,1
chapter,1
character,9
character-class,1
characters,4
charset,4
chart,3
charting-library,1
charts,3
chassis,1
chat,2
chatbot,2
chatfanpage,1
chatgpt,2
check,31
check for es6,1
check for modules,1
checker,15
checking,1
checksum,3
cheerio,2
cherry-pick,1
child,9
children,1
chinese,3
chm,1
choerodon,1
chosen,1
chrome,7
Chrome,1
Chrome Canary,1
Chrome Headless,1
chrome-extension,1
chromium,1
Chromium,1
chunk,1
ci,5
ci/cd,1
circle,1
circular,1
cjk,3
cjs,2
ckeditor,36
CKEditor,2
ckeditor 5,37
ckeditor5,37
ckeditor5-build,5
ckeditor5-dll,26
ckeditor5-feature,19
ckeditor5-lib,7
ckeditor5-plugin,19
clack,1
class,5
class-validator,2
classes,6
classic,1
classifier,1
classify,2
classlist,1
classList,1
classname,2
className,1
classnames,3
clean,8
clean-architecture,3
clean-css,2
cleaning,2
cleanup,5
clear,3
cli,157
CLI,18
cli-app,13
cli-tool,1
click,2
client,26
client library,1
client-hints,1
client-server,1
client-side,7
clip,1
clipboard,4
clock,1
clone,10
clonedeep,1
clorox,1
close,1
cloud,9
cloud file platform,1
cloud image editor,1
cloudflare,2
cloudformation,1
cloudfront,1
cloudfunctions,1
cloudsearch,1
cloudtrail,1
cloudwatch,1
cluster,5
cluster cli,1
clustering,1
cmd,9
cmf,1
cms,5
CMS,3
cmyk,1
co,2
cockroachdb,1
CockroachDB,1
code,19
code checker,4
code coverage,1
code generation,2
code linter,4
code points,1
code refactor,1
code spliting,1
code standards,4
code style,9
code-blocks,2
code-coverage,1
code-generation,1
code-quality,1
codec,1
codeceptjs,2
codecov,1
codecov.io,1
codegen,3
codes,5
coding,1
coercible,1
coffee,2
coffee-script,1
coffee.md,1
coffeescript,8
collaboration,10
collaborative,10
collapse,2
collapsible,1
collection,7
Collection,3
collection.es6,1
collections,4
Collections,3
color,29
color manipulate,1
color manipulation,1
color picker,2
color-names,1
color-picker,1
colorful,1
colorized,1
colorpicker,3
colors,22
colour,14
column,5
columns,2
COM,1
com port,1
combobox,2
comet,1
comic,1
comma,2
command,35
command line,6
command line interface,1
command-center,1
command-line,35
commander,4
commandline,2
commands,1
comment,2
comments,11
commit,6
commitizen,1
commitlint,2
commits,1
commonj-esque,1
commonjs,11
CommonJS,3
commonmark,6
CommonMark,1
communication,1
community support,1
compare,7
comparison,2
compass,2
compatible,1
compilation,1
compile,14
compile less,2
compiler,19
complete binary,1
complete binary tree,1
completion,1
complex,1
component,176
component library,4
component-library,5
component-testing,2
components,187
Components,3
compose,2
compositing,1
composition,3
composition-api,1
compress,17
compressed,1
compression,3
compressor,4
compute,1
computed-types,1
computer,1
concat,7
concurrency,5
concurrent,4
concurrently,2
conditional,3
conf,1
confetti,22
confetti-js,22
confettijs,22
config,20
config-node,1
configurable,1
configuration,10
confirm,9
conflict,2
connect,15
connection,1
connectivity,1
connectivity matrix,1
consistent,1
console,43
console.log,1
consolidate,1
const,3
construct,1
constructable stylesheets,1
consume,1
consumer driven testing,1
contain,1
container,3
contains,3
containSubset,1
content,6
content addressable storage,1
content management,1
content management framework,1
content management system,2
content-disposition,1
content-security-policy,1
content-type,1
contenteditable,3
contentEditable,13
contents,3
context,3
context menu,1
context-menu,1
context7,1
continuous,2
Continuous Rotation,1
continuous-integration,1
contract testing,1
control,3
control flow,1
control panel,1
control-panel,1
controller,3
conventional,5
conventional changelog,1
conventional-changelog,8
conventional-github-releaser,1
conventionalcommits.org,1
conversation,1
conversational-ai,1
conversational-ui,1
conversion,1
convert,18
convert csv to json,1
converter,6
converting,1
convertor,1
convex,1
cookie,9
cookiejar,1
cookies,3
coordinates,1
copilot,1
copy,14
copy to clipboard,1
copy-on-write,1
copy-paste,1
cordova,10
core,7
core-js,2
cores,1
coro,1
coroutine,2
cors,4
cosmiconfig,1
cosmos db,1
cosmosdb,1
couchdb,2
count,1
countries,1
country,2
country-code,1
country-codes,1
country-flags,1
country-iso-codes,1
country-names,1
country-telephone-codes,1
country-telephone-prefixes,1
cover,1
coverage,14
coveralls,1
cowsay,1
cp,1
cpio,1
cpp,1
cpu,2
cpuload,1
cpy,1
cqrs,1
cqs,1
cr2,1
cr3,1
crash,1
crawler,1
crawler-detection,1
crc,1
crc1,1
crc16,1
crc16ccitt,1
crc16kermit,1
crc16modbus,1
crc16xmodem,1
crc24,1
crc32,1
crc8,1
crc81wire,1
crc8dvbs2,1
crcjam,1
create,4
create-eslint-config,1
create-vue,1
createRef,1
createVNode,1
creator,2
credit cards,1
critical,1
cron,6
cron job,1
croner,1
cronjob,1
cronnor,1
crontab,2
crop,4
cropper,1
cropper-element,1
cropper.js,1
cross-browser,1
cross-environment,1
cross-origin-embedder-policy,1
cross-origin-opener-policy,1
cross-origin-resource-policy,1
cross-platform,8
crud,5
crud-generator,4
crudfs,1
crx,1
crypt,4
crypto,20
cryptocurrency,6
cryptography,3
Cryptography,1
crytography,1
cson,2
csr,1
csrf,2
css,209
CSS,3
css context properties,1
css custom properties,1
css less,1
css library,1
css nesting,1
css variable,2
css-ast,1
css-in-js,10
css-modules,1
css-parser,1
css-sprite,1
css-tools,1
css3,32
css4,1
csscomb,1
cssinjs,1
csslint,3
cssmin,1
cssnano,2
cssnext,2
csso,1
cssom,1
CSSStyleDeclaration,2
csstree,1
csswg,5
cst,1
csv,10
CSV,1
csv convert,1
csv parser,1
csv to json,1
csv writer,1
csv-2-json,1
csv-json,1
csv2json,1
csvtojson,1
CTR,1
cucumber,4
cujo,1
cupertino,1
cur,2
curl,5
currency,1
current,1
curried,3
curried color manipulation,1
curses,1
cursor,5
curve,1
curve25519,1
custom,7
custom element,2
Custom Element,1
custom element name,1
custom elements,3
custom tags,1
custom-element,1
customizable,2
customization,8
customize,1
cut,1
cyan,1
cycle,1
cypress,3
Cypress,11
cypress.io,1
d3,6
d3-module,4
dable,1
daemon,2
DAG,1
daily-rotate-file,1
daisyui,1
dangerous,1
dapp,6
dark mode,1
dash,3
dashboard,4
dasherize,2
dat,1
data,18
data binding,1
data flow,1
data logging,1
data management,1
data structure,3
data structures,3
data-collection,1
data-join,1
data-structure,3
data-structures,3
data-validation,1
data-visualization,1
data-viz,1
database,24
databinding,1
datadog,1
datagrid,1
datamapper,1
datastore,2
datastructure,4
DataStructure,3
datastructures,3
DataStructures,3
datatype,1
dataview,1
date,9
datepicker,2
datetimepicker,2
dayjs,1
db,14
db2,1
dbf,1
dcm,1
DDD,2
dead code,1
deasync,1
deb,1
debounce,3
debouncing,1
debug,13
debugger,3
debugging,2
decamelcase,1
decamelize,1
decap-cms,8
decentralized,3
decimal,1
decision record,1
declaration,3
declarations,2
declarative,2
decode,7
decoder,2
decoding,2
decompress,1
decorator,5
decorators,2
decrease key,1
dedent,1
dedupe,1
deduplicate,1
deduplication,1
deep,8
deep equal,1
deep-clone,1
deep-copy,2
deep-equal,2
deep-extend,1
deepclone,2
deepcopy,1
default,4
DEFAULT,1
defaults,2
defer,1
deferred,3
deferreds,2
define,2
defineProperty,1
definition,1
definitions,2
deflate,4
del,2
delaration-strict-value,1
delay,5
delayed,1
delete,12
deletion,2
delimiter,1
demo,3
demodulize,2
deno,2
deno-edition,1
deno-entry,1
denodeify,1
denodify,1
denoland,1
dense graph,1
depcheck,1
dependencies,13
dependency,6
dependency injection,2
dependency inversion,1
dependency manager,2
dependency-management,1
deploy,6
deployment,6
deprecate,1
deprecated,1
depth,1
Depth,1
depth first search,1
dequeue,1
derequire,1
des,1
DES,1
description,1
descriptive,1
descriptor,2
descriptors,1
deserialization,1
deserialize,1
design,141
design patterns,1
design system,4
Design Systems,3
Design Tokens,3
design-system,2
design-systems,1
desktop,9
dest,1
destroy,3
desugaring,1
detect,15
detectmylocation,1
detector,1
deterministic,1
dev,8
dev ops,1
dev-server,2
devDependencies,3
develop,1
developer,1
developer tools,1
development,15
deven,1
device,4
device-detection,1
devkit,2
devops,4
devpostinstall,1
dfs,1
DFS,1
di,4
diagnostics,1
diagram,1
dial code,1
dialog,3
dice,1
dictionary,1
dif,1
diff,9
diff2html,1
difference,2
diffs,1
difftohtml,1
Diffused LED,1
digraph,1
dim,1
dimensions,1
dir,5
directed,1
Directed,1
directed acyclic graph,1
directed cycle,1
directed graph,1
Directed Graph,1
directed weighted edge,1
directed-graph,1
directedgraph,1
directive,2
directories,3
directory,22
directory size,1
dirname,1
disable,3
discord,3
discord integration,1
discord.js,1
discordapp,2
discordjs,1
disk layout,1
diskio,1
dispatcher,1
display,2
dissect,1
dissection,1
dist,1
dist-tag,1
distance,1
distinct,1
distributed,3
distribution,1
divide,1
django,2
django-pattern-library,1
django-templates,1
dmd,1
dmg,2
dms,1
dnd,3
dng,1
dns,1
doc,16
docker,5
docker processes,1
docker stats,1
docker.io,1
docm,1
docs,25
docsify,2
docsify.js,1
docstrap,1
doctype,1
document,6
document database,1
document management system,1
documentate,1
documentation,145
Documentation,3
documentation-generation,1
documentation-tool,1
documentdb,1
docusaurus,5
docusaurus-preset,1
docx,2
dogstatsd,1
dom,34
DOM,1
dom diff,1
dom-helpers,2
dom-testing-library,1
dom7,1
domain,1
DOMParser,1
dot,2
dotenv,3
dotm,1
dotx,1
double,3
doublemetaphone,1
download,4
doxdox,8
draftjs,1
drag,8
drag & drop,1
drag and drop,2
drag drop,1
drag-and-drop,1
draggable,1
dragndrop,2
drain,1
drc,1
drink,1
drive,1
driver,5
drop,6
dropbox,1
dropdown,5
dropzone,1
DS18B20,1
dsf,1
dsl,2
DSL,1
DTrace,1
dts,3
dubnium,1
dummy,1
dupes,1
duplex,3
duplicate,2
duplicates,1
Durable function,1
duration,1
dwg,1
dynamic,1
dynamic resizing,1
dynamic-form,1
dynamodb,3
dzi,1
e2e,7
EACCESS,1
each,2
EAGAIN,1
east-asian-width,2
easy,4
easy-to-use,1
ebook,1
ebs,2
ec,1
EC,1
ec2,1
ecdh,1
ecdsa,1
echarts,2
echo,1
ecma,1
ecma402,1
ecmascript,27
ECMAScript 2015,2
ECMAScript 2016,2
ECMAScript 2017,2
ECMAScript 2018,1
ECMAScript 2019,2
ECMAScript 2020,1
ECMAScript 2021,2
ECMAScript 2022,2
ECMAScript 2023,2
ECMAScript 2024,1
ECMAScript 3,2
ECMAScript 5,1
ECMAScript 6,2
ECMAScript 7,1
ecmascript check,1
ecmascript matching,1
ecmascript version,1
ECMAScript2015,1
ECMAScript2016,1
ECMAScript2017,1
ecmascript5,1
ecmascript6,1
ECMAScript6,1
ECMAScript7,1
ECMAScript8,1
economy,1
ecosystem-react,1
ecosystem:jquery,2
ed25519,1
edge,3
Edge,2
edison,1
Edison Arduino Block,1
Edison GPIO Block,1
Edison I2C Block,1
Edison PWM Block,1
edit,3
editing,14
editor,27
editorconfig,1
effect,1
effect-ts,1
effects,1
efficient,3
efficient priority,1
egjs,1
EINVAL,1
either,1
ejs,2
elasticache,1
elasticsearch,1
elb,1
electron,12
elegant,2
eleme,1
element,6
element priority,1
elements,3
elementscript,1
elevate,1
eleventy,1
elf,1
ellipsis,1
Elliptic,1
elm,1
email,4
embed,2
embedded,2
embeddings,1
ember,2
ember-addon,2
ember-app-kit,1
ember-cli,2
ember.js,1
eme,1
EMFILE,1
emit,6
emits,3
emitter,4
emmet,1
emoji,5
emoji-flags,1
emojies,1
emojis,1
emoticon,3
emoticons,2
emotion,6
empty,1
emr,1
encode,12
encoder,2
encodeurl,1
encoding,4
encrypt,2
encryption,6
end,1
end-to-end,7
end-to-end testing,1
ender,4
endpoint,3
enforce,8
engine,6
enhanced input,1
enqueue,2
enquirer,7
ensure,2
enterprise,1
entities,11
entities decode,1
entities encode,1
entitify,1
entity,9
entries,2
entropy,1
entry,1
enum,2
enumerable,1
enumeration,1
env,8
ENV,1
environment,10
environment variable,1
environments,1
enzyme,2
eot,1
EPERM,1
eps,1
epub,3
epub-maker,1
epub-maker2,1
equal,6
equality,2
erase,1
Eric Brill,1
err,1
error,14
error-handling,2
errors,5
es,6
es check,1
es matching,1
es version,1
es-abstract,3
es-shim API,3
es2015,23
ES2015,4
es2015-tag,1
es2016,6
ES2016,3
es2017,8
ES2017,4
es2018,4
ES2018,2
ES2019,1
ES2020,2
ES2021,2
es2022,1
ES2022,2
ES2023,2
ES2024,1
ES3,2
es5,9
ES5,3
es5 shim,1
es6,28
ES6,11
es6-promisify,1
es6-tag,1
es7,5
ES7,3
es8,3
ES8,3
esbuild,2
EsBuild,1
escape,19
escapes,2
escaping,1
eslint,66
ESLint,3
eslint config,2
eslint plugin,1
eslint-config,5
eslint-disable,1
eslint-disable-line,1
eslint-disable-next-line,1
eslint-enable,1
eslint-env,1
eslint-plugin,27
eslint-prettier,1
eslint-test,1
eslintconfig,8
eslintplugin,29
eslintrc,1
esm,6
esmodule,3
esnext,2
ESnext,1
ESPLORA,1
espree,1
esprima,2
essentials,1
estree,4
etag,2
ethereum,9
Ethereum,1
ethers,1
etsy,1
EV3,1
eval,2
evals,1
evaluation,1
evaulate,1
event,12
event logging,1
event loop,1
event-driven,2
event-emitter,1
eventbridge,1
eventDispatcher,2
eventemitter,2
eventEmitter,2
EventEmitter,1
EventEmitter2,1
EventEmitter3,1
events,8
Events,2
eventstream,1
every,2
example,1
excel,2
exception,3
exception monitoring,1
exceptions,2
exclude,2
exe,6
exec,10
execfile,1
executable,5
execute,3
execution,1
exif,1
exist,2
exists,2
exit,4
exit-code,1
expand,6
expansion,2
expect,8
expect.js,1
experimentation,2
expire,1
explorer,2
expo,1
export,6
export-default,1
exported,1
exports,1
express,42
Express,1
express-api,1
express-router,1
express.js,1
express3,1
expression,6
expressions,1
expressive-code,2
expressjs,1
expressots,3
ext,1
extend,12
extendable,1
extended,1
extension,6
extensions,5
external,1
externals,1
extglob,2
extglobs,1
extra,2
extract,10
extract min,1
extract-text-webpack-plugin,1
extracting,1
extras,2
eyeglass-module,2
eyes,2
eyes-sdk,2
f4a,1
f4b,1
f4p,1
f4v,1
fabric,2
facebook,7
fade,2
failover,1
fake,3
faker,1
fallback,2
false,1
fantasy-land,2
fast,19
fast refresh,2
fast-clone,2
fast-copy,2
fast-deep-clone,2
fast-deep-copy,1
fastclick,1
fastclone,1
fastcopy,1
faster,1
fastify,4
fastly,1
fault tolerant,3
favicon,3
fbx,1
fcm,1
Feather,1
Feather Icons,1
feature,3
feature-rich,1
features,2
feed,2
fetch,11
fetch requests,1
ffmpeg,1
fiber,1
fibers,1
fifo,2
FIFO,1
figlet,2
figure,2
figures,2
file,58
file manifest,1
file size,1
file system,8
file system access,1
file upload,1
file uploader,2
file-path,1
file-system,3
file-system-based,1
file-upload,1
filename,1
filepath,3
files,14
filesaver,1
filesize,3
filesystem,7
filter,13
find,14
find-up,6
finder,1
findLast,1
findLastIndex,1
findup,5
fingers,1
finish,1
finite automata,1
finite state machine,1
firebase,4
Firebase,2
firefox,2
Firefox,1
firefoxos,3
firestore,1
fireworks,22
fireworks-js,22
fireworksjs,22
firmata,1
first,1
fix,2
fixed,1
fixed-width,2
fixer,1
fixes,1
fixture,1
fixtures,2
flac,1
flag,3
flags,7
flash,2
flat,2
flatmap,2
flatMap,1
flatpak,2
flatten,5
flex,3
flexbox,3
flexbugs,1
flicking,1
flif,1
flip,2
flmngr,1
float,1
Float32Array,1
Float64Array,1
flow,6
flow control,2
flowbite,1
flowcontrol,1
flowtype,1
fluent,1
fluent interface,1
fluentvalidation-ts,1
flush,1
flux,10
flv,1
fnmatch,2
focus,1
folder,10
folders,3
font,9
Font Awesome,1
font family,2
font-awesome,1
font-family,1
font-weight,1
fontawesome,4
Fontawesome,1
fontend,1
fonts,1
fontsource,2
food,1
footnote,1
force,1
foreach,1
forEach,1
foreign_key,2
forever,2
forever-monitor,1
forge,1
fork,4
forkpty,1
form,17
form-component,1
form-data,2
form-library,1
form-management,1
form-rendering,1
form-validation,3
format,17
formate,1
formatted,2
formatter,8
formatting,16
formdata,1
formidable,1
formik,1
forms,11
forward,1
forwarded,1
foundation,1
fp,4
fps,1
fraction,1
framer,2
framework,248
Framework,3
framework7,2
frameworks,4
free,1
freebsd,1
freeze,3
fresh,4
friendly,1
frisbee,1
from,3
front,1
front end,1
front matter,1
front-backend,1
front-end,69
Front-end,5
front-matter,1
frontend,266
frontmatter,1
frp,1
FRP,1
fs,26
fs-extra,1
fs.js,1
fs.watch,1
fsa,2
fsevents,3
fsstats,1
ftp,2
fulfilled,1
full,3
full-stack,2
full-width,2
fullstack,4
fullwidth,2
fully-typed,1
function,8
Function URL,1
Function.prototype.name,1
functional,13
functional program,1
functional-reactive-programming,1
functions,3
fund,1
fusion,1
fusion design,1
future,4
futures,2
fuzz,1
fuzzer,1
fuzzy,3
g2,1
galileo,1
galileo-io,1
gallery,8
gateway,2
gatsby,1
gauge,1
gcm,2
gdata,1
gdpr,1
generate,21
generated,3
generation,1
generator,83
generators,3
generics,2
geo,1
geocoder,1
geocoding,1
Gesture,1
gestures,2
get,6
get size,1
get-tsconfig,1
getmac,1
getopt,2
getter,1
gettext,1
gfm,6
gh,1
gh-pages,3
gherkin,2
ghost,2
ghost production,1
gif,8
gis,1
git,23
git-gateway,2
git2,1
gitfund,1
githook,1
github,16
gitignore,3
gitlab,7
glacier,1
glamor,1
glb,2
glob,18
glob2regx,1
global,6
globalization,3
globally,1
globals,3
globbing,5
globs,3
globstar,2
glossary,1
gm,1
gmll,1
goat,1
google,7
google api,1
google apis,1
google authenticator,1
google docs,1
google drive,2
google fonts,2
google sheets,1
google spreadsheets,1
google translate,1
google translate api,1
googleapis,1
got,3
govuk,1
GP2D120XJ00F,1
GP2Y0A02YK0F,1
GP2Y0A21YK,1
GP2Y0A41SK0F,1
gpio,1
gpm,1
gpt-4,1
gpt4,1
gpu,2
gql,2
graceful,5
graceful-shutdown,1
gradient,1
gradients,1
gradients css,1
gradients css3,2
grammy,1
graph,4
graph algorithms,1
graph representation,1
graph structure,1
graph theory,1
Graph Theory,1
graphic,3
graphic card,1
graphic controller,1
graphical user interface,1
graphics,6
graphicsmagick,1
graphiql,1
graphql,11
graphqL,1
graphQL,1
GraphQL,1
graphql-js,1
graphql-markdown,2
graphql-schema,2
graphs,1
gray,2
green,1
grey,1
grid,7
grid-layout,1
gridly,1
grommet,1
grommet.io,1
grommetux,1
group,1
groupBy,1
grow,1
growl,3
grunt,11
grunt-contrib-connect,1
gruntplugin,40
guarapi,1
gui,2
GUI,2
guid,4
guides,3
gulp,41
gulp-clean-css,1
gulp-filter,1
gulp-minify-css,1
gulp-plugin,4
gulp-usemin,1
gulp-util,1
gulp-version,1
gulpfriendly,15
gulpgit,1
gulpplugin,102
gutenberg,1
GY-521,1
GY521,1
gyp,2
gz,1
gzip,7
hack,1
hacks,1
hallmark,1
haml,1
hammer,1
hammerjs,1
handlebars,4
handlebars-helper-rel,1
handlebars-helper-slugify,1
handler,3
handlers,1
handling,1
Handling,1
hanko,1
hapi,2
happiness,2
happy,2
hardhat,1
hardlinks,2
hardware,2
harmonies,1
harmony,7
harness,1
has,4
has-own,1
hash,7
Hash,1
hashing,2
hashtag,1
hasOwn,2
hasOwnProperty,1
hast,21
hast-util,16
HD44780,1
head,1
header,4
header-case,1
headers,2
heading,3
headless,8
headless-chrome,2
headless-cms,1
headless-components,5
heap,2
heap data structure,1
heap sort,1
heapify,1
heapify down,1
heapify up,1
heic,2
heif,1
height,2
helper,5
helpers,2
helpful,2
heredoc,1
heroku,1
hex,4
hexo,1
hg,1
hidden,1
hide,1
high performance,1
High Torque,1
higher order component,1
higher-order,1
highlight,5
hint,7
histogram,1
history,5
Hitec HS-35HD,1
Hitec HS-422,1
Hitec HS-425BB,1
Hitec HS-625MG,1
Hitec HS-646WP,1
Hitec HS-755HB,1
Hitec HS-805BB,1
Hitec HS-85MG,1
hmac,1
HMAC,1
hmac256,1
hmac512,1
HMC5883L,1
HMC6352,1
hmr,7
Hobby Motor,1
hoc,2
home,4
homedir,2
homework,1
hono,3
hook,3
hookform,1
hooks,15
hosting,1
hot,5
hot module replacement,1
hot reload,1
hot-reloading,1
hotp,1
hotreload,1
how-to,1
HRLV-MaxSonar-EZ0,1
hrtime,1
hsl,2
hsla,1
hsv,1
HT16K33,1
htm,1
html,186
HTML,1
html entities,1
html entities decode,1
html entities encode,1
html parser,1
html report,1
html serializer,1
html-dom-parser,1
html-elements,1
html-react-parser,1
html-to-pdf,1
html-validate,1
html-webpack-plugin,1
html2js,1
html4,1
html5,38
html5 parser,1
htmlmin,3
htmlparser,2
htmlparser2,1
htmlserializer,1
http,70
HTTP,2
http mock,1
http-api,1
http-server,4
http-shutdown,1
http-terminate,1
http2,4
httpclient,1
https,22
https imports,1
https-server,1
HttpStatus,1
HTU21D,1
hue,1
hugo,1
hugs,1
human,4
human-friendly,1
humanize,2
humanized,2
hwb,2
HyBi,1
hybrid,6
hyper,6
hyperlink,1
hyperscript,2
hyphen,2
hyphenate,1
i18n,8
i18next,3
i2c,1
iam,1
iana,1
ibac,1
ibm,1
ibm_db,1
ibyar,1
icc,1
icns,2
ico,2
icon,13
Icon,1
icon pack,1
icons,9
Icons,1
iconv,2
ics,1
icss,1
icu,1
id,4
IDE,1
identifier,2
identifiers,1
identify,2
identity,2
ideogram,1
ideograms,1
idle,6
idn,1
idna,1
ie,3
IE,1
if,1
iface,1
ifconfig,1
ifdef,1
ifndef,1
iframe,1
ig,1
ignore,2
image,31
image editing,1
image manipulation,1
image optimization,1
image processing,1
image size,1
Image slider,1
image-cropping,1
image-edit,1
image-gallery,1
image-generation,1
image-processing,1
image-set,1
image-viewer,1
image-viewing,1
imagemagick,1
imagemin,1
imageminplugin,1
images,6
imap,1
img,6
imgpen,1
immer,2
immersive,4
immobiliare,1
immobiliarelabs,1
immutability,1
immutable,6
implementation,2
import,16
import maps,1
importexport,1
imports,1
in,1
in data structure,3
in data structures,3
in javascript,1
in react,1
in web,1
in-js,1
in-memory,2
in-memory cache,1
include,3
includes,2
increase key,1
increment,1
incremental,1
incremental compilation,1
indd,1
indent,5
indentation,1
indents,1
indeterminate,1
index,4
index.js,1
indexeddb,1
indicator,5
infer,2
inference,3
inference system,1
inferno,4
infinite,2
inflate,2
inflection,2
inflection-js,1
inflections,1
inflector,1
info,3
information,2
Infrared Proximity Sensor,1
Infrared Sensor,1
infrastructure,1
inherit,1
inheritance,1
inherits,1
init,1
inject,4
injection,6
inline,7
inline-style,1
inline-style-parser,1
inline-styles,1
innertext,1
inno,1
InnoDB memcached API,1
innosetup,1
input,30
input field,1
input-validation,1
inquire,7
inquirer,8
insertion,2
inspect,6
inspector,2
instagram,1
install,8
installed,1
installer,6
instances,1
instances-management,1
instant,3
instrumentation,2
Int16Array,1
Int32Array,1
int64,1
Int8Array,1
integration,12
integrations,1
integrity,1
intel edison,1
intel galileo,1
intellisense,1
inter,2
Inter,1
inter-element,1
interact,2
interaction,1
interactive,6
interactive-form,1
intercept,1
interface,11
interfaces,5
intermediate,1
internal,2
international,1
internationalization,6
internet,1
interpolate,1
interpolation,2
interpreter,1
interrupt,1
interrupts,1
intersection,1
interval,1
intl,2
intlayer,2
intlify,1
introspection,1
introspection-query,1
invalid,1
invalidate,1
invariant,2
inverse,2
inversion of control container,1
invert,1
inview,1
invoke,1
io,1
io-ts,1
ioc,1
IoC,1
ionic,8
ionic framework,2
ionicframework,2
ios,34
iOS,2
iot,3
ip,1
ipconfig,1
iphone,1
irregular,1
is,11
is-absolute,1
is-object,2
isabsolute,1
isarray,1
isConcatSpreadable,1
isempty,1
isequal,2
isequalwith,1
isfunction,1
ISL29125,1
iso,1
iso-codes,1
iso-countries,1
iso-country-codes,1
iso-country-names,1
iso-country-telephone-codes,1
iso-country-telephone-prefixes,1
isobject,2
isolation,1
isomorphic,3
isomorphic javascript,1
isomorphic typescript,1
isplainobject,1
isstring,1
issues,1
istanbul,5
it,1
italic,1
item,2
iterable,2
iterate,1
iteration,3
iterative,2
iterator,3
Iterator,1
iterators,1
iterm,8
iterm2,1
itwcw-package-analytics,1
itwin,1
itwinui,1
iview,1
j2c,1
jade,4
jake,2
jam,1
jamstack,7
JAMStack,1
japanese,3
jar,2
jarmods,1
jaro-winkler distance,1
jasmine,14
java,2
java edition,1
java script,3
java.util,3
javascript,158
Javascript,1
JavaScript,6
javascript rule engine,1
JavaScript Standard Style,4
jekyll,3
jest,24
Jest,11
jest-mock,1
JHD1313M1,1
jinja,1
jinja2,1
jls,1
jmp,1
JMX,1
job,7
job queue,1
job scheduling,1
jobs,1
jodit,2
johnny-five,1
joi,2
join,2
Joystick,2
jp2,2
jpeg,9
jpg,7
jpm,1
jpx,1
jquery,31
jQuery,3
jQuery extend,1
jquery-plugin,2
js,32
JS,1
JS code coverage,1
JS coverage,1
js qr code,1
js rule engine,1
js version,1
js version check,1
js version matching,1
js-cookie,1
js-png,1
js2xml,2
jscheck,1
jscs,8
JSDA,1
jsdiff,2
jsdoc,18
JSDoc,4
jsdoc2md,1
jsdoc3,4
JsDocs,1
jsdom,8
jsftp,1
jshint,9
jsi,1
jslint,3
jsmin,1
jsnext,2
json,68
JSON,7
JSON Body Parser,1
json schema,1
json to html,1
json-2-csv,1
json-api,3
json-schema,4
JSON-Schema,5
json-schema-validation,1
json-schema-validator,2
json:api,2
json2csv,1
json2xml,2
json2yaml,1
json5,4
jsonc,2
JSONC,1
jsonforms,8
jsonpath,1
jsonrpc,6
jsonschema,11
jsp,1
jsparticles,30
jsverify,1
jsx,11
JSX,1
jsxstyle,1
junit,2
jwt,7
jxl,2
jxr,1
k8s,1
kanban,1
kangax,1
karma,11
karma-adapter,3
karma-launcher,9
karma-plugin,20
karma-preprocessor,4
karma-reporter,2
karma-rollup,1
katex,1
kebab-case,1
keep process alive,1
key,6
key value store,1
key-value,2
keyboard,3
keyboard navigation,1
keyboardevent,1
keyboards,1
keychain,1
keycode,1
keydown,1
keymetrics,2
keyname,1
keypress,2
keys,5
keyup,1
keyword,1
kill,2
kind,2
kind-of,2
kindlegen,1
kindof,1
kinesis,1
kisses,1
kit,3
kitten,1
klass,1
kleur,1
koa,11
koajs,1
korean,3
kraken,1
ktx,1
kubernetes,2
kuler,1
ky,2
l10n,5
lab,2
label,1
labs,1
lad,2
lambda,5
Lambda,3
Lancaster stemmer,1
language,7
language agnostic,1
laravel,1
lass,2
last,1
latest,2
latex,2
launch,4
launch-image,1
launcher,1
lavalink,1
lavalink client,1
layout,13
lazy,3
lazy load,1
lb,1
LCD1602,1
LCD2004,1
lch,1
LCM1602,1
lcov,1
Leaflet,1
leak,1
learning,1
LED,1
left,1
leftpad,1
legend,1
length,1
lenient,1
lerna,2
lernajs,1
less,13
less compiler,1
less css,2
less mixins,2
less.js,3
lesscss,2
let,2
level,3
leveldb,3
leven,1
levenshtein,1
levenshtein distance,1
lexer,2
libgit2,1
libnpm,4
libnpmexec,1
libphonenumber,1
libpq,1
library,25
libsass,3
libvips,1
libzmq,1
LIDAR-Lite v2,1
lifecycle,1
lifo,1
LIFO,1
lightbox,6
lighter,1
lightness,1
lightweight,6
like,2
limit,3
limited,3
line,10
line by line,1
line-by-line,1
linewrap,1
link,8
linked list,1
links,2
LINQ,1
lint,37
Lint,2
linter,17
linux,6
liquid,1
list,9
listen,1
listener,3
listeners,2
lister,1
listr,2
listr2,2
lists,1
listview,1
litcoffee,1
lite,1
litecoin,1
literal,1
literate,1
live,3
live reload,1
livelocationtracking,1
livereload,6
livestream,1
livestreaming,1
llm,1
llms,1
lnk,1
lo,1
lo-dash,1
load,5
load balancer,1
load-balancer,1
loadbalancing,1
loader,12
loading,6
local,9
locale,2
localhost,1
localization,4
localized,1
locally,1
localstorage,1
localStorage,1
localtunnel,1
location,2
lock,4
lockfile,4
lockfile check,1
lockfile lint,1
lodash,6
lodash-modularized,23
log,30
log-rotate,1
log4j,2
logger,13
logging,24
logical cores,1
logistic regression,1
loglevel,1
logo,1
logrotate,1
logs,2
loki,1
long,1
look,5
look-up,4
lookahead,1
lookaround,1
lookbehind,1
loop,3
LoopBack,1
low-code,1
low-level,1
lowercase,1
lr-blocks,1
lru,3
lru-cache,1
ltr,1
Lucide,1
Ludus Protoshield,1
Ludus Protoshield Wireless,1
lunr,1
LV-MaxSonar-EZ0,1
LV-MaxSonar-EZ3,1
lws,3
lws-middleware,1
lz,1
lz4,1
lzh,1
m4a,1
m4b,1
m4p,1
m4v,1
mac,3
Mac,1
mac notification,1
mac os x 10.8,1
mac-address,1
machine,1
macho,1
macos,1
macOS,1
MacOS,1
mad science,1
magenta,1
magic,1
"magic, self-described javaScript objects",1
magick,1
magmastream,1
mail,2
mailchimp,1
mailgun,1
maintenance,1
make,7
make dir,2
make-synchronized,1
make-synchronous,1
makefile,1
manage,1
manage-mongo,1
management,11
manager,8
mandrill,1
manifest,3
manipulate,1
manipulation,2
mantine,1
map,12
Map,2
map-workspaces,1
mapbox,1
mapboxgl,1
mapping,2
mapquest,1
mapreduce,1
maps,2
Maps,1
mariadb,1
MariaDB,2
mark,2
markdown,77
Markdown,3
markdown parser,1
markdown-documentation,1
markdown-it,4
markdown-it-plugin,4
markdown-to-pdf,1
markdownlint,2
markup,3
mask,2
master,1
match,18
matchAll,1
matchdep,1
matcher,4
matchers,1
matches,4
matching,2
matchMedia,1
material,6
material design,11
material-3,1
material-design,3
material-ui,7
math,3
mathematics,1
mathml,1
matrix,2
matter,1
mavericks,1
maxheap,1
maximum entropy modelling,1
maybe,1
mBaaS,2
mc,1
mc-mod,1
mc-mods,1
mcp,1
MCP,1
MCP23008,1
MCP23017,1
MCP9808,1
md,12
md5,3
MD5,1
md5sum,1
mdast,10
mdast-util,2
mdc,1
mdn,1
mdx,5
MDX,1
measure,3
media,2
media queries,1
media query,2
mediaquery,1
mediation,1
Mehdi Salartayefeh,1
membase,1
members,1
memcache,1
memcached,3
memfs,1
memoization,1
memoize,2
memory,10
memory-fs,1
mention,1
menu,13
meow,1
mercurial,1
merge,15
merge refs,1
mermaid,2
mermaidjs,1
mersenne,1
message,4
messagebus,1
messages,2
messaging,2
meta,1
meta application,1
meta applications,1
meta data,1
metadata,4
metakey,1
metal,1
Metal Gear,1
metalsmith,1
metaphone,1
meteor,1
method,1
method-documentation,1
methods,2
metric,1
metrics,2
mice,1
micro,4
micro frontend,1
micro library,1
micro service,1
micro services,2
micro-backend,1
micro-service,1
micro-services,1
microcomponentization,1
microfrontend,1
microfrontends,2
micromark,3
micromark-extension,1
micromatch,1
microservice,6
microservices,6
microsoft,2
Microsoft,2
mid,1
middleware,26
Middleware,3
Middy,1
mie,1
migrate,1
migration,1
migrations,2
milliseconds,1
mime,5
mime-db,1
mimetypes,1
min,6
min heap,2
Min Heap,1
min heap data structure,1
min priority queue,1
min-heap,1
minecraft,1
minification,8
minifier,12
minify,36
minify-css,1
minimal,2
minimalist,1
minimalistic,1
minimatch,5
minimist,2
minimize,4
minimizer,1
minimum,1
ministructure,1
mirror,2
missing,1
MIT,2
mix,1
mixed,1
mixin,3
mixins,2
mj2,1
MJKDZ,1
mkdir,4
mkdirp,2
mkdirs,2
mkv,1
MMA7361,1
MMA7660,1
MMA8462Q,1
mobi,1
mobile,84
Mobile,2
mobile testing,1
mobile-development,2
mobile-first,3
mobilegrade,1
mobservable,2
mobx,2
mocha,28
mock,27
mockAjax,1
mocking,5
mockJSON,1
mocks,4
mocks-and-spies,1
mod,1
mod_proxy,1
modal,8
model,5
modelcontextprotocol,1
modem,1
modern,2
modern.js,2
modification,1
modified,1
modpack,1
modpack-api,1
mods,1
modular,2
modular development,1
module,26
module.exports,1
modules,26
Modulo,1
moj,1
moment,4
monaco,1
monaco-editor,1
monads,1
money,1
mongo,8
mongodb,14
MongoDB,1
mongoid,1
mongoose,3
monitor,6
monitoring,6
monk,1
monorepo,4
Monorepo,15
Montgomery,1
moonmail,1
motion,1
mount,2
mountain lion,1
mounting,1
mouse,4
mouse wheel,1
mov,1
move,4
mozilla,2
mp1,1
mp2,1
mp3,1
mp4,1
mpc,1
mpg,1
MPL115A2,1
MPL3115A2,1
MPR121,1
MPR121QR2,1
MPU-6050,1
MPU6050,1
mqtt,1
mru,1
ms,1
mse,1
msi,1
msmc,1
msnodesql,1
msnodesqlv8,1
mssql,4
MSSQL,1
mstile,1
mtime,2
mts,1
mui,10
mui-x,1
multi,4
multi-line string,1
multi-package,3
multi-store cache,1
multiline,2
multimatch,1
multipart,5
multiple,1
multiple selection,1
multiple-cucumber-html-reporter,1
multiselect,3
music,1
music bot,1
mustache,5
mutable,1
MUXSHIELD2,1
mvc,5
mvp,1
mxf,1
mysql,10
MySQL,2
n-api,1
n1ed,1
nacl,1
name,11
names,4
namespace,1
nan,1
nano,2
napi,1
native,20
native file system,1
nativescript,1
natural,1
natural language processing,1
navigation,1
nbt,1
ncp,1
near,1
near social,1
nef,1
negate,1
negation,1
negative,1
negative zero,1
negotiation,2
nes,1
nest,5
Nest,10
nested,4
nested css,2
nestings,1
nestjs,9
net,5
netbsd,1
netlify,6
netlify-cms,5
netstats,1
network,9
network connections,1
network interfaces,1
network stats,1
NetworkConnection,1
networking,1
NetworkMonitor,1
new-line,1
newer,3
newline,1
newman,2
next,24
next.js,6
Next.js,1
nextauth,1
nextjs,24
nfl,1
ng,2
ng-annotate,1
ng-doc,3
ng-sortable,1
ngn,1
ngram,1
ngrok,1
ngx-particles,22
nightmare,1
nightwatch,1
nightwatchjs,1
ninja,1
nitro,2
nlcst,1
nlp,1
nMemcached,1
no,1
no-code,1
node,60
Node,13
node cron,1
node degree,1
node modules,1
node security,1
node_modules,2
node-addon,1
node-addon-api,1
node-cache,1
node-config,1
node-cron,1
node-dir,1
node-fetch,1
node-gyp,1
node-monitor,2
node-mssql,1
node-novel,1
node-pm2,1
node-png,1
node-sqlserver,1
node-tds,1
node-webkit,1
node.js,21
Node.js,5
node.js monitoring,1
nodebots,1
nodejs,31
nodemailer,2
Nodemailer,1
nodemon,2
nodeops,1
nodesecurity,2
nodeunit,2
nolang,1
nolangjs,1
non-repeating,1
nope,2
nopt,1
normalisation,1
normalization,2
normalize,6
normalizer,2
normalizes,1
noscript,1
nosql,8
NoSQL,1
notation,2
notification,6
notification center,1
notification-manager,1
notification-system,1
notifications,3
notifier,1
notify,4
notify-osd,1
notify-send,3
noun,1
nouns,1
novel,1
npm,45
npm qr JavaScript,1
npm upgrade,1
npm-cli,1
npm-package-json-lint,1
npm-scripts,2
npmcli,5
npmignore,2
npmjs,1
npmrc,2
nprogress,1
nsis,1
nsp,1
nth,1
nth-child,1
nuke,1
nuke-cli,1
number,7
number-format,1
numbers,1
numeral,1
numeric,2
nunjucks,2
nuxt,2
nuxt-ui,1
nvm,2
nvmrc,1
NXT,1
nyc,1
OA41SK,1
oai,3
oas,4
oauth,9
oauth2,5
obj,5
object,22
Object,1
object equal,1
object relational mapper,1
object-assign,1
object-oriented,1
object.assign,1
Object.assign,2
Object.entries,1
Object.fromEntries,1
Object.keys,3
Object.values,2
objects,1
observable,2
Observable,3
observables,1
Observables,1
observe,1
observer,3
oclif,6
oclif-plugin,1
octokit,1
odg,1
odm,2
odp,1
ods,2
odt,1
of,1
OFB,1
office,2
official,2
offline,1
offline-search,1
offscreen,1
oga,1
ogg,1
ogm,1
ogv,1
ogx,1
oidc,2
olson,1
omit,2
omnibox,1
√∏mq,1
on,2
once,4
onclick,1
onclickoutside,1
one,2
one time password,1
one-time-password,1
oneline,1
onesy,1
oop,1
OOP,3
opacity,2
open,5
open api,1
open source,3
open-source,1
openai,2
openapi,15
OpenAPI,4
openapi document,3
openapi explorer,1
openapi initiative,3
openapi renderer,1
openapi spec,3
openapi specification,3
OpenAPI Specification,3
openapi themes,1
openapi ui,1
openapi viewer,1
openapi-specification,1
openbsd,1
opencv,1
opener,4
openpty,1
opens,3
openshift,1
opensourcesoftware,2
opentelemetry,1
opentiny,5
opera,1
Opera,1
operating-system,1
operational transformation,11
opfs,1
opposite,1
ops,1
opt,1
optimisation,6
optimise,13
optimist,2
optimization,3
optimize,16
optimizer,6
option,12
option parser,1
option parsing,1
options,5
optparse,1
opts,2
opus,1
oracle,3
oracledb,1
orange sms,1
orbit,1
orchestrator,1
order,4
ordered,1
ordering property,1
ordinalize,2
orf,1
organize,1
organize-imports,1
origin-agent-cluster,1
orm,9
ORM,1
os,6
OS X,1
os-detection,1
os-homedir,1
osx,3
ot,11
otel,1
otf,1
otg,1
otp,3
ots,1
ott,1
otterhttp,4
out,1
outdated,1
output,2
outside,1
overflow,3
overlay,1
overlay-trigger,1
overlayscrollbars,1
override,1
overwrite,1
own,1
p2p,1
pack,4
package,20
package manager,2
package-manager,1
package.json,7
packager,3
packages,4
packaging,1
packer,3
pact,1
pact-js,1
pad,4
padding,2
page,4
pagefind,1
painless,3
pandoc,1
pane,1
para,2
parallax,1
parallel,12
PARALLEL,1
param,1
param-case,1
parameter,1
params,2
parcel,1
parent,7
parents,6
parquet,1
parse,45
parse csv,1
parse5,2
parseopt,1
parser,87
parsing,14
part-of-speech tagger,1
partials,1
particle,31
particleground,22
particles,30
particles-bg,22
particles-bg-vue,22
particles-js,30
particles-ts,30
particles.js,30
particles.ts,30
particlesjs,22
pascal-case,2
pascalcase,1
passcode,1
passkey,1
passport,6
passthrough,1
password,7
passwordless,1
paste,1
pasteboard,1
patch,3
path,29
path of exile,1
path of exile api,1
path of exile economy,1
path of exile ninja,1
path-ext,1
paths,2
pattern,10
patternlab,1
patterns,6
payload,1
payment processing,1
pbcopy,1
pbkdf2,1
PBKDF2,1
PCA9685,1
pcap,1
pcduino,1
PCF8574,1
PCF8574A,1
PCF8574AT,1
PCF8574T,1
PCF8575,1
PCF8591,1
pdf,9
pdf generator,1
pdf writer,1
pdf-generation,1
peer-to-peer,1
peers,1
pen,1
percentage,1
perf,2
perfect-scroll,1
performance,17
performance budget,1
performance monitoring,1
performant,2
period,1
permissions,1
persist,1
persistent,3
pg,4
pgp,1
phantom,2
phantomjs,6
phone,6
phone-codes,1
phone-prefixes,1
phonebook,1
phonegap,4
phonegap build,1
phonegap/build,1
phonetic,1
photo,3
photon,1
photoshop,1
PHP,1
phpmyadmin,1
physical cores,1
pi,1
pic,2
pick,1
picker,4
pico,1
picomatch,1
picture,3
pie,1
pigna,1
pin,1
pi√±a,1
pinch,1
pinch-to-zoom,1
pinia,2
pino,1
pipe,5
pipeline,4
pipelining,1
PIR Motion Sensor,1
pixel,1
pixman,1
pkcs,1
pkg,3
pki,1
plain,3
plasmo,1
plate,2
platform,2
Platform,1
player,1
playwright,4
plist,1
Plug & Play,1
plugabble,1
plugin,68
plugins,2
plugnplay,3
plunder,1
plural,3
pluralize,4
plurals,2
pm,1
pm2,1
pm2-docker,1
pm2.io,1
png,16
PNG,1
png-js,1
png-parse,1
pngjs,1
pngquant,1
pnp,3
pnpm,1
pnpm10,1
pnpm9,1
poe,1
poe economy,1
poe economy api,1
poe.ninja,1
poe.ninja api,1
poe.watch api,1
point-free,1
pointer,1
pojo,3
policy,4
polished,1
polka,1
poly1305,1
polyfill,17
ponyfill,7
pool,1
pooling,2
popmotion,1
popover,4
popperjs,2
popup,5
port,2
portable,3
Porter stemmer,1
portfinder,1
ports,2
pose,2
position,1
positioning,2
positive,1
posix,1
post,2
postcss,60
postcss-plugin,45
postcss-runner,5
postcss-selector-parser,1
postcss-syntax,3
postcss.config.js,1
postcssrc,1
postgre,2
postgres,10
Postgres,1
postgresql,9
PostgreSQL,2
posthtml,1
posthtml-plugin,1
postinstall,1
postman,4
postmark,1
postproccessor,2
pothos,1
potm,1
potx,1
pouchdb,1
power-assert,1
ppsm,1
ppsx,1
pptm,1
pptx,1
pre-commit,2
preact,27
preactjs,22
precache,1
precision,1
precommit,2
precompile,2
predictable,1
prefer,1
preferences,1
preferred,1
prefix,4
prefixes,2
prepare,1
prepend,1
preprocess,3
preprocessor,16
prepublish,1
preserve-symlinks,1
preset,3
prettier,12
prettier-plugin,1
prettify,3
pretty,12
pretty output,1
pretty-format,1
pretty-printing,1
pretty-quick,1
preview,3
preview jest,1
print,1
printer,1
priority,2
priority q,1
priority queue,1
Priority Queue,1
priority-based,1
priority-based processing,1
priority-queue,1
priorityQ,1
priorityqueue,2
prism,1
prisma,2
Prisma,1
Prisma CLI,1
prisma2,1
private,4
private data,1
privoxy,1
prng,1
probe,1
probes,1
process,20
process configuration,1
process manager,1
processes,2
processing instruction,1
processor,2
product,1
production,1
productivity,9
profile,1
profiler,3
profiling,3
programmatic,4
Programming,1
programming language,1
progress,12
progress bar,2
progressbar,1
progressindicator,1
progressive,2
progressive web app,4
prollyfill,1
prometheus,1
promise,36
Promise,1
promise-polyfill,1
promised,1
promises,19
promises-a,2
promises-aplus,6
Promises/A+,1
promisify,4
prompt,17
promptly,7
prompts,9
prop,5
properties,8
property,9
property-based testing,1
proposal,1
props,1
propTypes,1
protobuf,1
protocol,5
protocol-buffers,2
prototype,2
protractor,2
provider,1
proxies,1
proxy,8
proxy-addr,1
prune,1
ps,1
ps1,1
psd,2
pseudo,1
pseudos,1
pseudoterminal,1
pst,1
pty,2
pub/sub,2
public,1
publish,12
publish/subscribe,1
pubsub,3
pug,3
punycode,1
puppeteer,6
pure,2
purge,1
purify,2
push,8
Push,2
push notifications,1
pushalert,1
put,1
pwa,5
pwa-assets,1
Python collections,3
pyyaml,1
q,2
QA,1
qcp,1
qooxdoo,1
qr,2
qr code,1
qrcode,10
qs,3
QTOUCH,1
quadgram,1
quadrocopter,1
quality,9
quasar,1
queries,2
query,14
query language,1
query string,1
querybuilder,1
queryselector,1
querystring,7
question,8
questionnaire,1
queue,7
queue js,1
queue priority,1
queueMicrotask,2
quick,1
quickapp,1
quickcheck,1
quicklook,1
quill,1
quit,1
qunit,11
qunit-plugin,1
quote,2
Rabbit,1
RabbitMQ,1
race,1
rack,2
radix-ui,2
raf,1
rag,1
rake,1
ram,1
ramda,3
raml,1
random,11
range,4
rangeerror,1
rapid,1
rapid-development,1
rapidoc,1
rar,1
raspberry,1
raspberry pi,2
raspberrypi,1
raspi,1
raspi-io,1
raster,1
rate,3
rate-limit,1
ratelimit,3
raven,1
raw,3
razor,1
rbac,1
rc,1
rc2,1
RC4,1
rdbms,2
rds,1
re,1
react,385
React,10
react animation,1
react components,1
react dropdown,1
react framework,1
react hooks,1
react native,4
react pose,2
react scroll,3
react scroll lock,3
react select,1
react server components,1
react-addon,2
react-button,1
react-color,1
react-component,186
react-components,1
react-dom,4
react-helmet,1
react-hook-form,1
react-hooks,4
react-icon,1
react-input,1
react-native,22
react-native toast,1
react-native-component,9
react-native-notification,1
react-native-toastify,1
react-native-web,2
react-overlay-trigger,1
react-particles,22
react-particles-js,22
react-particles.js,22
react-popper,1
react-property,1
react-redux,1
react-refresh,2
react-router,1
react-router-dom,1
react-slider,1
react-storybook,1
react-tap-event-plugin,1
react-testing,1
react-testing-library,1
react-three-fiber,1
react-toastify,2
react-tooltip,1
react-ui,7
react-utils,1
react.js,6
React.js,2
reactive,4
Reactive,1
reactive html attributes,1
ReactiveExtensions,1
ReactiveX,1
reactjs,38
reactor,1
reactstrap,1
read,9
readable,7
readablestream,2
reader,1
readFileSync,1
reading,1
readline,10
readme,7
readmeio,1
ready,1
ready-player-me,1
real time,2
real-time,11
realtime,12
recognition,1
recoil,1
recommended,1
recurrent,1
recursive,12
recursively,1
red,2
RedBoard,1
redbox,1
redirect,2
redis,8
redoc,1
redshift,1
reduce,2
reducer,3
redux,14
redux-form,1
redux-logger,1
redux-middleware,1
redux-toolkit,2
refactoring,1
reference,8
referrer-policy,1
reflect,1
Reflect.getPrototypeOf,1
refresh,2
reg,1
regenerator,1
regex,10
regexp,9
RegExp#flags,1
registry,5
regular,3
regular expression,1
regular expressions,1
regular-expression,1
rehype,15
rehype-plugin,10
relative,3
relay,1
release,3
release-it,1
releases,1
reload,6
reloading,1
remark,17
remark-plugin,5
remarkable,3
remarkableplugin,1
Remix,1
remote,4
remote control,2
remote-config,1
removal,1
remove,15
remove duplicates,1
rename,1
render,10
render props,1
renderengine,8
renderer,5
rendering,1
renderless-components,5
renderToString,2
reorder,2
repeat,1
repl,2
replace,6
replacement,3
replay,1
repo,2
report,4
reporter,10
reporting,2
repository,4
req,5
reql,1
request,23
request monitoring,1
requestAnimationFrame,1
requests,2
require,24
res,8
reset,1
resize,5
ResizeObserver,2
resolution,3
resolve,12
resolved,1
resolver,2
resources,1
respond,1
response,2
responsive,15
rest,25
REST,6
rest-api,1
rest-client,1
restangular,1
restart,3
restful,14
restify,1
result,1
resumable uploads,1
rete,1
retext,2
retina,4
retries,1
retry,2
return,1
reusable,1
reuse,1
rev,2
reverse,2
revision,2
revving,1
rework,1
rewrite,2
rewriting,2
RFC 3986,1
RFC 6570,1
RFC-6455,3
RFC2965,1
RFC3986,1
rfc4122,3
RFC6265,1
rfc6266,1
RFC6570,1
rfc7231,1
rfc9562,1
RFID,1
rgb,13
RGB LED,1
rgba,1
rgv,1
rich editor,3
rich text,16
rich text editor,3
rich-text,2
rich-text-editor,1
richtext,4
rimraf,3
ring,1
riot.js,1
riotjs,1
rm,7
rm -fr,2
rm -rf,2
rmdir,3
rmrf,3
robot,1
robotics,2
robotjs,1
roboto,1
Roboto,1
robust,1
rolldown,1
rollup,17
rollup-plugin,15
rollup-plugin-typescript,1
rollup-plugin-typescript2,1
root,3
rotate,2
route,4
route53,1
router,19
routes,1
routing,6
rows,2
rpc,3
RPC,1
rpi,2
rpm,1
rsa,1
rss,1
rte,3
rtf,1
rtl,1
rtlcss,1
ruby,1
rule,5
rule engine,1
rules,7
rules engine,1
run,5
run series,1
runner,22
runtime,7
runtime types,1
rust,2
rw2,1
rwd,2
Rx,3
RxJS,3
s,1
S,1
s3,9
s3m,1
safari,2
Safari,1
Safari Tech Preview,1
SafariTechPreview,1
safe,7
safe-buffer,1
saga,1
sails,1
sails.js,2
sailsjs,1
salsa20,1
sameValueZero,1
sample,1
samsung-internet,1
sandboxed,3
sanitisation,3
sanitise,1
sanitization,6
sanitize,10
sanitizer,2
sanity,1
sass,31
saturation,1
sauce,1
saucelabs,4
sav,1
save,1
saveas,1
say,1
scaffold,14
scaffolder,6
scaffolding,11
scalable,5
scalable vector graphics,1
scalable-vector-graphics,1
scale,4
scan,2
scanner,1
schedule,3
scheduler,4
schema,27
schema-form,1
schema-validation,1
schemas,1
schematics,1
scheme,2
scheme-validation,1
scope,1
scrape,1
scraper,3
scraping,2
screen,3
screen reader tags,1
screenbuffer,1
screengrab,2
screenplay,2
screenplay-pattern,2
screenshot,5
screenshots,2
script,4
scripts,3
scroll,7
scrollback,1
scrollbar,3
scrollbars,1
scrolling,2
scss,21
scxml,1
sdk,5
SDK,3
seamless integration,1
search,13
searching,2
searchparams,1
secp256k1,1
secure,2
security,14
seed,1
segment,1
select,6
selectall,1
selection,1
selector,7
selectors,6
selenium,12
selenium-webdriver,1
self hosted,2
self-closing,1
semantic,1
semicolon,1
semistandard,1
semver,3
send,2
send-file,2
sendfile,1
sendgrid,1
sensor,1
sentiment,1
sentiment analysis,2
sentinel,1
sentry,1
separate,2
separated,2
separator,2
seperator,1
sequence,4
sequential,3
serenity,2
serenity-js,2
serial,5
serial port,1
serialise,1
serialization,4
serialize,11
serializer,5
serialport,2
series,2
serve,1
server,39
server side rendering,1
server-side,4
serverless,4
Serverless,3
serverless plugins,1
serverless.com,1
service,8
service worker,1
services,2
serviceworker,1
Servo,1
ses,1
session,3
sessionStorage,1
set,4
Set,2
set-cookie,1
setImmediate,2
setPrototypeOf,1
setter,1
settimeout,1
settings,4
setup,4
sftp,2
sh,2
SHA-1,1
SHA-256,1
sha1,3
SHA1,1
sha256,2
SHA256,1
sha384,1
sha512,2
shadcn,2
shadow dom,3
shadow root,2
shadowdom,1
shallow,2
shallow rendering,4
shallowequal,1
shallowRender,4
sham,2
sharable codes,1
share,1
sharedarraybuffer,1
sharpen,1
shebang,3
sheets,1
shell,33
shelljs,2
shift,1
Shift Register,1
Shift Register 8-Bit SN74HC595,1
shiki,2
shim,14
short,1
shorten,1
shortid,1
shot,1
should,3
shouldComponentUpdate,1
shouldjs,1
show,2
shp,1
shrinkwrap,2
shuffle,1
shuruhatik,1
shutdown,3
si,1
SI7020,1
side,1
side effects,1
side-by-side,1
sidecar,1
sigint,1
sigle page,1
sign,1
signal,4
signatures,1
signed,1
sigterm,2
similar,2
similarity,1
simple,14
simple qr,1
simple qrcode,1
simple-routing,1
simpledb,1
simplehttpserver,1
simplify,1
simultaneous,1
sinatra,4
single,4
singleline,1
singular,3
singularize,3
sinon,3
site,4
size,7
size-limit,1
sizzle,1
skapi,1
skeleton,2
sketch,1
skia,1
skin fix,1
skp,1
slash,2
slashes,1
slate,2
slc,1
sleep,1
slice,4
slick,2
slide,2
slider,9
slideshow,6
slimerjs,1
slow,1
slowest functions,1
slug,3
slugify,2
slush,1
smart,1
smart cdn,1
smart-contracts,1
smart-tv,1
smarttv,1
smiley,1
smileys,1
smilies,1
sms,1
sms gateway,1
snackbar,2
snap,1
SnapScanner,1
snapshot,7
snazzy standard,1
sniff,1
snippets,1
snowflake,1
sns,3
soa,1
soap,2
social,2
socket,3
socket type,1
socket.io,2
sockets,1
soft,1
software quality,1
sol,1
solid,6
solidjs,1
some,1
sonarjs,1
sort,6
sortable,2
sortablejs,1
sorted,3
sorter,1
sorting,3
source,5
source control,1
source map,1
source maps,3
source-map,4
source-maps,2
sourcemap,5
sourceMappingURL,1
sourcemaps,3
spa,2
space,3
spacing,1
spark,1
spark core,1
spark-io,1
SparkFun Essential Sensor Kit,1
SparkFun Sensor Kit,1
sparkline,1
sparse graph,1
spawn,7
spawnSync,1
spec,9
speccer,1
special,1
specification,5
specifications,4
specificity,1
specs,4
spectacular,1
speed,5
Speed controller,1
spell,1
spell checker,1
spelling,1
spelling checker,1
spider,1
spies,2
spinner,5
spinners,3
splash screen,1
splash-screen,1
splashscreen,1
split,3
spreadsheet,4
spreadsheets,1
spring,3
sprite,6
sprites,1
spritesheet,4
spritesmith,2
sprity,1
spx,1
spy,6
sql,5
SQL,1
SQL Server,1
sqlite,8
SQLite,2
sqlite3,3
sqlserver,4
SQLServer,1
sqs,2
squid,1
src,1
sri,1
sri generator,1
sri hash,1
sri string,1
ssg,1
ssh,4
ssh2,1
ssl,1
ssr,1
ssr react framework,1
ssr svelte framework,1
ssr vue framework,1
sss,1
st,1
st.db,1
stability,1
stable,2
stack,4
stacktrace,1
staged,1
stages,2
stall,1
standard,11
standard pretty,1
standard style,4
standard-schema,1
star,1
start,4
starter,2
startup,2
stat,4
state,9
state machine,1
state management,1
statechart,1
stateful,1
stateless,1
states,1
static,11
static analysis,1
static site,4
static site generator,5
static-site,2
static-site-generator,2
statistics,2
stats,1
statsd,2
status,4
std,1
stderr,1
stdin,11
stdio,2
stdlib,4
stdout,11
stemmer,1
stencil,1
sticker sheets,1
stl,4
STL,3
stop,1
storage,10
storagegateway,1
store,11
stories,1
storybook,6
Storybook,1
storybook-addon,2
storybook-addons,1
storybookjs,1
str,1
strapi,1
strategy,2
stream,35
Stream,2
streamify,1
streaming,6
streams,10
Streams,2
streams2,2
strftime,1
stri,1
strict,3
strict-transport-security,1
strikethrough,2
string,45
string convert,1
string distance,1
string manipulation,1
string.js,1
stringifier,6
stringify,21
stringjs,1
strings,2
strip,9
stripe,1
strong-agent,1
strong-cli,1
strong-cluster-control,1
strong-pm,2
strong-supervisor,1
strongloop,1
StrongLoop,2
strongly connected components,1
strongops,1
structure,8
structuredClone,1
structures,3
stt,1
stub,8
stubs,2
style,37
style checker,4
style dictionary,1
style guide,4
style linter,4
style-to-js,1
style-to-object,1
styleable,1
styled,1
styled-components,4
styleguide,6
stylehacks,1
stylelint,6
stylelint-config,1
stylelint-plugin,3
styles,19
stylesheet,8
StyleSheet,2
stylesheets,2
styling,3
stylish,2
stylish for standard,1
stylish formatter,1
stylish reporter,1
stylish standard,1
stylus,6
subdir,1
sublime,1
sublime text,1
subprocess,2
subresource integrity,1
subscribe,3
subset,1
substitution,1
subsystem,1
sudo,1
sugarss,2
suggestions,1
sunburst,1
super,1
superagent,4
Supernova,3
Supernovaio,3
superset,1
superstruct,2
supertest,1
supervisor,3
supervisord,1
support,3
supports,1
survey,1
survey-library,1
survey-renderer,2
surveyjs,1
svelte,22
svelte framework,1
sveltejs,1
sveltekit,3
svg,33
SVG,2
svginjector,1
svgo,3
svgr,2
svn,1
sw-precache,1
swagger,17
Swagger,3
swagger themes,1
swagger ui,1
swagger UI,1
swagger-autogen,2
swagger-documentation,1
swagger-nestjs,1
swagger-templates,1
swagger-themes,1
swagger-ui-express,1
swap,2
swarm,1
swc,2
Swc,1
swcpack,1
swf,2
swift,1
swipe,3
swipe-actions,1
swipe-to-delete,1
swipeable,1
swiper,1
switch,2
switcher,1
swr,1
sylk,1
symbiote,1
symbiote.js,2
symbol,3
Symbol,2
Symbol.toStringTag,1
symbols,4
symlinks,1
sync,5
sync-exec,1
sync-rpc,1
sync-threads,1
synchronization,1
synchronize,1
synchronous,4
synckit,1
syntax,23
syntax highlighting,2
syntax-highlight,2
syntax-highlighting,2
syntaxerror,1
sys,1
sysadmin,3
sysinfo,1
system,2
system information,1
System.Collections.Generic,3
tab,2
table,13
table of contents,1
table-of-contents,1
tableize,2
tables,2
tablet,6
tabs,1
tabular,4
tacit,2
tag,8
tagfilter,1
tagged,1
tagname,1
tags,3
tailwind,7
tailwind angular,1
tailwind astro,2
tailwind component,1
tailwind components,1
tailwind css,3
tailwind css plugin,1
tailwind django,1
tailwind elements,1
tailwind flask,1
tailwind laravel,2
tailwind library,1
tailwind next,2
tailwind nuxt,2
tailwind plugin,1
tailwind rails,1
tailwind react,2
tailwind ruby on rails,1
tailwind sections,1
tailwind svelte,2
tailwind ui,1
tailwind vue,2
tailwindcss,3
take,1
talk,1
tanstack,1
tap,19
tape,10
TapEventPlugin,1
tapjs,1
tapjs plugin,1
tappable,1
tar,5
tar.bz,1
tar.gz,2
tarball,2
target,1
task,14
task graph,1
task queue,1
tasklist,4
tasks,4
tc39,1
tcp,4
tdd,21
TDD,2
tdesign,1
tdl,1
tdlib,2
tds,1
teaching,2
tedious,1
telegraf,1
telegram,3
telegram-api,1
telegram-client-api,1
telemetry,2
telephone,3
telephone-codes,1
telephone-prefixes,1
temp,3
tempdir,3
Temperature,1
tempfile,3
template,32
template literal,1
template string,1
template-expression,1
template-syntax,1
templatecache,1
templates,12
templating,9
temporary,3
term,12
termcap,1
terminal,48
terminal-emulator,1
terminal-notifier,1
terminate,1
terminfo,1
ternary,1
terser,4
tessel 2,1
test,92
test automation,4
test double,1
test ecmascript version,1
test js version,1
test report,1
test utils,4
test-runner,1
TestBed,1
testcontainers,2
tester,1
testing,110
Testing,6
testing-library,2
testops,1
testrunner,1
tests,11
tex,1
text,42
text processing,1
textarea,2
textbuffer,1
TextToSpeech,1
tf-idf,1
tga,1
tglib,1
theme,7
theming,1
then,4
thenable,2
thenify,2
thread,1
thread pool,1
threads,2
three,3
three.js,1
threejs,1
threshold,1
throat,2
throttle,5
through,1
Thumb Joystick,1
thumbnail,1
thunk,2
tick,1
tidev,1
tif,1
tiff,2
tilde,2
tildify,1
time,15
timeout,4
timepicker,1
timer,1
timestamp,2
timezone,1
TINKERKIT,1
tinper,1
tinper-bee,1
tiny,4
tinycolor,1
tinyhttp,15
tinyid,1
tinylibs,1
tinymce,2
tiptap,1
titanium,1
titanium-sdk,1
title,1
titleize,2
tls,1
tmp,2
TMP36,1
tmpdir,4
tmpfile,3
to,1
toast,3
toaster,1
toastify,1
toastify-react-native,1
toc,1
tocbot,1
toggle,5
tojson,1
token,2
tokenize,1
tokenizer,4
tokens,4
Tokens,3
toml,3
tomtom,1
toobject,1
tool,20
toolchain,1
tooling,1
toolkit,13
tools,10
tooltip,5
topologic,1
topological,1
topt,1
torrent,1
toSorted,1
tostring,1
tostringtag,1
touch,16
touchscreen,1
tput,1
trace,1
traceur,1
tracing,1
trackpad,1
trailing,1
transactions,1
transfer,4
transform,19
transformation,3
transformation api,1
transformations,2
transformer,4
transforming,1
transforms,1
transition,3
transition-group,1
transitiongroup,1
transitions,1
translate,2
translate api,1
translation,3
transparency,1
transpilation,2
transpile,7
transpiler,10
transport,4
trash,2
traversal,3
traverse,3
tree,10
treemap,2
trees,1
trigram,1
trim,5
trimRight,1
tRPC,1
true,1
true color,1
truecolor,1
truncate,1
ts,20
TS,1
ts-lint,1
ts-loader,3
tsc,3
Tsc,1
tsconfig,1
tsconfig.json,1
tsd,2
tsdoc,1
TSDoc,3
TSL2561,1
tslib,2
tslint,2
tsparticles,30
tsparticles-plugin,18
tsparticles-shape,8
tsv,2
TSX,1
ttc,1
ttf,1
ttl,3
tts,1
tty,24
tui,1
tunnel,1
tunneling,1
turbo,1
tus,1
tutor,1
tutorial,1
tv4,1
tvOS,1
tween,1
twig,1
twitch,1
twitter,3
Twitter,1
two,1
typanion,1
type,16
type script,3
type-check,1
type-is,1
type-safe,2
typeahead,1
TypeBox,2
typecheck,1
typed,4
typed array,1
typed-api,1
TypedArray,2
typedefinitions,1
typedefs,1
typedoc,3
typedoc-plugin,2
typedoc-theme,1
typedocplugin,2
typeerror,1
typeface,2
typeof,4
typeorm,5
types,16
typesafe,1
typeschema,1
typescript,165
Typescript,1
TypeScript,14
typescript packager,1
typescript runner,1
typescript-framework,3
typescript-loader,1
typings,6
typography,2
tz,1
ua,1
ua-parse,1
ua-parser,1
ua-parser-js,1
UART,1
uc-blocks,1
uc-browser,1
ucloud,1
uglifier,3
uglify,10
uglify-es,4
uglify-js,4
ui,192
UI,2
ui component,1
ui components,1
ui kit,1
ui library,2
ui toolkit,1
ui-component,1
ui-framework,1
ui-kit,11
ui-router,1
uid,2
uikit,6
Uint16Array,1
Uint32Array,1
uint8array,2
Uint8ClampedArray,1
uischema,8
uiw,6
uiw-react,6
ulpoad,1
Ultrasonic Range Finder,1
umd,1
UMD,3
umi,3
uncache,2
uncached,2
uncompress,1
uncountable,1
uncss,1
underline,1
underscore,6
Underscore,1
undici,1
unescape,3
unexpand,1
unflatten,1
unicode,22
unicorn,1
unified,23
unified resource identifier,1
unified resource locator,1
uninitialized,1
uninstall,2
uniq,1
unique,2
unique id,1
unist,18
unist-util,2
unit,23
unit test,1
unit testing,3
Unit Testing,1
unit-testing,2
unittest,2
universal,3
universal javascript,1
universal typescript,1
unix,5
Unleash,1
unlink,2
unreferenced,1
unrequire,1
unresolved,1
unsign,1
unsplash,1
unstyled,1
untildify,1
unused,5
unweighted,1
Unweighted,1
unzip,5
up,4
update,4
updated,1
updater,2
updates,1
updating,1
upgrade,1
upload,9
upload api client,1
uploadcare,2
uploader,1
uploads,1
upstart,1
uri,4
uri manipulation,1
uri mutation,1
uri template,1
urix,1
url,30
URL,2
url manipulation,1
url mutation,1
url template,1
urlencoded,2
urlify,1
urllib,1
urlopen,1
urls,4
URLSearchParams,2
urn,1
usability,1
usage,1
usb,2
useIntersectionObserver,1
useInView,1
usemin,2
user,4
user agent,1
user experience,1
user interface,4
user interfaces,4
user-agent,3
user-streams,1
useragent,3
useRef,1
username,1
userprofile,1
users,1
utf-8,3
utf8,4
util,49
util.inspect,2
utilities,10
utility,39
utils,13
uuid,6
ux,2
ux bootstrap,1
v8,2
valid,1
validate,18
validation,22
validator,11
value,11
values,4
vanilla,5
vanilla-js,3
vanillajs,1
var,3
variable,5
variables,8
variables in css,1
vars,4
vary,1
vcf,1
vcs,2
vdom,6
vector,7
vectorstore,1
vendor,2
verb,2
vercel,5
vercel-ai,1
verify,7
version,14
versioning,2
versions,1
vertex,1
Vertex,1
vest,2
via,1
viable,1
vibe-coding,1
video,2
view,9
View360,1
viewer,2
viewer.js,1
viewerjs,1
viewport,2
views,2
vimeo,1
vine,1
vinyl,6
vinyl-adapter,1
vinyl-zip,1
vips,1
vir,2
virtual,7
virtual box,1
virtual dom,2
virtual-core,1
virtual-reality,1
virtualbox,1
virtualized,2
vision,1
visionOS,1
visit,1
visual,3
visual regression,4
visual testing,2
visual-model,1
visualization,7
visualizer,1
vite,10
vite plugin,1
vite-plugin,4
vite-plugin-api,1
vite-plugin-rest-api,1
vitepress,1
vitest,5
vitest eslint plugin,1
VKEY,1
vm,1
vnode,1
voc,1
voice,1
voice chat,1
VoiceRecognition,1
void,3
volume,1
vpc,1
vsce,1
vscode,2
vsdx,1
vt100,2
vtree,1
vtt,1
vue,86
Vue,1
vue 3,2
vue 3.x,2
vue component,1
vue framework,1
vue-components,6
vue-draggable,1
vue-draggable-next,1
vue-next,1
vue-particles,22
vue-perfect-scroll,1
vue-plugin,1
vue-scroll,1
vue-scrollbar,1
vue.js,4
vue.js component,1
vue3,15
vueComponent,1
vuejs,25
vuepress,9
vuex,2
vulkan,1
w3c,16
waapi,2
waf,2
wai-aria,1
WAI-ARIA,1
wait,13
waits,1
wakelock,1
walk,9
walker,1
walking,5
walkSync,1
wallet,6
walletconnect,6
warning,4
warnings,1
wasm,1
watch,13
watcher,2
watchfile,1
watchFile,1
watching,2
waterline,1
wav,1
WCAG 2.1,1
wcswidth,1
wcwidth,1
wdio,1
wdio-reporter,1
weakmap,1
WeakMap,2
WeakSet,2
Weather Shield Arduino,1
Weather Shield Photon,1
web,92
Web,13
web component,2
Web Component,1
web components,6
web development,1
web framework,19
web publishing,4
web torrent,1
web worker,1
web-api,1
web-based,1
web-component,1
web-components,6
web-design,30
web-development,1
web-framework,1
web3,128
webapp,6
webassembly,1
webaudio,1
webauthn,1
webcam,1
webcomponents,2
webdesign,30
webdriver,12
webdriverio,2
webdriverjs,7
webext,1
webextension,1
webfs,1
webgl,2
webgl2,1
webgpu,1
webhook,1
webkit,3
webm,1
webOS,4
webp,4
webpack,56
webpack-loader,3
webpack-plugin,4
webrtc,2
webRTC,1
webrtc data,1
webserver,2
website,12
websites,2
websocket,9
WebSocket,1
websockets,5
WebSockets,2
websql,1
webtorrent,1
webxr,1
wechat,1
weighted,1
Weighted,1
weighted digraph,1
weixin,1
weui,1
wget,5
WhatsappShare,1
whatwg,10
WHATWG,1
when,1
which,1
white,1
white-space,1
whitelist,2
whitespace,1
widget,4
widgets,3
width,5
wifi,1
wifinetworks,1
wildcard,4
wildcards,1
win32,1
window,3
windowed,1
windows,12
Windows,2
windows 8 notification,1
windows notification,1
winston,5
winston3,1
withastro,2
wizard,1
woff,1
woff2,1
wooorm,1
word,5
word-wrap,1
wordbreak,1
Wordnet,1
wordpress,1
WordPress,1
words,3
wordwrap,2
work,1
workbox,1
workboxjs,1
worker,5
worker threads,1
workers,2
workflow,2
workshop,1
workspace,2
workspace:*,1
workspaces,2
world-countries,1
world-country-codes,1
world-country-flags,1
world-country-names,1
world-country-telephone-codes,1
world-country-telephone-prefixes,1
world-iso-codes,1
world-iso-country-codes,1
world-iso-country-names,1
wrap,7
wrapper,5
writable,2
write,5
writeFile,1
writer,1
ws,2
wsl,1
wv,1
www,1
wysisyg,1
wysiwyg,17
WYSIWYG,2
wysiwyg editor,1
wysiwyg html editor,1
WYSIWYW,2
x-content-type-options,1
x-dns-prefetch-control,1
x-download-options,1
x-forwarded-for,1
x-frame-options,1
x-permitted-cross-domain-policies,1
x-powered-by,1
x-xss-protection,1
x.509,1
x2js,1
x509,1
xast,1
xcf,1
xclip,1
xdg,4
xdg-open,3
xhr,12
xhr2,1
xhtml,1
xls,2
xlsb,1
xlsm,2
xlsx,3
xltm,1
xltx,1
xm,1
xml,15
XML,1
xml2js,2
xml2json,2
xmlbuilder,1
xmlhttprequest,3
XMLSerializer,1
xo,4
xoxo,2
xparticles,30
xpath,1
xpi,1
xray,1
xsel,1
xss,6
xtend,1
xterm,14
xyz,1
xz,1
yaml,10
YAML,1
yaml-config,1
yaml2json,1
yandex,3
yargs,1
yarn,6
yarn to npm,1
yarnrc,1
yazl,1
yazul,1
yellow,1
yeoman,14
yeoman-generator,3
yes,1
yfm,4
yield,1
yml,2
yn,1
yo,8
yonode,1
youtube,2
youtube-iframe,1
yui,1
yup,2
Z,1
z-index,1
zarm,1
zarm-mobile,1
zarm-ui,1
zeit,1
zepto,1
zero,1
zero-knowledge,1
zeromq,1
zip,11
zlib,3
zmq,1
zod,4
zone,1
zoom,3
zoomable,2
zoroaster,1
zsh,8
zst,1
zstandard,1
zstd,1
zuul,1
zx,1
ÊªöÂä®Êù°,1

